# LightGBM-rs device-primitive BITONIC ARGSORT golden set (Phase 14, 14-02,
# ODL-01 / D-03). VERBATIM BitonicArgSortDevice (single-block,
# cuda_algorithms.hpp) + BitonicArgSortGlobal (multi-block,
# cuda_algorithms.cu), commit 195c26fc / 4.6.0.99, gfx1100. Index-only:
# the permutation is compared BIT-EXACT. At least one case is TIE-RICH so
# the C++ comparator/tie-order convention is locked (Pitfall 5). keys are
# f64 raw u64 bits; perm is the resulting index array. MASTER_SEED-derived.
MASTER_SEED 233250021
ARGSORT name=block_n7 scope=block order=asc dtype=f64 n=7 keys=4653147277987151872;4562877131565853311;4621542650544128000;4595912424615313408;4653763740011855872;4562740475464660288;4624463657802137600 perm=5;1;3;2;6;0;4
ARGSORT name=block_n7 scope=block order=desc dtype=f64 n=7 keys=4653147277987151872;4562877131565853311;4621542650544128000;4595912424615313408;4653763740011855872;4562740475464660288;4624463657802137600 perm=4;0;6;2;3;1;5
ARGSORT name=block_n64 scope=block order=asc dtype=f64 n=64 keys=4654547571543375872;4563060231038203593;4622134711785881600;4597001765760532480;4655514878709071872;4563637536215437148;4623792612111810560;4594779790199750656;4653388333026639872;4564054541393433985;4620518618671611904;4595533367981637632;4652733618949455872;4564486605482684842;4623550762503372800;4597989402080182272;4655037197815119872;4564875040950545547;4621623052331909120;4598156802725511168;4652172665082085376;4563432622432391791;4624406319988736000;4597155834827374592;4655737814355279872;4564948083707001963;4620724588123258880;4596098516958314496;4656230259199311872;4566608223119641412;4622264849294950400;4596035707356577792;4653597981117775872;4562844480468554875;4623286622014668800;4593963952571940864;4652813478497615872;4564590047536626008;4624188822844866560;4597409272257576960;4655736069524815872;4563773488629188395;4621829339611136000;4594538035080593408;4653500539047247872;4562952144647146701;4621482091505254400;4596888103746011136;4654641926606159872;4564017949646461600;4623988591469527040;4597095499126800384;4652170517598437376;4566675495639075258;4621883327350046720;4594736496929406976;4652915752406351872;4563040387052345492;4621377466101923840;4595712863254872064;4654282491530575872;4564711081776611590;4622650494408458240;4594183580019589120 perm=33;45;57;1;21;5;41;49;9;13;37;61;17;25;29;53;35;63;43;55;7;11;59;31;27;47;3;51;23;39;15;19;10;26;58;46;18;42;54;2;30;62;34;14;6;50;38;22;52;20;12;36;56;8;44;32;60;0;48;16;4;40;24;28
ARGSORT name=block_n64 scope=block order=desc dtype=f64 n=64 keys=4654547571543375872;4563060231038203593;4622134711785881600;4597001765760532480;4655514878709071872;4563637536215437148;4623792612111810560;4594779790199750656;4653388333026639872;4564054541393433985;4620518618671611904;4595533367981637632;4652733618949455872;4564486605482684842;4623550762503372800;4597989402080182272;4655037197815119872;4564875040950545547;4621623052331909120;4598156802725511168;4652172665082085376;4563432622432391791;4624406319988736000;4597155834827374592;4655737814355279872;4564948083707001963;4620724588123258880;4596098516958314496;4656230259199311872;4566608223119641412;4622264849294950400;4596035707356577792;4653597981117775872;4562844480468554875;4623286622014668800;4593963952571940864;4652813478497615872;4564590047536626008;4624188822844866560;4597409272257576960;4655736069524815872;4563773488629188395;4621829339611136000;4594538035080593408;4653500539047247872;4562952144647146701;4621482091505254400;4596888103746011136;4654641926606159872;4564017949646461600;4623988591469527040;4597095499126800384;4652170517598437376;4566675495639075258;4621883327350046720;4594736496929406976;4652915752406351872;4563040387052345492;4621377466101923840;4595712863254872064;4654282491530575872;4564711081776611590;4622650494408458240;4594183580019589120 perm=28;24;40;4;16;48;0;60;32;44;8;56;36;12;20;52;22;38;50;6;14;34;62;30;2;54;42;18;46;58;26;10;19;15;39;23;51;3;47;27;31;59;11;7;55;43;63;35;53;29;25;17;61;37;13;9;49;41;5;21;1;57;45;33
ARGSORT name=block_n300 scope=block order=asc dtype=f64 n=300 keys=4652822873738575872;4566365310214740116;4621779990436904960;4595593841121165312;4652997893655887872;4564889255436869436;4621643152778854400;4595229902772371456;4654643939872079872;4565402665794389672;4622235471718645760;4597869417873801216;4654157534825807872;4564774976596324909;4624183926582149120;4597462736010477568;4655026728832335872;4563389134548489994;4624343183969484800;4597909137731354624;4652523433987407872;4563646121202226823;4624586579766149120;4593863484696952832;4654131496586575872;4564434814086970081;4624235337340682240;4597142915565748224;4652067975254245376;4565401117682017763;4621461217964195840;4596140573278076928;4653983185997135872;4562570886791192117;4623659639924326400;4596868999731478528;4655904781208911872;4562995069581095076;4624575241052487680;4597011249048322048;4652422904909135872;4563078667649178141;4624174391754752000;4596564572449538048;4655091019124047872;4564379504254046438;4623715045002444800;4595535292126986240;4654654006201679872;4562313055712525156;4621342548017807360;4596701049330335744;4654119148555599872;4563104000397082100;4620880237738065920;4595425203525255168;4653999157906767872;4564420458863157838;4624259560956231680;4597054817196572672;4655696475295055872;4564255796001782104;4624477444647157760;4594350705787011072;4652242784718159872;4565773790551182672;4624414695174963200;4595018384222978048;4654773862632783872;4564284647186894946;4622404779329454080;4595760554571726848;4653582680296783872;4562466881787297530;4623663118847836160;4597422741275017216;4654488649960783872;4563107941046756049;4622689664510197760;4593682889912090624;4654185183677775872;4562420156941163561;4624197971125207040;4596330101594914816;4655718487002447872;4562381454131865846;4622350662741524480;4598057984117964800;4653730051362127872;4565204085198320304;4622744811890278400;4594366648705613824;4655433005894991872;4563769829454491157;4622702678261104640;4597020732336111616;4653760653004111872;4564922047271656227;4621645600910213120;4594026899612631040;4653840109899087872;4562606071163280949;4623551535597486080;4595743649580449792;4656035643493711872;4562315448249827197;4623051987951288320;4595984442626932736;4652736705957199872;4564607921197647135;4621610682826096640;4596734584434982912;4656480843697487872;4563034757552811278;4623120793327370240;4597403087504670720;4653859974122831872;4565702858857051587;4621584268777226240;4598146907120861184;4652336066039119872;4566668388395913314;4623096956258877440;4594752027531149312;4652839114083663872;4564132650699471192;4621917472340049920;4596594809019301888;4653700791897423872;4565104724531541443;4623507855780085760;4595627238786859008;4655139203288399872;4563336639465333457;4621657455019950080;4594471514627112960;4655495685573967872;4563677927874595127;4622579885146112000;4594545181906173952;4652421025860943872;4565610112852225426;4623092188845178880;4593756832069058560;4653406183984463872;4565787160612576428;4623100306333368320;4593771538037080064;4656076848336207872;4565763375977044378;4621723039170560000;4594328440676548608;4655426697661775872;4566463263506635424;4622388415504056320;4597128896792494080;4655997794094415872;4563227427174369722;4621569451140055040;4596776228437884928;4653824003771727872;4564493360882125898;4623379522157281280;4594796970068934656;4654109887532367872;4564936261757980115;4620920052084899840;4596210117388533760;4654273364725071872;4565302601440169034;4624597274234716160;4597652814083129344;4653928022510927872;4565150745690233635;4623415213335511040;4594082424949833728;4652219699268943872;4565390280895414403;4622792228329226240;4595049720304369664;4654509319490895872;4566718772416744522;4623797508374528000;4596498189435011072;4653218010729807872;4564434814086970081;4624024926892851200;4598163537234231296;4653200965078351872;4565854996081963696;4623216914695454720;4594512471435247616;4653692201962831872;4563565478621399220;4620972364786565120;4597772248533696512;4652787977129295872;4563558723221958165;4623425521257021440;4593966701351010304;4652480484314447872;4563631484503437869;4620899049694822400;4594092183115530240;4655445353925967872;4564571610925651460;4620971591692451840;4595784881266491392;4653582814514511872;4563474139991456612;4622963468675317760;4595088890406109184;4652292713712975872;4566082005650680840;4622505539262218240;4594285697162018816;4655717010607439872;4562808170196559200;4620856916065648640;4596774029414629376;4652531889704271872;4565287120316449948;4622085491460669440;4598010567679016960;4655066457279823872;4565104020844099666;4622330562294579200;4595027180316000256;4655408444050767872;4562275478803134284;4620704874223370240;4596510696379777024;4652427468311887872;4566636089142335767;4622279409234083840;4597418205789552640;4652961386433871872;4562909219713198326;4620279732590608384;4594686056833482752;4655958065646927872;4563975165450001580;4622270003255705600;4594496253638737920;4654761514601807872;4563259515321714737;4623099919786311680;4597586293629648896;4653140030229839872;4566095657187051307;4620331529896198144;4594130253705641984;4655476358221135872;4566324496343117071;4623955734969712640;4595211073635745792;4653110502329679872;4564975105304766186;4622943625926410240;4597301657557008384;4655210875555151872;4566463826456588845;4623288683598970880;4596849483400085504;4654226254302543872;4566146604157835936;4620373792374390784;4596415588623974400;4653459602640207872;4566117190022769672;4624573952562298880;4597866943972638720;4655608696900943872;4563911833580241683;4621478612581744640;4596130402795520000;4656254821043535872;4564850411890083365;4624500379772518400;4596029660042625024;4655494209178959872;4562669262295552492;4624285846156083200;4598157627359232000;4652525581471055872;4566750227245391938;4624053144827985920;4594320469217247232;4653983320214863872;4565961534360648680;4620130267728707584;4595069511513669632;4656430109396303872;4565360303810394718;4622707961070878720;4594745430461382656;4655789353962831872;4565522996346933478;4622233538983362560;4595632186589184000 perm=229;49;105;85;81;73;33;101;281;217;237;37;113;41;53;77;157;245;133;17;209;197;193;201;21;137;93;273;241;125;61;69;45;57;25;185;161;205;109;13;277;5;97;165;257;225;129;173;89;221;169;293;177;29;9;297;141;117;149;65;145;189;289;213;249;269;265;253;1;153;261;233;121;181;285;79;143;147;23;199;99;175;203;251;215;287;151;63;91;135;243;191;139;239;295;123;163;67;227;179;291;211;255;7;55;47;3;131;299;103;71;207;107;279;275;31;167;83;267;183;231;43;127;51;111;219;159;263;35;39;95;59;155;27;259;115;235;75;15;247;171;195;271;11;19;223;87;119;283;187;290;238;250;266;230;218;54;202;166;206;194;50;30;274;158;118;110;6;98;134;150;2;126;222;298;10;242;234;226;86;154;70;214;138;78;94;294;90;178;258;210;106;142;122;246;146;114;190;262;162;174;198;130;102;34;74;46;182;254;186;286;42;14;82;26;58;282;18;66;62;278;270;38;22;170;28;176;64;212;120;140;40;232;200;20;284;220;108;196;0;124;236;4;256;248;188;184;144;268;72;208;192;128;88;96;160;100;116;172;32;288;56;164;52;24;12;80;264;168;76;180;8;48;244;68;16;224;44;132;260;228;152;92;204;252;280;136;272;60;216;84;296;36;240;156;104;148;276;292;112
ARGSORT name=block_n300 scope=block order=desc dtype=f64 n=300 keys=4652822873738575872;4566365310214740116;4621779990436904960;4595593841121165312;4652997893655887872;4564889255436869436;4621643152778854400;4595229902772371456;4654643939872079872;4565402665794389672;4622235471718645760;4597869417873801216;4654157534825807872;4564774976596324909;4624183926582149120;4597462736010477568;4655026728832335872;4563389134548489994;4624343183969484800;4597909137731354624;4652523433987407872;4563646121202226823;4624586579766149120;4593863484696952832;4654131496586575872;4564434814086970081;4624235337340682240;4597142915565748224;4652067975254245376;4565401117682017763;4621461217964195840;4596140573278076928;4653983185997135872;4562570886791192117;4623659639924326400;4596868999731478528;4655904781208911872;4562995069581095076;4624575241052487680;4597011249048322048;4652422904909135872;4563078667649178141;4624174391754752000;4596564572449538048;4655091019124047872;4564379504254046438;4623715045002444800;4595535292126986240;4654654006201679872;4562313055712525156;4621342548017807360;4596701049330335744;4654119148555599872;4563104000397082100;4620880237738065920;4595425203525255168;4653999157906767872;4564420458863157838;4624259560956231680;4597054817196572672;4655696475295055872;4564255796001782104;4624477444647157760;4594350705787011072;4652242784718159872;4565773790551182672;4624414695174963200;4595018384222978048;4654773862632783872;4564284647186894946;4622404779329454080;4595760554571726848;4653582680296783872;4562466881787297530;4623663118847836160;4597422741275017216;4654488649960783872;4563107941046756049;4622689664510197760;4593682889912090624;4654185183677775872;4562420156941163561;4624197971125207040;4596330101594914816;4655718487002447872;4562381454131865846;4622350662741524480;4598057984117964800;4653730051362127872;4565204085198320304;4622744811890278400;4594366648705613824;4655433005894991872;4563769829454491157;4622702678261104640;4597020732336111616;4653760653004111872;4564922047271656227;4621645600910213120;4594026899612631040;4653840109899087872;4562606071163280949;4623551535597486080;4595743649580449792;4656035643493711872;4562315448249827197;4623051987951288320;4595984442626932736;4652736705957199872;4564607921197647135;4621610682826096640;4596734584434982912;4656480843697487872;4563034757552811278;4623120793327370240;4597403087504670720;4653859974122831872;4565702858857051587;4621584268777226240;4598146907120861184;4652336066039119872;4566668388395913314;4623096956258877440;4594752027531149312;4652839114083663872;4564132650699471192;4621917472340049920;4596594809019301888;4653700791897423872;4565104724531541443;4623507855780085760;4595627238786859008;4655139203288399872;4563336639465333457;4621657455019950080;4594471514627112960;4655495685573967872;4563677927874595127;4622579885146112000;4594545181906173952;4652421025860943872;4565610112852225426;4623092188845178880;4593756832069058560;4653406183984463872;4565787160612576428;4623100306333368320;4593771538037080064;4656076848336207872;4565763375977044378;4621723039170560000;4594328440676548608;4655426697661775872;4566463263506635424;4622388415504056320;4597128896792494080;4655997794094415872;4563227427174369722;4621569451140055040;4596776228437884928;4653824003771727872;4564493360882125898;4623379522157281280;4594796970068934656;4654109887532367872;4564936261757980115;4620920052084899840;4596210117388533760;4654273364725071872;4565302601440169034;4624597274234716160;4597652814083129344;4653928022510927872;4565150745690233635;4623415213335511040;4594082424949833728;4652219699268943872;4565390280895414403;4622792228329226240;4595049720304369664;4654509319490895872;4566718772416744522;4623797508374528000;4596498189435011072;4653218010729807872;4564434814086970081;4624024926892851200;4598163537234231296;4653200965078351872;4565854996081963696;4623216914695454720;4594512471435247616;4653692201962831872;4563565478621399220;4620972364786565120;4597772248533696512;4652787977129295872;4563558723221958165;4623425521257021440;4593966701351010304;4652480484314447872;4563631484503437869;4620899049694822400;4594092183115530240;4655445353925967872;4564571610925651460;4620971591692451840;4595784881266491392;4653582814514511872;4563474139991456612;4622963468675317760;4595088890406109184;4652292713712975872;4566082005650680840;4622505539262218240;4594285697162018816;4655717010607439872;4562808170196559200;4620856916065648640;4596774029414629376;4652531889704271872;4565287120316449948;4622085491460669440;4598010567679016960;4655066457279823872;4565104020844099666;4622330562294579200;4595027180316000256;4655408444050767872;4562275478803134284;4620704874223370240;4596510696379777024;4652427468311887872;4566636089142335767;4622279409234083840;4597418205789552640;4652961386433871872;4562909219713198326;4620279732590608384;4594686056833482752;4655958065646927872;4563975165450001580;4622270003255705600;4594496253638737920;4654761514601807872;4563259515321714737;4623099919786311680;4597586293629648896;4653140030229839872;4566095657187051307;4620331529896198144;4594130253705641984;4655476358221135872;4566324496343117071;4623955734969712640;4595211073635745792;4653110502329679872;4564975105304766186;4622943625926410240;4597301657557008384;4655210875555151872;4566463826456588845;4623288683598970880;4596849483400085504;4654226254302543872;4566146604157835936;4620373792374390784;4596415588623974400;4653459602640207872;4566117190022769672;4624573952562298880;4597866943972638720;4655608696900943872;4563911833580241683;4621478612581744640;4596130402795520000;4656254821043535872;4564850411890083365;4624500379772518400;4596029660042625024;4655494209178959872;4562669262295552492;4624285846156083200;4598157627359232000;4652525581471055872;4566750227245391938;4624053144827985920;4594320469217247232;4653983320214863872;4565961534360648680;4620130267728707584;4595069511513669632;4656430109396303872;4565360303810394718;4622707961070878720;4594745430461382656;4655789353962831872;4565522996346933478;4622233538983362560;4595632186589184000 perm=112;292;276;148;104;156;240;36;296;84;216;60;272;136;280;252;204;92;152;228;260;132;44;224;16;68;244;48;8;180;76;168;264;80;12;24;52;164;56;288;32;172;116;100;160;96;88;128;192;208;72;268;144;184;188;248;256;4;236;124;0;196;108;220;284;20;200;232;40;140;120;212;64;176;28;170;22;38;270;278;62;66;18;282;58;26;82;14;42;286;186;254;182;46;74;34;102;130;198;174;162;262;190;114;146;246;122;142;106;210;258;178;90;294;94;78;138;214;70;154;86;226;234;242;10;298;222;126;2;150;134;98;6;110;118;158;274;30;50;194;206;166;202;54;218;230;266;250;238;290;187;283;119;87;223;19;11;271;195;171;247;15;75;235;115;259;27;155;59;95;39;35;263;159;219;111;51;127;43;231;183;267;83;167;31;275;279;107;207;71;103;299;131;3;47;55;7;255;211;291;179;227;67;163;123;295;239;139;191;243;135;91;63;151;287;215;251;203;175;99;199;23;147;143;79;285;181;121;233;261;153;1;253;265;269;249;213;289;189;145;65;149;117;141;297;9;29;177;293;169;221;89;173;129;225;257;165;97;5;277;13;109;205;161;25;185;57;45;69;61;125;241;273;93;137;21;201;193;197;209;17;133;245;157;77;53;41;113;37;237;217;281;101;33;73;81;85;105;49;229
ARGSORT name=tie_rich_block scope=block order=asc dtype=f64 n=128 keys=0;4613937818241073152;4611686018427387904;4607182418800017408;0;4613937818241073152;4611686018427387904;4607182418800017408;0;4613937818241073152;4611686018427387904;4607182418800017408;0;4613937818241073152;4611686018427387904;4607182418800017408;0;4613937818241073152;4611686018427387904;4607182418800017408;0;4613937818241073152;4611686018427387904;4607182418800017408;0;4613937818241073152;4611686018427387904;4607182418800017408;0;4613937818241073152;4611686018427387904;4607182418800017408;0;4613937818241073152;4611686018427387904;4607182418800017408;0;4613937818241073152;4611686018427387904;4607182418800017408;0;4613937818241073152;4611686018427387904;4607182418800017408;0;4613937818241073152;4611686018427387904;4607182418800017408;0;4613937818241073152;4611686018427387904;4607182418800017408;0;4613937818241073152;4611686018427387904;4607182418800017408;0;4613937818241073152;4611686018427387904;4607182418800017408;0;4613937818241073152;4611686018427387904;4607182418800017408;0;4613937818241073152;4611686018427387904;4607182418800017408;0;4613937818241073152;4611686018427387904;4607182418800017408;0;4613937818241073152;4611686018427387904;4607182418800017408;0;4613937818241073152;4611686018427387904;4607182418800017408;0;4613937818241073152;4611686018427387904;4607182418800017408;0;4613937818241073152;4611686018427387904;4607182418800017408;0;4613937818241073152;4611686018427387904;4607182418800017408;0;4613937818241073152;4611686018427387904;4607182418800017408;0;4613937818241073152;4611686018427387904;4607182418800017408;0;4613937818241073152;4611686018427387904;4607182418800017408;0;4613937818241073152;4611686018427387904;4607182418800017408;0;4613937818241073152;4611686018427387904;4607182418800017408;0;4613937818241073152;4611686018427387904;4607182418800017408;0;4613937818241073152;4611686018427387904;4607182418800017408;0;4613937818241073152;4611686018427387904;4607182418800017408;0;4613937818241073152;4611686018427387904;4607182418800017408 perm=0;4;12;8;24;28;20;16;48;52;60;56;40;44;36;32;96;100;108;104;120;124;116;112;80;84;92;88;72;76;68;64;67;71;79;75;91;95;87;83;115;119;127;123;107;111;103;99;35;39;47;43;59;63;55;51;19;23;31;27;11;15;7;3;2;6;14;10;26;30;22;18;50;54;62;58;42;46;38;34;98;102;110;106;122;126;118;114;82;86;94;90;74;78;70;66;65;69;77;73;89;93;85;81;113;117;125;121;105;109;101;97;33;37;45;41;57;61;53;49;17;21;29;25;9;13;5;1
ARGSORT name=tie_rich_block scope=block order=desc dtype=f64 n=128 keys=0;4613937818241073152;4611686018427387904;4607182418800017408;0;4613937818241073152;4611686018427387904;4607182418800017408;0;4613937818241073152;4611686018427387904;4607182418800017408;0;4613937818241073152;4611686018427387904;4607182418800017408;0;4613937818241073152;4611686018427387904;4607182418800017408;0;4613937818241073152;4611686018427387904;4607182418800017408;0;4613937818241073152;4611686018427387904;4607182418800017408;0;4613937818241073152;4611686018427387904;4607182418800017408;0;4613937818241073152;4611686018427387904;4607182418800017408;0;4613937818241073152;4611686018427387904;4607182418800017408;0;4613937818241073152;4611686018427387904;4607182418800017408;0;4613937818241073152;4611686018427387904;4607182418800017408;0;4613937818241073152;4611686018427387904;4607182418800017408;0;4613937818241073152;4611686018427387904;4607182418800017408;0;4613937818241073152;4611686018427387904;4607182418800017408;0;4613937818241073152;4611686018427387904;4607182418800017408;0;4613937818241073152;4611686018427387904;4607182418800017408;0;4613937818241073152;4611686018427387904;4607182418800017408;0;4613937818241073152;4611686018427387904;4607182418800017408;0;4613937818241073152;4611686018427387904;4607182418800017408;0;4613937818241073152;4611686018427387904;4607182418800017408;0;4613937818241073152;4611686018427387904;4607182418800017408;0;4613937818241073152;4611686018427387904;4607182418800017408;0;4613937818241073152;4611686018427387904;4607182418800017408;0;4613937818241073152;4611686018427387904;4607182418800017408;0;4613937818241073152;4611686018427387904;4607182418800017408;0;4613937818241073152;4611686018427387904;4607182418800017408;0;4613937818241073152;4611686018427387904;4607182418800017408;0;4613937818241073152;4611686018427387904;4607182418800017408;0;4613937818241073152;4611686018427387904;4607182418800017408;0;4613937818241073152;4611686018427387904;4607182418800017408;0;4613937818241073152;4611686018427387904;4607182418800017408 perm=61;57;49;53;37;33;41;45;13;9;1;5;21;17;25;29;93;89;81;85;69;65;73;77;109;105;97;101;117;113;121;125;126;122;114;118;102;98;106;110;78;74;66;70;86;82;90;94;30;26;18;22;6;2;10;14;46;42;34;38;54;50;58;62;63;59;51;55;39;35;43;47;15;11;3;7;23;19;27;31;95;91;83;87;71;67;75;79;111;107;99;103;119;115;123;127;124;120;112;116;100;96;104;108;76;72;64;68;84;80;88;92;28;24;16;20;4;0;8;12;44;40;32;36;52;48;56;60
ARGSORT name=global_n1500 scope=global order=asc dtype=f64 n=1500 keys=4652525044600143872;4565349748498768069;4620748038644695040;4598061007774941184;4655822371523919872;4565109931818610590;4624075049161195520;4595693484362432512;4653249820331343872;4566757615963530592;4620556500283162624;4595869681100783616;4653678109101391872;4564149679935562187;4620276124818079744;4596662566423363584;4656147178425679872;4564945409694723211;4622959860902789120;4597350585824444416;4653800515669327872;4564246929540015719;4622726257631559680;4594424647943979008;4655961555307855872;4563318062116870554;4620731159423221760;4596171359603654656;4653584425127247872;4566467626368774439;4622957026224373760;4597288325978521600;4655623997721935872;4564566544376070668;4622823667489832960;4594593148100935680;4655586953629007872;4565257283968918618;4622116801772257280;4594289820330622976;4655806265396559872;4563789251227884192;4622891313224744960;4597278567812825088;4652684495261007872;4565158345514604823;4624122207902105600;4594036932656234496;4653271697821007872;4565317378876446343;4623106877633331200;4596091919888547840;4652811599449423872;4565246024969850192;4621616996428021760;4595998049083326464;4652419952119119872;4562537813481428615;4624133675464785920;4595431938033975296;4655321605180751872;4566622156130988589;4623943880859975680;4597821039362179072;4654842179456335872;4563834850174111318;4623542645015183360;4597032277208203264;4653735017418063872;4566074265088821297;4621784242454528000;4598147594315628544;4653272637345103872;4563190131739955561;4622673687231856640;4593768514380103680;4656080874868047872;4563569278533584814;4623573697628733440;4594924513417756672;4656329177664847872;4566123523209745662;4620829471224627200;4594991858504957952;4652461156961615872;4565135686778979615;4624363928661524480;4597225516376784896;4656076311465295872;4564905299510541943;4622136773370183680;4597817740827295744;4652983532358991872;4562688261856480461;4621128272099409920;4596541207827447808;4652764757462351872;4564496738581846426;4621297193163161600;4594444714031185920;4655326168583503872;4564579632962487714;4623844280568381440;4596614875106508800;4653182443031887872;4562374557994936435;4623113706631331840;4597487062705242112;4656282469895503872;4566200928828341093;4624355940022353920;4593739789638828032;4655810694581583872;4565247291607245390;4624019257536020480;4597753556836024320;4654509856361807872;4566674721582889304;4624345245553786880;4597587942897090560;4653573016620367872;4564268603113222439;4623160221127147520;4594083799339368448;4653278677142863872;4562637455623184187;4621082272999669760;4597995999149948928;4654176593743183872;4565588580016507060;4620812334305116160;4596163113266446336;4654424493886799872;4564709392926751326;4622730380800163840;4594802055310213120;4656471851109711872;4565566906443300340;4621020038923550720;4595811544423464960;4652301303647567872;4563730845170216731;4621430551897702400;4596156378757726208;4653202038820175872;4562877975990783443;4621568806894960640;4596821170975670272;4654121832910159872;4565802782473783870;4621272454151536640;4594314559342247936;4655742243540303872;4566005022244550476;4620845963899043840;4595251893004926976;4656318977117519872;4562911612250500366;4624045285037834240;4595474269231644672;4652866897153359872;4563840620411133887;4620266847688720384;4595757530914750464;4656089733238095872;4563482162028292866;4623431834858946560;4595567865158959104;4653082048171343872;4565462479226940686;4623756663235543040;4596386039248977920;4654144515706191872;4562977618132539015;4624536328648785920;4596588486827442176;4652158706438373376;4566122115834862109;4621369477462753280;4595897993525198848;4653057888980303872;4565228995733759197;4621189990779453440;4595893595478687744;4653624556227919872;4563962780551026311;4623613640824586240;4596580790246047744;4655618897448271872;4562259012516996710;4623923136167936000;4598027060353433600;4653620663913807872;4562900775463897006;4620803443722813440;4598057159484243968;4654386107616591872;4564834227078922502;4624604360930754560;4595015772882862080;4652745430109519872;4566285371321354289;4623910251266048000;4595595352949653504;4656426619735375872;4563842027786017440;4624412633590661120;4596206269097836544;4654256319073615872;4565945490286976172;4620757960019148800;4596435242394320896;4655277984419151872;4565455583090011275;4623809233635246080;4595050819815997440;4653653815692623872;4563519035250241962;4620883072416481280;4595581334176399360;4655688153795919872;4566345044016416948;4620954970169016320;4594439353912000512;4654625015172431872;4564111117863752827;4624396527463301120;4596631917536739328;4654373222714703872;4565783923650344256;4622792743725301760;4596004233836232704;4654199276539215872;4565342711624350302;4624622399793397760;4596579415856513024;4655960347348303872;4563919151929636160;4622354141665034240;4593927806127177728;4654294034255183872;4564843234278177243;4623403616923811840;4597632473118015488;4653747097013583872;4564653942356339327;4622508502789652480;4595770725054283776;4655666947394895872;4563133555269636719;4621073768964423680;4596519355033845760;4654439526272335872;4564694474752985662;4621713246645125120;4593762329627197440;4656266766421327872;4566508018027932418;4623318061175275520;4596310860141428736;4654513211805007872;4565655993273429263;4620875083777310720;4594636853688139776;4653981978037583872;4566754449370042597;4622702162865029120;4595723308615335936;4656156171013455872;4563110052109081379;4621766718987960320;4595426303036882944;4653788033420623872;4563004358255326528;4622421143154851840;4596437441417576448;4652425052392783872;4563301455093244625;4621221043393003520;4595282541891551232;4652903538593103872;4563571952545863565;4622049929131458560;4596905833371009024;4656382596320591872;4562972551582958223;4622214727026606080;4593788305589403648;4652335126515023872;4566735872021579694;4624404258404433920;4595167642926448640;4655467768286543872;4566080598275797287;4623840286248796160;4593772362670800896;4655228726512975872;4563528746136938480;4621291008410255360;4596167098996097024;4653827090779471872;4563621351404276286;4623944911652126720;4595116515635757056;4656423264292175872;4562923856411987280;4621479772222914560;4596553302455353344;4653072787148111872;4564181345870442136;4621769553666375680;4597570900466860032;4653996473552207872;4563294136743850148;4623786813905960960;4596503137237336064;4655031963323727872;4564539241303329735;4620482283248287744;4594561124824776704;4656411184696655872;4564088459128127619;4623936021069824000;4598031458399944704;4655699159649615872;4566382339450831110;4621899948873482240;4594017416324841472;4654477778324815872;4564188664219836613;4621419857429135360;4594295592766668800;4652383310679375872;4565353970623418729;4623850207623249920;4594168186856800256;4654889692532047872;4564790879932509061;4622138319558410240;4594927949391593472;4655252214615375872;4563159450967494099;4623865282958458880;4595361569289797632;4652152532422885376;4563065438325272740;4624148750799994880;4597325709373865984;4654897342942543872;4565836559470989148;4621293585390632960;4593872967984742400;4653487922580815872;4564262129188758094;4624527566915502080;4593968625496358912;4655868945075535872;4563579693107723108;4624265230313062400;4593727420133015552;4654864459599183872;4566145337520440738;4622008568596398080;4597752732202303488;4653036145708367872;4565902987565492863;4622777281843036160;4596002996885651456;4652872534297935872;4566488877729516094;4623844151719362560;4595264399949692928;4656326359092559872;4563018854216627126;4620886551339991040;4597142503248887808;4656103557664079872;4565957734448463086;4623110871952916480;4594632180763721728;4653891515288911872;4565612646127015821;4622460055558553600;4596271415161782272;4652748248681807872;4566378680276133872;4622459669011496960;4596815398539624448;4654439257836879872;4566220350601734128;4621147857150279680;4598012766702272512;4652927160913231872;4564399770452369605;4624087805214064640;4593915848938225664;4654797484952911872;4565169323038696538;4624132000427540480;4597287363905847296;4656255626349903872;4563595033493953839;4623933701787484160;4594510547289899008;4655856865480015872;4564236937178342490;4620988857460981760;4595639745731624960;4654592266046799872;4563512842800754328;4622759500678430720;4594940731214266368;4652033615515877376;4564921202846726095;4624326562446049280;4595045184818905088;4652379418365263872;4562557094517333295;4624568540903505920;4595638371342090240;4656469837843791872;4566680843663632761;4621758859197808640;4596221387382718464;4656199120686415872;4565482182475310432;4622355301306204160;4594932622316011520;4654480731114831872;4565359881597929652;4620764660168130560;4596939231036702720;4655530313747791872;4563216449650278007;4621854465169817600;4596369271696654336;4655604938804559872;4564985238403927769;4621772388344791040;4594837514560208896;4656284483161423872;4563414185821417243;4623070026813931520;4598013728774946816;4656309581876559872;4562510088196222616;4620798934007152640;4594741719609638912;4652768381341007872;4565668518909892887;4622913088708935680;4595266324095041536;4656025040293199872;4564377674666697818;4620370699997937664;4597967411847626752;4652422502255951872;4564393718740370326;4622063715976478720;4597187858103533568;4655495954009423872;4566375443313901699;4624525247633162240;4596128478650171392;4652146089971941376;4565541855170373091;4623387253098414080;4597788603769159680;4655132492401999872;4565741280191372591;4622948908736184320;4596468777498968064;4654419930484047872;4566427093972128105;4621906391324426240;4596858416932061184;4653359744650575872;4564045252719202534;4620427908962320384;4597656799812780032;4656500305268047872;4563220108824975245;4624329397124464640;4593773187304521728;4653766021713231872;4565460649639592067;4622456190087987200;4597102508513427456;4653528858987855872;4563052771951320760;4622133036748636160;4594814287377072128;4654656422120783872;4565811085985596834;4624042063812362240;4593773187304521728;4654294705343823872;4563843012948435927;4623757307480637440;4597967961603440640;4656200194428239872;4564676460354476180;4622118347960483840;4595511102871175168;4653233579986255872;4566399931636875526;4623466237546987520;4595740625923473408;4654383423262031872;4563662587488364397;4621739531844976640;4594827206638698496;4655165912616271872;4563471184504201151;4620876243418480640;4595987878600769536;4652553498758479872;4564673223392244007;4621965275326054400;4594233470359699456;4656056178806095872;4565683718558635262;4623593926924697600;4597707789664518144;4655372205264207872;4563567871158701261;4622720974821785600;4595546836999077888;4654557772090703872;4562920900924731818;4624523186048860160;4593855100920791040;4653972180143439872;4562268160453739807;4623214466564096000;4593697183563251712;4654760977730895872;4564098310752312492;4621391510644981760;4596674935929176064;4655094106131791872;4562416216291489612;4624575112203468800;4597556057059885056;4655748551773519872;4563152414093076333;4623611965787340800;4595480591423504384;4653048762174799872;4563645698989761757;4624048377414287360;4596722627246030848;4654343963249999872;4564981860704207241;4621144120528732160;4595497633853734912;4654456437706063872;4566464107931565556;4621856526754119680;4595864046103691264;4652258353974607872;4565270372555335664;4620910259559464960;4598160513577254912;4654607298432335872;4565911291077305828;4623837451570380800;4595011787153211392;4654441136885071872;4562593404789328970;4624101849757122560;4594920115371245568;4653404439153999872;4563665542975619859;4622973132351733760;4596879994847756288;4654237125938511872;4565911713289770893;4624595341499432960;4597080243402964992;4653714213670223872;4566314222506467132;4623139089888051200;4596169847775166464;4653726561701199872;4565171434101021868;4624258401315061760;4598079424594706432;4655319323479375872;4565177345075532792;4620571446769352704;4595894557551362048;4653280556191055872;4566469033743657992;4622921463895162880;4594321018973061120;4653269416119631872;4566754941951251841;4623698681177047040;4596683869461151744;4654309871947087872;4562651107159554654;4621017075396116480;4596994206618091520;4653824137989455872;4563853146047597511;4621394860719472640;4595094800281108480;4653216802770255872;4563867501271409754;4622218463648153600;4594356890539917312;4655211278208335872;4565085865708101829;4624226575607398400;4595433587301416960;4652940985339215872;4563559286171911586;4623412507506114560;4595082705653202944;4654773996850511872;4566526032426441900;4624565190829015040;4594556589339312128;4652513501875535872;4564399911189857960;4621559916312657920;4595046971525300224;4656117650525519872;4563285551757060473;4624620595907133440;4593691136249298944;4654203705724239872;4562731046052940481;4620420178021187584;4598155840652836864;4654265982750031872;4566338288616975893;4622190632260075520;4596748053452423168;4653074397760847872;4565279661229567115;4621206354604851200;4596643187530924032;4656002491714895872;4563896633931499307;4621744299258675200;4595121051121221632;4652923805470031872;4564369793367349920;4623859227054571520;4596402806801301504;4656230796070223872;4565799545511551697;4624394594728017920;4597523346588958720;4655841162005839872;4563864123571689226;4622606299194982400;4597286126955266048;4653917687745871872;4564888973961892725;4622092578156707840;4596773479658815488;4656158721150287872;4563598974143627788;4620476613891457024;4595915998028103680;4654841508367695872;4562951722434681635;4621377337252904960;4595128472824709120;4656395347004751872;4562266753078856254;4624173232113582080;4597509190376751104;4652351098424655872;4564376830241767686;4620669887419777024;4598090969466798080;4652412167490895872;4564909803110169313;4624518289786142720;4596173008871096320;4656502721187151872;4565204366673297015;4621415090015436800;4594705985481736192;4653754478988623872;4562744838326799303;4621285983298519040;4595734578609520640;4652828510883151872;4565230121633666040;4622159064250449920;4596404868385603584;4655613528739151872;4563714378884079157;4621076990189895680;4594540646420709376;4653463360736591872;4566276364122099548;4621305181802332160;4594783501051494400;4654770104536399872;4563088378535874658;4623177615744696320;4597280491958173696;4655913639578959872;4565851055432289747;4623916178320916480;4595942798624030720;4652342374272335872;4564792146569904259;4622198492050227200;4595281717257830400;4654601929723215872;4564641698194852414;4623254538608967680;4596281448205385728;4652056700965093376;4565842892657965138;4623379779855319040;4596347144025145344;4652412033273167872;4564786094857904980;4624531432386068480;4594317857877131264;4654604077206863872;4563843153685924282;4624119373223690240;4596044228571693056;4654641255517519872;4563530997936752165;4622213309687398400;4598008918411575296;4655182287179087872;4564474924271151350;4620833852091269120;4594030610464374784;4654157400608079872;4565337645074769511;4623770836627619840;4596039143330414592;4655849751940431872;4565935216450326233;4624263684124835840;4596868862292525056;4656137783184719872;4566318303893629436;4622763366148997120;4596664215690805248;4654675481038159872;4566430049459383567;4624112930772746240;4593819779109748736;4654429325725007872;4566340399679301223;4622588002634301440;4594497353150365696;4652966889360719872;4562444926739114099;4621242947726213120;4595685375464177664;4656287972822351872;4562686995219085263;4622229802361815040;4595841643554275328;4653620529696079872;4565462760701917397;4621866963524648960;4597092200591917056;4654341010459983872;4566711524436094222;4623123628005785600;4594483196938158080;4655074644561231872;4563340017165053985;4623300408859688960;4597319524620959744;4655724124147023872;4565523137084421833;4623347438751580160;4597024305748901888;4654058347924815872;4564695319177915794;4620821869132513280;4594107438839365632;4654043986627919872;4565758590902440297;4624484144796139520;4594172447464357888;4652738048134479872;4564897136736217334;4622978286312488960;4595478667278155776;4654116866854223872;4564798339019391894;4621593932453642240;4595080781507854336;4652670268181839872;4562782133761213465;4620200361594978304;4595531718714195968;4652727713369423872;4562564131391751062;4622741332966768640;4594133689679478784;4653152244043087872;4563536908911263089;4622450520731156480;4595270172385738752;4654572401823055872;4564463243059617858;4622079177858744320;4596279524060037120;4653971106401615872;4563133696007125074;4621398339642982400;4596409678748975104;4653017221008719872;4565824033834525524;4623598307791339520;4597327770958168064;4653754210553167872;4565047585111269180;4620856529518592000;4595186472063074304;4654837079182671872;4564001201885347316;4622655777218232320;4595770587615330304;4652718049693007872;4564692645165637042;4621298610502369280;4594178357339357184;4652137500037349376;4565870195730706072;4621279798545612800;4595597551972909056;4655416899767631872;4566138300646022972;4622744940739297280;4596112810609475584;4656092820245839872;4563039401889927004;4622364320737525760;4595600025874071552;4655899815152975872;4566546017149788357;4623178904234885120;4597674391998824448;4655308988714319872;4562402142542654079;4623863865619251200;4596689092141383680;4653653144603983872;4563662165275899331;4621185867610849280;4596823232559972352;4654161829793103872;4565961112148183614;4621432355783966720;4595703105089175552;4656349444541775872;4563312995567289762;4622814132662435840;4595609234283954176;4653353167981903872;4564486746220173197;4623728058753351680;4597230051862249472;4656207979056463872;4563839635248715399;4623103269860802560;4593980582685310976;4652700198735183872;4563458377392760816;4621275417678970880;4593903891749273600;4654733597314383872;4563592218744186733;4621388804815585280;4597100996684939264;4653883864878415872;4562888109089945027;4622881263001272320;4596240903714111488;4652271775747407872;4563812191438486110;4623941819275673600;4595647579751972864;4654401945308495872;4564814383093064401;4624496127754895360;4594922451833454592;4655155040980303872;4562291241401830081;4621274515735838720;4595646205362438144;4654715880574287872;4562349788196985897;4624519964823388160;4595134382699708416;4656461516344655872;4565476975188241285;4624556300246712320;4594265218757951488;4652187697467621376;4565621231113805496;4622218334799134720;4596864326807060480;4656356423863631872;4563684964749012894;4621808723768115200;4596140985594937344;4652702077783375872;4563147488280983896;4624583745087733760;4597716036001726464;4656043830775119872;4566263416273170858;4622766329676431360;4593674093819068416;4655669229096271872;4566226683788710118;4623641858759720960;4595724133249056768;4656118321614159872;4562969314620726051;4623515973268275200;4596866663269269504;4652529339567439872;4565701310744679678;4624422168418058240;4596672874344873984;4654915059682639872;4563745200394028974;4621801637072076800;4595603599286861824;4655812439412047872;4562511073358641103;4622265493540044800;4594392487228866560;4655657283718479872;4564707422601914352;4623886156499517440;4593993639385890816;4653524429802831872;4565963504685485654;4622349760798392320;4596091919888547840;4656010007907663872;4564863641213988766;4621856913301176320;4595168742438076416;4655876192832847872;4564334186782796022;4621219754902814720;4598152404679000064;4655227786988879872;4564383444903720387;4621597024830095360;4595092188940992512;4654052039691599872;4564642401882294190;4622090774270443520;4597948995027861504;4652504777723215872;4562868968791528702;4624314450638274560;4594380530039914496;4653744412659023872;4563252478447296971;4620507795354025984;4596665315202433024;4654122235563343872;4566749453189205983;4620735540289863680;4596614187911741440;4655912834272591872;4562590308564585153;4624334937632276480;4597605122766274560;4654206121643343872;4564990445690996916;4623299764614594560;4597642368722665472;4655134639885647872;4564802420406554198;4621691084613877760;4595495709708386304;4655069007416655872;4563264159658830463;4622354141665034240;4597403912138391552;4655547493616975872;4565415191430853296;4622514816391577600;4597317737914564608;4652366130810191872;4564766673084511945;4622569963771658240;4593735941348130816;4656006384029007872;4565440524178757255;4622740173325598720;4598097291658657792;4655436361338191872;4563380690299188675;4624470615649157120;4594194850013773824;4652832268979535872;4565034355787363779;4623917209113067520;4597232938080272384;4654867143953743872;4565103457894146245;4622848019954401280;4596353603655958528;4655754994224463872;4566379383963575648;4623183929346621440;4596805365496020992;4656028664171855872;4563259093109249671;4622068096843120640;4595119951609593856;4655477834616143872;4562732312690335679;4624349884118466560;4595386033423515648;4655435287596367872;4564439317686597452;4621821479820984320;4594558513484660736;4652814149586255872;4564364163867815707;4623646110777344000;4595354834781077504;4652289760922959872;4563715645521474355;4623983566357790720;4597194180295393280;4652640606063951872;4564549655877468029;4620808211136512000;4596708196155916288;4655630574390607872;4565968430497578091;4622588002634301440;4597820627045318656;4653451146923343872;4565507374485726036;4621715437078446080;4595369678188052480;4656294146837839872;4565710599418911130;4623352979259392000;4595321299676430336;4654504756088143872;4562835754744276845;4624141019858862080;4595012611786932224;4656051346967887872;4563805576776533410;4620988342064906240;4595484714592108544;4654175251565903872;4566746075489485455;4624612864966000640;4596363086943748096;4652765428550991872;4565736917329233576;4622944141322485760;4595804672475791360;4652700735606095872;4563919433404612870;4621052380027289600;4595511927504896000;4656333606849871872;4566044850953755034;4622494973642670080;4597302207312822272;4654931702680911872;4565545936557535396;4623857809715363840;4595736502754869248;4656252002471247872;4565043081511641809;4622489819681914880;4593829674714398720;4655488572034383872;4565050118386059575;4620394665915449344;4596804403423346688;4655151014448463872;4562477859311389246;4621101471503482880;4597402950065717248;4654703666761039872;4563551827085028754;4620510630032441344;4597788328891252736;4653951376395599872;4565021970888388510;4622910640577576960;4595981144092049408;4652574570941775872;4563621210666787930;4624361093983109120;4595377099891539968;4654613606665551872;4566098612674306769;4620173303301013504;4596812787199508480;4655910418353487872;4562937226473381036;4621405941735096320;4595698019847897088;4654089754873167872;4562598752813886472;4622092578156707840;4597725794167422976;4654692795125071872;4566393739187387892;4622769808599941120;4594613076749189120;4655869213510991872;4562374980207401501;4621080726811443200;4594446363298627584;4655610710166863872;4565923394501304386;4621352211694223360;4594045041554489344;4655134774103375872;4564065941129990767;4623330817228144640;4596923150679146496;4654023048662351872;4566438071496219820;4624112544225689600;4595784606388584448;4654705545809231872;4564589343849184232;4620507022259912704;4596114597315870720;4654299671399759872;4565652615573708735;4620932292741693440;4595297935054340096;4654592131829071872;4566636933567265899;4622664281253478400;4593824726912073728;4654977605143887872;4566191358679132930;4621030346845061120;4598052623998779392;4654744468950351872;4563109629896616313;4621956771290808320;4596510284062916608;4655908405087567872;4564634520582946292;4621825345291550720;4595310304560152576;4653403499629903872;4563057838500901552;4621540975506882560;4595578447958376448;4652201924546789376;4563624025416555037;4624240362452418560;4593963677694033920;4654247326485839872;4562282656415040406;4620859750744064000;4597222217841901568;4654609445915983872;4565522714871956767;4622675877665177600;4596832303530901504;4655946522922319872;4564664919880431043;4622596893216604160;4593710515141738496;4652606648978767872;4566073139188914455;4624536586346823680;4596470976522223616;4654911972674895872;4566600060345316803;4622649463616307200;4597727993190678528;4652409885789519872;4566503373690816692;4623315741892935680;4595998736278093824;4652442634915151872;4564492657194684121;4621210864320512000;4595650328531042304;4653294783270223872;4562573983015935935;4622344735686656000;4593898943946948608;4653075605720399872;4566755927113670328;4621187413799075840;4595394417199677440;4654752253578575872;4565907068952655168;4620392088935071744;4595841368676368384;4654141428698447872;4564942172732491039;4622393440615792640;4597708889176145920;4654838287142223872;4565363681510115246;4623500124838952960;4594978801804378112;4652909981044047872;4563235871423671042;4624189338240942080;4594484296449785856;4652923402816847872;4566734816490417029;4620785276011151360;4597280079641313280;4653738238643535872;4563947862377260647;4623898783703367680;4594086273240530944;4652440890084687872;4563765325854863786;4622359166776770560;4597323372911656960;4653226332228943872;4565257283968918618;4623669561298780160;4597149237757607936;4654839897754959872;4563247834110181245;4623216012752322560;4594620910769537024;4656160465980751872;4564199219531463262;4620198815406751744;4594886167949737984;4653537985793359872;4565693147970355069;4622909996332482560;4596434555199553536;4656271866694991872;4564158827872305283;4621274258037800960;4594422723798630400;4654262090435919872;4563177887578468647;4623972485342167040;4598072552647032832;4652140184391909376;4563918448242194383;4620523257236291584;4594589849566052352;4655807204920655872;4565369733222114525;4621883971595141120;4594710520967200768;4654536028818767872;4565152153065117188;4624059200731873280;4597745310498816000;4652784755903823872;4565516381684980777;4624601912799395840;4597718509902888960;4653594223021391872;4566083835238029460;4621479643373895680;4594575006159077376;4655963971226959872;4566385998625528349;4621422176711475200;4596941842376818688;4652739927182671872;4564369934104838275;4623379135610224640;4593928355882991616;4655438240386383872;4564702637527310271;4623616990899077120;4595042161161928704;4653650057596239872;4564593706711323247;4621341903772712960;4594108400912039936;4654159816527183872;4563252759922273682;4620568096694861824;4596800830010556416;4654642731912527872;4562700365280479019;4624442655412060160;4594693615975923712;4653096812121423872;4564543322690492039;4620717501427220480;4593919284912062464;4653426182425935872;4562714579766802907;4623886285348536320;4594849059432300544;4653981843819855872;4564460850522315817;4624025442288926720;4594855656502067200;4654245447437647872;4565787723562529850;4620979580331622400;4596141260472844288;4653264852716879872;4564377393191721108;4621013209925550080;4596114459876917248;4653039366933839872;4563856805222294749;4621325282249277440;4596345219879796736;4653657573789007872;4564809457280971965;4620149852779577344;4594067718981812224;4653383098535247872;4565585202316786533;4620453163370020864;4596763721493118976;4653688578084175872;4563688201711245066;4622357105192468480;4596777877705326592;4656042891251023872;4562351477046846161;4623946973236428800;4596033920650182656;4654850098302287872;4563853849735039287;4620931777345617920;4595286665060155392;4652928637308239872;4563413341396487111;4623550375956316160;4597446243336060928;4655550177971535872;4566682321407260492;4623789390886338560;4597955592097628160;4656231332941135872;4566508721715374195;4622116672923238400;4593744600002199552;4653862390041935872;4565905239365306548;4620967983919923200;4597251492338991104;4652792943185231872;4565348763336349581;4622981249839923200;4596962733097746432;4654671722941775872;4564004861060044554;4621315618572861440;4595079269679366144;4655233826786639872;4566336177554650563;4624275667083591680;4596203108001906688;4654831844691279872;4566195440066295235;4621351953996185600;4596589861216976896;4656323003649359872;4563776866328908923;4621567260706734080;4596480047493152768;4654709438123343872;4564697711715217834;4620453678766096384;4594980038754959360;4653717032242511872;4565820796872293352;4623163828899676160;4594513158630014976;4652056164094181376;4564711926201541722;4624092572627763200;4596825706461134848;4652709191322959872;4565062503285034844;4623197716191641600;4595053293717159936;4653959026806095872;4564241300040481505;4624165501172449280;4597874640554033152;4655783716818255872;4564481820408080761;4621153268809072640;4595682076929294336;4652389753130319872;4566198254816062341;4623941948124692480;4594868575763693568;4652122467651813376;4566490988791841424;4624505147186216960;4594130803461455872;4654152568769871872;4562839413918974083;4623215626205265920;4597365016914558976;4655778482326863872;4566594149370805879;4621803054411284480;4595598788923490304;4652442098044239872;4566318444631117791;4621062172552724480;4594523466551525376;4655167523229007872;4565492034099495305;4623309299441991680;4597553170841862144;4656060071120207872;4565451501702848971;4622701389770915840;4593949109164965888;4655879950929231872;4562742023577032196;4621415991958568960;4597048220126806016;4652583160876367872;4565492597049448727;4621024548639211520;4597485138559893504;4652402638032207872;4564251010927178023;4622839515919155200;4598042590955175936;4655091019124047872;4563346350352029975;4624566092772147200;4595021133002047488;4652906625600847872;4566680984401121116;4621704098364784640;4596200771539697664;4652060995932389376;4564284787924383302;4622143731217203200;4594329402749222912;4655606683635023872;4565097265444658610;4623290874032291840;4595217670705512448;4654489455267151872;4566383324613249598;4623495872821329920;4596857317420433408;4655909076176207872;4564764702759674970;4621344867300147200;4596123118530985984;4653874469637455872;4563403067559837172;4623921847677747200;4596039280769368064;4653557715799375872;4565892854466331280;4621823412556267520;4595593016487444480;4652059385319653376;4566119441822583358;4623808847088189440;4598125878960979968;4655383613771087872;4566363339889903141;4624425260794511360;4597770736705208320;4655190071807311872;4563699742185290203;4622826373319229440;4597976070501695488;4656062487039311872;4564643668519689388;4621006896323624960;4594564698237566976 perm=189;673;533;1177;897;901;1345;105;1129;853;541;761;1097;445;941;57;417;805;1205;981;569;1121;125;601;765;93;1305;1313;633;1029;1441;689;801;1061;1421;969;145;885;193;157;529;305;1117;669;929;285;173;273;373;845;489;1169;345;705;1161;269;249;817;917;545;341;1261;73;433;481;1225;1245;973;1301;1025;993;629;313;277;865;25;777;1453;1009;1477;1353;441;877;513;165;409;217;297;733;809;1101;617;525;77;281;357;881;401;665;1109;301;1173;549;857;509;573;913;1341;1493;697;1041;141;937;1237;1385;41;1065;889;65;873;161;205;497;729;605;1349;1329;657;609;645;1265;237;1077;1233;185;829;1373;477;1137;321;537;225;13;1257;309;329;1249;405;1405;21;1449;353;121;1461;957;1037;649;1289;677;1325;453;961;457;393;625;1033;1317;813;737;1409;869;1201;97;317;1309;1045;33;101;1145;1297;1165;717;965;1497;245;1185;517;501;833;253;785;1389;1293;945;133;1397;1473;1001;725;337;713;797;989;1333;893;197;241;953;661;793;89;681;413;1217;17;553;437;985;1105;1013;1089;825;1093;1401;613;1465;1017;5;85;1273;45;397;585;589;685;181;693;53;113;37;1241;561;641;49;741;233;1369;1;333;429;1221;1269;997;1005;1437;213;485;169;769;905;425;1433;1445;1053;1277;1181;781;465;1085;137;1337;129;381;909;1149;261;449;521;1253;933;1057;1073;469;789;229;1321;653;149;493;1393;821;349;721;709;837;1481;365;1365;1213;565;577;1133;745;209;377;861;949;1049;153;1081;1189;69;293;1281;1113;1485;177;81;841;361;1157;1381;1413;109;389;925;921;701;201;581;749;1429;1377;637;757;221;1489;461;385;1021;325;1469;1285;1125;505;473;753;1141;557;29;593;369;1417;1197;257;1361;621;849;1425;1193;61;1153;117;421;1457;1357;773;1229;289;1069;977;265;597;1209;9;923;631;535;1187;359;1003;111;1363;255;75;295;483;495;287;755;1155;1091;531;351;1207;879;395;1311;239;1291;1439;1175;355;875;947;327;739;47;1135;1335;123;1235;787;1299;1419;807;335;791;835;1011;519;907;39;331;151;727;595;1463;611;971;943;1259;23;223;99;1131;775;1227;759;403;1395;1431;699;623;1035;319;1499;1283;1267;35;1127;1247;379;263;1307;687;1271;447;703;135;491;511;439;1315;1319;1415;1251;571;895;79;339;427;411;1223;1391;83;567;1063;199;1455;1295;415;627;215;1403;1375;799;619;963;607;303;1027;647;671;903;291;955;827;1467;155;371;451;811;715;279;1351;1151;1167;1059;1039;343;1055;1111;1031;1211;271;59;615;159;795;547;1067;991;555;503;1079;803;527;167;1171;219;1483;203;839;1427;847;939;867;419;407;899;891;1203;1411;763;7;1119;863;267;927;691;1087;507;163;831;247;1143;1075;139;1215;767;559;11;183;591;179;667;711;1107;515;55;1199;367;231;1347;743;1479;731;951;51;843;1327;1147;1475;463;915;1323;143;131;299;583;27;683;1459;1379;207;423;887;383;815;719;259;1331;723;1019;1071;435;171;651;695;819;1255;211;275;471;1191;1387;315;1163;251;95;307;235;187;175;1383;979;103;227;643;15;751;975;935;539;599;855;1047;551;639;1339;663;1343;1303;1095;1023;1115;387;147;859;1399;1183;1471;475;911;931;747;575;283;1139;431;1287;1371;603;783;67;1443;579;771;883;487;375;1243;459;1043;1179;87;871;1015;1367;43;1231;707;659;399;31;1083;999;779;1239;347;823;19;1423;1099;995;1355;1447;107;675;655;1435;543;311;119;983;243;987;479;851;523;1219;919;1279;1123;1195;1275;363;115;1491;1103;467;91;1051;63;1407;967;1359;455;499;1495;127;735;391;443;191;323;1451;1159;195;3;1263;587;679;1007;1487;71;959;635;563;1334;1114;1250;802;162;14;454;1214;1094;634;478;1338;1390;666;318;1146;974;1102;1266;10;1302;590;678;1310;26;978;2;210;430;1230;446;194;1046;130;786;82;738;154;826;1178;262;514;218;374;562;1350;1150;222;1366;1322;1066;406;1498;1326;602;138;1446;1158;1078;1430;250;698;1130;126;1098;94;554;390;1410;858;1210;182;642;1202;958;278;762;150;1258;898;878;838;690;298;350;98;834;702;1374;1330;1298;1474;1382;1134;178;670;882;538;606;818;1118;686;1442;330;1286;142;862;1282;306;1170;626;1386;146;798;962;54;990;1458;254;1054;510;646;422;270;310;438;70;938;1426;914;1034;1482;1166;434;558;954;770;1270;326;474;1162;518;362;282;458;1026;814;966;1122;662;1362;38;502;490;90;338;1462;694;638;714;734;286;910;610;766;942;1206;950;238;994;426;1342;1238;846;1218;274;810;486;386;382;1090;1082;246;998;1002;1050;758;1186;658;1194;830;1154;74;1182;1438;266;526;22;134;1006;806;842;410;750;922;1126;366;230;866;34;1494;1450;1018;886;42;1254;1106;450;594;1074;470;30;18;574;794;1370;442;874;50;378;106;774;582;122;1394;706;850;1022;1402;534;1422;1246;718;1466;986;778;1434;1198;258;1138;782;1058;1290;722;466;242;618;166;506;1470;1222;930;66;1354;78;522;822;546;186;1294;926;1038;1242;598;870;170;498;742;314;1358;1486;214;566;294;370;102;334;1086;650;854;342;946;1314;1234;202;710;1014;1478;190;402;322;890;1414;62;302;1346;1262;1042;114;1318;494;158;550;1274;6;394;1398;570;1142;754;730;46;398;58;1062;346;1406;674;1226;614;1174;586;746;358;1378;970;414;482;982;118;1030;110;1110;86;654;226;290;206;934;1490;1306;1010;790;894;1418;682;902;530;462;354;726;174;1190;906;622;1454;418;542;918;578;1278;198;1070;630;234;412;1396;720;1484;1460;1416;836;1264;464;344;176;908;1172;560;888;1040;140;288;712;676;1000;416;332;1412;1448;1196;724;680;56;456;276;1236;1428;1200;84;968;624;0;932;516;1108;1444;1188;1044;800;44;876;1076;916;1400;832;804;792;1288;200;384;96;1072;448;1276;1368;52;1036;692;1012;160;368;280;1456;1224;1228;648;392;1352;616;760;92;820;364;1328;548;180;308;640;1208;168;1308;808;104;144;608;1240;504;8;1324;596;48;72;124;592;1204;868;476;1336;1168;572;1312;1052;700;352;948;488;1252;1480;120;28;1280;768;192;184;1296;856;216;1332;12;1340;580;1392;584;68;1232;972;244;824;688;484;272;20;604;300;1364;1476;884;380;660;1104;1404;816;532;1316;264;312;1140;788;964;784;1120;796;148;976;1216;172;1420;740;1300;860;1068;128;232;632;984;576;1320;1176;208;1260;636;240;496;1148;600;772;552;228;508;196;892;472;132;756;388;252;568;556;328;428;1468;1060;116;260;1272;528;812;1152;408;716;728;564;1180;1112;224;732;1304;492;1372;752;1124;1100;1144;1388;900;880;1160;1212;536;704;620;396;1380;828;1220;1244;668;64;1348;360;1016;336;348;1192;936;1084;1156;316;992;776;1452;540;468;988;1136;1096;896;512;1432;736;1492;612;960;296;1376;340;212;852;588;60;100;524;1488;840;1032;1008;1292;292;1028;1092;460;432;996;1356;36;436;1464;1132;696;188;32;1048;944;248;924;220;324;780;152;544;1020;1424;1408;40;1268;112;940;4;656;744;404;356;1128;956;1440;848;1164;1472;1116;980;708;1184;236;24;1284;644;1004;952;452;1024;1344;920;1064;520;1436;1496;88;76;164;844;376;628;928;748;16;268;664;1248;424;500;872;652;1360;1088;400;256;1256;108;440;764;1056;444;156;1384;372;80;1080;864;912;284;672;320;304;204;904;420;136;480;684
ARGSORT name=global_n1500 scope=global order=desc dtype=f64 n=1500 keys=4652525044600143872;4565349748498768069;4620748038644695040;4598061007774941184;4655822371523919872;4565109931818610590;4624075049161195520;4595693484362432512;4653249820331343872;4566757615963530592;4620556500283162624;4595869681100783616;4653678109101391872;4564149679935562187;4620276124818079744;4596662566423363584;4656147178425679872;4564945409694723211;4622959860902789120;4597350585824444416;4653800515669327872;4564246929540015719;4622726257631559680;4594424647943979008;4655961555307855872;4563318062116870554;4620731159423221760;4596171359603654656;4653584425127247872;4566467626368774439;4622957026224373760;4597288325978521600;4655623997721935872;4564566544376070668;4622823667489832960;4594593148100935680;4655586953629007872;4565257283968918618;4622116801772257280;4594289820330622976;4655806265396559872;4563789251227884192;4622891313224744960;4597278567812825088;4652684495261007872;4565158345514604823;4624122207902105600;4594036932656234496;4653271697821007872;4565317378876446343;4623106877633331200;4596091919888547840;4652811599449423872;4565246024969850192;4621616996428021760;4595998049083326464;4652419952119119872;4562537813481428615;4624133675464785920;4595431938033975296;4655321605180751872;4566622156130988589;4623943880859975680;4597821039362179072;4654842179456335872;4563834850174111318;4623542645015183360;4597032277208203264;4653735017418063872;4566074265088821297;4621784242454528000;4598147594315628544;4653272637345103872;4563190131739955561;4622673687231856640;4593768514380103680;4656080874868047872;4563569278533584814;4623573697628733440;4594924513417756672;4656329177664847872;4566123523209745662;4620829471224627200;4594991858504957952;4652461156961615872;4565135686778979615;4624363928661524480;4597225516376784896;4656076311465295872;4564905299510541943;4622136773370183680;4597817740827295744;4652983532358991872;4562688261856480461;4621128272099409920;4596541207827447808;4652764757462351872;4564496738581846426;4621297193163161600;4594444714031185920;4655326168583503872;4564579632962487714;4623844280568381440;4596614875106508800;4653182443031887872;4562374557994936435;4623113706631331840;4597487062705242112;4656282469895503872;4566200928828341093;4624355940022353920;4593739789638828032;4655810694581583872;4565247291607245390;4624019257536020480;4597753556836024320;4654509856361807872;4566674721582889304;4624345245553786880;4597587942897090560;4653573016620367872;4564268603113222439;4623160221127147520;4594083799339368448;4653278677142863872;4562637455623184187;4621082272999669760;4597995999149948928;4654176593743183872;4565588580016507060;4620812334305116160;4596163113266446336;4654424493886799872;4564709392926751326;4622730380800163840;4594802055310213120;4656471851109711872;4565566906443300340;4621020038923550720;4595811544423464960;4652301303647567872;4563730845170216731;4621430551897702400;4596156378757726208;4653202038820175872;4562877975990783443;4621568806894960640;4596821170975670272;4654121832910159872;4565802782473783870;4621272454151536640;4594314559342247936;4655742243540303872;4566005022244550476;4620845963899043840;4595251893004926976;4656318977117519872;4562911612250500366;4624045285037834240;4595474269231644672;4652866897153359872;4563840620411133887;4620266847688720384;4595757530914750464;4656089733238095872;4563482162028292866;4623431834858946560;4595567865158959104;4653082048171343872;4565462479226940686;4623756663235543040;4596386039248977920;4654144515706191872;4562977618132539015;4624536328648785920;4596588486827442176;4652158706438373376;4566122115834862109;4621369477462753280;4595897993525198848;4653057888980303872;4565228995733759197;4621189990779453440;4595893595478687744;4653624556227919872;4563962780551026311;4623613640824586240;4596580790246047744;4655618897448271872;4562259012516996710;4623923136167936000;4598027060353433600;4653620663913807872;4562900775463897006;4620803443722813440;4598057159484243968;4654386107616591872;4564834227078922502;4624604360930754560;4595015772882862080;4652745430109519872;4566285371321354289;4623910251266048000;4595595352949653504;4656426619735375872;4563842027786017440;4624412633590661120;4596206269097836544;4654256319073615872;4565945490286976172;4620757960019148800;4596435242394320896;4655277984419151872;4565455583090011275;4623809233635246080;4595050819815997440;4653653815692623872;4563519035250241962;4620883072416481280;4595581334176399360;4655688153795919872;4566345044016416948;4620954970169016320;4594439353912000512;4654625015172431872;4564111117863752827;4624396527463301120;4596631917536739328;4654373222714703872;4565783923650344256;4622792743725301760;4596004233836232704;4654199276539215872;4565342711624350302;4624622399793397760;4596579415856513024;4655960347348303872;4563919151929636160;4622354141665034240;4593927806127177728;4654294034255183872;4564843234278177243;4623403616923811840;4597632473118015488;4653747097013583872;4564653942356339327;4622508502789652480;4595770725054283776;4655666947394895872;4563133555269636719;4621073768964423680;4596519355033845760;4654439526272335872;4564694474752985662;4621713246645125120;4593762329627197440;4656266766421327872;4566508018027932418;4623318061175275520;4596310860141428736;4654513211805007872;4565655993273429263;4620875083777310720;4594636853688139776;4653981978037583872;4566754449370042597;4622702162865029120;4595723308615335936;4656156171013455872;4563110052109081379;4621766718987960320;4595426303036882944;4653788033420623872;4563004358255326528;4622421143154851840;4596437441417576448;4652425052392783872;4563301455093244625;4621221043393003520;4595282541891551232;4652903538593103872;4563571952545863565;4622049929131458560;4596905833371009024;4656382596320591872;4562972551582958223;4622214727026606080;4593788305589403648;4652335126515023872;4566735872021579694;4624404258404433920;4595167642926448640;4655467768286543872;4566080598275797287;4623840286248796160;4593772362670800896;4655228726512975872;4563528746136938480;4621291008410255360;4596167098996097024;4653827090779471872;4563621351404276286;4623944911652126720;4595116515635757056;4656423264292175872;4562923856411987280;4621479772222914560;4596553302455353344;4653072787148111872;4564181345870442136;4621769553666375680;4597570900466860032;4653996473552207872;4563294136743850148;4623786813905960960;4596503137237336064;4655031963323727872;4564539241303329735;4620482283248287744;4594561124824776704;4656411184696655872;4564088459128127619;4623936021069824000;4598031458399944704;4655699159649615872;4566382339450831110;4621899948873482240;4594017416324841472;4654477778324815872;4564188664219836613;4621419857429135360;4594295592766668800;4652383310679375872;4565353970623418729;4623850207623249920;4594168186856800256;4654889692532047872;4564790879932509061;4622138319558410240;4594927949391593472;4655252214615375872;4563159450967494099;4623865282958458880;4595361569289797632;4652152532422885376;4563065438325272740;4624148750799994880;4597325709373865984;4654897342942543872;4565836559470989148;4621293585390632960;4593872967984742400;4653487922580815872;4564262129188758094;4624527566915502080;4593968625496358912;4655868945075535872;4563579693107723108;4624265230313062400;4593727420133015552;4654864459599183872;4566145337520440738;4622008568596398080;4597752732202303488;4653036145708367872;4565902987565492863;4622777281843036160;4596002996885651456;4652872534297935872;4566488877729516094;4623844151719362560;4595264399949692928;4656326359092559872;4563018854216627126;4620886551339991040;4597142503248887808;4656103557664079872;4565957734448463086;4623110871952916480;4594632180763721728;4653891515288911872;4565612646127015821;4622460055558553600;4596271415161782272;4652748248681807872;4566378680276133872;4622459669011496960;4596815398539624448;4654439257836879872;4566220350601734128;4621147857150279680;4598012766702272512;4652927160913231872;4564399770452369605;4624087805214064640;4593915848938225664;4654797484952911872;4565169323038696538;4624132000427540480;4597287363905847296;4656255626349903872;4563595033493953839;4623933701787484160;4594510547289899008;4655856865480015872;4564236937178342490;4620988857460981760;4595639745731624960;4654592266046799872;4563512842800754328;4622759500678430720;4594940731214266368;4652033615515877376;4564921202846726095;4624326562446049280;4595045184818905088;4652379418365263872;4562557094517333295;4624568540903505920;4595638371342090240;4656469837843791872;4566680843663632761;4621758859197808640;4596221387382718464;4656199120686415872;4565482182475310432;4622355301306204160;4594932622316011520;4654480731114831872;4565359881597929652;4620764660168130560;4596939231036702720;4655530313747791872;4563216449650278007;4621854465169817600;4596369271696654336;4655604938804559872;4564985238403927769;4621772388344791040;4594837514560208896;4656284483161423872;4563414185821417243;4623070026813931520;4598013728774946816;4656309581876559872;4562510088196222616;4620798934007152640;4594741719609638912;4652768381341007872;4565668518909892887;4622913088708935680;4595266324095041536;4656025040293199872;4564377674666697818;4620370699997937664;4597967411847626752;4652422502255951872;4564393718740370326;4622063715976478720;4597187858103533568;4655495954009423872;4566375443313901699;4624525247633162240;4596128478650171392;4652146089971941376;4565541855170373091;4623387253098414080;4597788603769159680;4655132492401999872;4565741280191372591;4622948908736184320;4596468777498968064;4654419930484047872;4566427093972128105;4621906391324426240;4596858416932061184;4653359744650575872;4564045252719202534;4620427908962320384;4597656799812780032;4656500305268047872;4563220108824975245;4624329397124464640;4593773187304521728;4653766021713231872;4565460649639592067;4622456190087987200;4597102508513427456;4653528858987855872;4563052771951320760;4622133036748636160;4594814287377072128;4654656422120783872;4565811085985596834;4624042063812362240;4593773187304521728;4654294705343823872;4563843012948435927;4623757307480637440;4597967961603440640;4656200194428239872;4564676460354476180;4622118347960483840;4595511102871175168;4653233579986255872;4566399931636875526;4623466237546987520;4595740625923473408;4654383423262031872;4563662587488364397;4621739531844976640;4594827206638698496;4655165912616271872;4563471184504201151;4620876243418480640;4595987878600769536;4652553498758479872;4564673223392244007;4621965275326054400;4594233470359699456;4656056178806095872;4565683718558635262;4623593926924697600;4597707789664518144;4655372205264207872;4563567871158701261;4622720974821785600;4595546836999077888;4654557772090703872;4562920900924731818;4624523186048860160;4593855100920791040;4653972180143439872;4562268160453739807;4623214466564096000;4593697183563251712;4654760977730895872;4564098310752312492;4621391510644981760;4596674935929176064;4655094106131791872;4562416216291489612;4624575112203468800;4597556057059885056;4655748551773519872;4563152414093076333;4623611965787340800;4595480591423504384;4653048762174799872;4563645698989761757;4624048377414287360;4596722627246030848;4654343963249999872;4564981860704207241;4621144120528732160;4595497633853734912;4654456437706063872;4566464107931565556;4621856526754119680;4595864046103691264;4652258353974607872;4565270372555335664;4620910259559464960;4598160513577254912;4654607298432335872;4565911291077305828;4623837451570380800;4595011787153211392;4654441136885071872;4562593404789328970;4624101849757122560;4594920115371245568;4653404439153999872;4563665542975619859;4622973132351733760;4596879994847756288;4654237125938511872;4565911713289770893;4624595341499432960;4597080243402964992;4653714213670223872;4566314222506467132;4623139089888051200;4596169847775166464;4653726561701199872;4565171434101021868;4624258401315061760;4598079424594706432;4655319323479375872;4565177345075532792;4620571446769352704;4595894557551362048;4653280556191055872;4566469033743657992;4622921463895162880;4594321018973061120;4653269416119631872;4566754941951251841;4623698681177047040;4596683869461151744;4654309871947087872;4562651107159554654;4621017075396116480;4596994206618091520;4653824137989455872;4563853146047597511;4621394860719472640;4595094800281108480;4653216802770255872;4563867501271409754;4622218463648153600;4594356890539917312;4655211278208335872;4565085865708101829;4624226575607398400;4595433587301416960;4652940985339215872;4563559286171911586;4623412507506114560;4595082705653202944;4654773996850511872;4566526032426441900;4624565190829015040;4594556589339312128;4652513501875535872;4564399911189857960;4621559916312657920;4595046971525300224;4656117650525519872;4563285551757060473;4624620595907133440;4593691136249298944;4654203705724239872;4562731046052940481;4620420178021187584;4598155840652836864;4654265982750031872;4566338288616975893;4622190632260075520;4596748053452423168;4653074397760847872;4565279661229567115;4621206354604851200;4596643187530924032;4656002491714895872;4563896633931499307;4621744299258675200;4595121051121221632;4652923805470031872;4564369793367349920;4623859227054571520;4596402806801301504;4656230796070223872;4565799545511551697;4624394594728017920;4597523346588958720;4655841162005839872;4563864123571689226;4622606299194982400;4597286126955266048;4653917687745871872;4564888973961892725;4622092578156707840;4596773479658815488;4656158721150287872;4563598974143627788;4620476613891457024;4595915998028103680;4654841508367695872;4562951722434681635;4621377337252904960;4595128472824709120;4656395347004751872;4562266753078856254;4624173232113582080;4597509190376751104;4652351098424655872;4564376830241767686;4620669887419777024;4598090969466798080;4652412167490895872;4564909803110169313;4624518289786142720;4596173008871096320;4656502721187151872;4565204366673297015;4621415090015436800;4594705985481736192;4653754478988623872;4562744838326799303;4621285983298519040;4595734578609520640;4652828510883151872;4565230121633666040;4622159064250449920;4596404868385603584;4655613528739151872;4563714378884079157;4621076990189895680;4594540646420709376;4653463360736591872;4566276364122099548;4621305181802332160;4594783501051494400;4654770104536399872;4563088378535874658;4623177615744696320;4597280491958173696;4655913639578959872;4565851055432289747;4623916178320916480;4595942798624030720;4652342374272335872;4564792146569904259;4622198492050227200;4595281717257830400;4654601929723215872;4564641698194852414;4623254538608967680;4596281448205385728;4652056700965093376;4565842892657965138;4623379779855319040;4596347144025145344;4652412033273167872;4564786094857904980;4624531432386068480;4594317857877131264;4654604077206863872;4563843153685924282;4624119373223690240;4596044228571693056;4654641255517519872;4563530997936752165;4622213309687398400;4598008918411575296;4655182287179087872;4564474924271151350;4620833852091269120;4594030610464374784;4654157400608079872;4565337645074769511;4623770836627619840;4596039143330414592;4655849751940431872;4565935216450326233;4624263684124835840;4596868862292525056;4656137783184719872;4566318303893629436;4622763366148997120;4596664215690805248;4654675481038159872;4566430049459383567;4624112930772746240;4593819779109748736;4654429325725007872;4566340399679301223;4622588002634301440;4594497353150365696;4652966889360719872;4562444926739114099;4621242947726213120;4595685375464177664;4656287972822351872;4562686995219085263;4622229802361815040;4595841643554275328;4653620529696079872;4565462760701917397;4621866963524648960;4597092200591917056;4654341010459983872;4566711524436094222;4623123628005785600;4594483196938158080;4655074644561231872;4563340017165053985;4623300408859688960;4597319524620959744;4655724124147023872;4565523137084421833;4623347438751580160;4597024305748901888;4654058347924815872;4564695319177915794;4620821869132513280;4594107438839365632;4654043986627919872;4565758590902440297;4624484144796139520;4594172447464357888;4652738048134479872;4564897136736217334;4622978286312488960;4595478667278155776;4654116866854223872;4564798339019391894;4621593932453642240;4595080781507854336;4652670268181839872;4562782133761213465;4620200361594978304;4595531718714195968;4652727713369423872;4562564131391751062;4622741332966768640;4594133689679478784;4653152244043087872;4563536908911263089;4622450520731156480;4595270172385738752;4654572401823055872;4564463243059617858;4622079177858744320;4596279524060037120;4653971106401615872;4563133696007125074;4621398339642982400;4596409678748975104;4653017221008719872;4565824033834525524;4623598307791339520;4597327770958168064;4653754210553167872;4565047585111269180;4620856529518592000;4595186472063074304;4654837079182671872;4564001201885347316;4622655777218232320;4595770587615330304;4652718049693007872;4564692645165637042;4621298610502369280;4594178357339357184;4652137500037349376;4565870195730706072;4621279798545612800;4595597551972909056;4655416899767631872;4566138300646022972;4622744940739297280;4596112810609475584;4656092820245839872;4563039401889927004;4622364320737525760;4595600025874071552;4655899815152975872;4566546017149788357;4623178904234885120;4597674391998824448;4655308988714319872;4562402142542654079;4623863865619251200;4596689092141383680;4653653144603983872;4563662165275899331;4621185867610849280;4596823232559972352;4654161829793103872;4565961112148183614;4621432355783966720;4595703105089175552;4656349444541775872;4563312995567289762;4622814132662435840;4595609234283954176;4653353167981903872;4564486746220173197;4623728058753351680;4597230051862249472;4656207979056463872;4563839635248715399;4623103269860802560;4593980582685310976;4652700198735183872;4563458377392760816;4621275417678970880;4593903891749273600;4654733597314383872;4563592218744186733;4621388804815585280;4597100996684939264;4653883864878415872;4562888109089945027;4622881263001272320;4596240903714111488;4652271775747407872;4563812191438486110;4623941819275673600;4595647579751972864;4654401945308495872;4564814383093064401;4624496127754895360;4594922451833454592;4655155040980303872;4562291241401830081;4621274515735838720;4595646205362438144;4654715880574287872;4562349788196985897;4624519964823388160;4595134382699708416;4656461516344655872;4565476975188241285;4624556300246712320;4594265218757951488;4652187697467621376;4565621231113805496;4622218334799134720;4596864326807060480;4656356423863631872;4563684964749012894;4621808723768115200;4596140985594937344;4652702077783375872;4563147488280983896;4624583745087733760;4597716036001726464;4656043830775119872;4566263416273170858;4622766329676431360;4593674093819068416;4655669229096271872;4566226683788710118;4623641858759720960;4595724133249056768;4656118321614159872;4562969314620726051;4623515973268275200;4596866663269269504;4652529339567439872;4565701310744679678;4624422168418058240;4596672874344873984;4654915059682639872;4563745200394028974;4621801637072076800;4595603599286861824;4655812439412047872;4562511073358641103;4622265493540044800;4594392487228866560;4655657283718479872;4564707422601914352;4623886156499517440;4593993639385890816;4653524429802831872;4565963504685485654;4622349760798392320;4596091919888547840;4656010007907663872;4564863641213988766;4621856913301176320;4595168742438076416;4655876192832847872;4564334186782796022;4621219754902814720;4598152404679000064;4655227786988879872;4564383444903720387;4621597024830095360;4595092188940992512;4654052039691599872;4564642401882294190;4622090774270443520;4597948995027861504;4652504777723215872;4562868968791528702;4624314450638274560;4594380530039914496;4653744412659023872;4563252478447296971;4620507795354025984;4596665315202433024;4654122235563343872;4566749453189205983;4620735540289863680;4596614187911741440;4655912834272591872;4562590308564585153;4624334937632276480;4597605122766274560;4654206121643343872;4564990445690996916;4623299764614594560;4597642368722665472;4655134639885647872;4564802420406554198;4621691084613877760;4595495709708386304;4655069007416655872;4563264159658830463;4622354141665034240;4597403912138391552;4655547493616975872;4565415191430853296;4622514816391577600;4597317737914564608;4652366130810191872;4564766673084511945;4622569963771658240;4593735941348130816;4656006384029007872;4565440524178757255;4622740173325598720;4598097291658657792;4655436361338191872;4563380690299188675;4624470615649157120;4594194850013773824;4652832268979535872;4565034355787363779;4623917209113067520;4597232938080272384;4654867143953743872;4565103457894146245;4622848019954401280;4596353603655958528;4655754994224463872;4566379383963575648;4623183929346621440;4596805365496020992;4656028664171855872;4563259093109249671;4622068096843120640;4595119951609593856;4655477834616143872;4562732312690335679;4624349884118466560;4595386033423515648;4655435287596367872;4564439317686597452;4621821479820984320;4594558513484660736;4652814149586255872;4564364163867815707;4623646110777344000;4595354834781077504;4652289760922959872;4563715645521474355;4623983566357790720;4597194180295393280;4652640606063951872;4564549655877468029;4620808211136512000;4596708196155916288;4655630574390607872;4565968430497578091;4622588002634301440;4597820627045318656;4653451146923343872;4565507374485726036;4621715437078446080;4595369678188052480;4656294146837839872;4565710599418911130;4623352979259392000;4595321299676430336;4654504756088143872;4562835754744276845;4624141019858862080;4595012611786932224;4656051346967887872;4563805576776533410;4620988342064906240;4595484714592108544;4654175251565903872;4566746075489485455;4624612864966000640;4596363086943748096;4652765428550991872;4565736917329233576;4622944141322485760;4595804672475791360;4652700735606095872;4563919433404612870;4621052380027289600;4595511927504896000;4656333606849871872;4566044850953755034;4622494973642670080;4597302207312822272;4654931702680911872;4565545936557535396;4623857809715363840;4595736502754869248;4656252002471247872;4565043081511641809;4622489819681914880;4593829674714398720;4655488572034383872;4565050118386059575;4620394665915449344;4596804403423346688;4655151014448463872;4562477859311389246;4621101471503482880;4597402950065717248;4654703666761039872;4563551827085028754;4620510630032441344;4597788328891252736;4653951376395599872;4565021970888388510;4622910640577576960;4595981144092049408;4652574570941775872;4563621210666787930;4624361093983109120;4595377099891539968;4654613606665551872;4566098612674306769;4620173303301013504;4596812787199508480;4655910418353487872;4562937226473381036;4621405941735096320;4595698019847897088;4654089754873167872;4562598752813886472;4622092578156707840;4597725794167422976;4654692795125071872;4566393739187387892;4622769808599941120;4594613076749189120;4655869213510991872;4562374980207401501;4621080726811443200;4594446363298627584;4655610710166863872;4565923394501304386;4621352211694223360;4594045041554489344;4655134774103375872;4564065941129990767;4623330817228144640;4596923150679146496;4654023048662351872;4566438071496219820;4624112544225689600;4595784606388584448;4654705545809231872;4564589343849184232;4620507022259912704;4596114597315870720;4654299671399759872;4565652615573708735;4620932292741693440;4595297935054340096;4654592131829071872;4566636933567265899;4622664281253478400;4593824726912073728;4654977605143887872;4566191358679132930;4621030346845061120;4598052623998779392;4654744468950351872;4563109629896616313;4621956771290808320;4596510284062916608;4655908405087567872;4564634520582946292;4621825345291550720;4595310304560152576;4653403499629903872;4563057838500901552;4621540975506882560;4595578447958376448;4652201924546789376;4563624025416555037;4624240362452418560;4593963677694033920;4654247326485839872;4562282656415040406;4620859750744064000;4597222217841901568;4654609445915983872;4565522714871956767;4622675877665177600;4596832303530901504;4655946522922319872;4564664919880431043;4622596893216604160;4593710515141738496;4652606648978767872;4566073139188914455;4624536586346823680;4596470976522223616;4654911972674895872;4566600060345316803;4622649463616307200;4597727993190678528;4652409885789519872;4566503373690816692;4623315741892935680;4595998736278093824;4652442634915151872;4564492657194684121;4621210864320512000;4595650328531042304;4653294783270223872;4562573983015935935;4622344735686656000;4593898943946948608;4653075605720399872;4566755927113670328;4621187413799075840;4595394417199677440;4654752253578575872;4565907068952655168;4620392088935071744;4595841368676368384;4654141428698447872;4564942172732491039;4622393440615792640;4597708889176145920;4654838287142223872;4565363681510115246;4623500124838952960;4594978801804378112;4652909981044047872;4563235871423671042;4624189338240942080;4594484296449785856;4652923402816847872;4566734816490417029;4620785276011151360;4597280079641313280;4653738238643535872;4563947862377260647;4623898783703367680;4594086273240530944;4652440890084687872;4563765325854863786;4622359166776770560;4597323372911656960;4653226332228943872;4565257283968918618;4623669561298780160;4597149237757607936;4654839897754959872;4563247834110181245;4623216012752322560;4594620910769537024;4656160465980751872;4564199219531463262;4620198815406751744;4594886167949737984;4653537985793359872;4565693147970355069;4622909996332482560;4596434555199553536;4656271866694991872;4564158827872305283;4621274258037800960;4594422723798630400;4654262090435919872;4563177887578468647;4623972485342167040;4598072552647032832;4652140184391909376;4563918448242194383;4620523257236291584;4594589849566052352;4655807204920655872;4565369733222114525;4621883971595141120;4594710520967200768;4654536028818767872;4565152153065117188;4624059200731873280;4597745310498816000;4652784755903823872;4565516381684980777;4624601912799395840;4597718509902888960;4653594223021391872;4566083835238029460;4621479643373895680;4594575006159077376;4655963971226959872;4566385998625528349;4621422176711475200;4596941842376818688;4652739927182671872;4564369934104838275;4623379135610224640;4593928355882991616;4655438240386383872;4564702637527310271;4623616990899077120;4595042161161928704;4653650057596239872;4564593706711323247;4621341903772712960;4594108400912039936;4654159816527183872;4563252759922273682;4620568096694861824;4596800830010556416;4654642731912527872;4562700365280479019;4624442655412060160;4594693615975923712;4653096812121423872;4564543322690492039;4620717501427220480;4593919284912062464;4653426182425935872;4562714579766802907;4623886285348536320;4594849059432300544;4653981843819855872;4564460850522315817;4624025442288926720;4594855656502067200;4654245447437647872;4565787723562529850;4620979580331622400;4596141260472844288;4653264852716879872;4564377393191721108;4621013209925550080;4596114459876917248;4653039366933839872;4563856805222294749;4621325282249277440;4596345219879796736;4653657573789007872;4564809457280971965;4620149852779577344;4594067718981812224;4653383098535247872;4565585202316786533;4620453163370020864;4596763721493118976;4653688578084175872;4563688201711245066;4622357105192468480;4596777877705326592;4656042891251023872;4562351477046846161;4623946973236428800;4596033920650182656;4654850098302287872;4563853849735039287;4620931777345617920;4595286665060155392;4652928637308239872;4563413341396487111;4623550375956316160;4597446243336060928;4655550177971535872;4566682321407260492;4623789390886338560;4597955592097628160;4656231332941135872;4566508721715374195;4622116672923238400;4593744600002199552;4653862390041935872;4565905239365306548;4620967983919923200;4597251492338991104;4652792943185231872;4565348763336349581;4622981249839923200;4596962733097746432;4654671722941775872;4564004861060044554;4621315618572861440;4595079269679366144;4655233826786639872;4566336177554650563;4624275667083591680;4596203108001906688;4654831844691279872;4566195440066295235;4621351953996185600;4596589861216976896;4656323003649359872;4563776866328908923;4621567260706734080;4596480047493152768;4654709438123343872;4564697711715217834;4620453678766096384;4594980038754959360;4653717032242511872;4565820796872293352;4623163828899676160;4594513158630014976;4652056164094181376;4564711926201541722;4624092572627763200;4596825706461134848;4652709191322959872;4565062503285034844;4623197716191641600;4595053293717159936;4653959026806095872;4564241300040481505;4624165501172449280;4597874640554033152;4655783716818255872;4564481820408080761;4621153268809072640;4595682076929294336;4652389753130319872;4566198254816062341;4623941948124692480;4594868575763693568;4652122467651813376;4566490988791841424;4624505147186216960;4594130803461455872;4654152568769871872;4562839413918974083;4623215626205265920;4597365016914558976;4655778482326863872;4566594149370805879;4621803054411284480;4595598788923490304;4652442098044239872;4566318444631117791;4621062172552724480;4594523466551525376;4655167523229007872;4565492034099495305;4623309299441991680;4597553170841862144;4656060071120207872;4565451501702848971;4622701389770915840;4593949109164965888;4655879950929231872;4562742023577032196;4621415991958568960;4597048220126806016;4652583160876367872;4565492597049448727;4621024548639211520;4597485138559893504;4652402638032207872;4564251010927178023;4622839515919155200;4598042590955175936;4655091019124047872;4563346350352029975;4624566092772147200;4595021133002047488;4652906625600847872;4566680984401121116;4621704098364784640;4596200771539697664;4652060995932389376;4564284787924383302;4622143731217203200;4594329402749222912;4655606683635023872;4565097265444658610;4623290874032291840;4595217670705512448;4654489455267151872;4566383324613249598;4623495872821329920;4596857317420433408;4655909076176207872;4564764702759674970;4621344867300147200;4596123118530985984;4653874469637455872;4563403067559837172;4623921847677747200;4596039280769368064;4653557715799375872;4565892854466331280;4621823412556267520;4595593016487444480;4652059385319653376;4566119441822583358;4623808847088189440;4598125878960979968;4655383613771087872;4566363339889903141;4624425260794511360;4597770736705208320;4655190071807311872;4563699742185290203;4622826373319229440;4597976070501695488;4656062487039311872;4564643668519689388;4621006896323624960;4594564698237566976 perm=684;480;136;420;904;204;304;320;672;284;912;864;1080;80;372;1384;156;444;1056;764;440;108;1256;256;400;1088;1360;652;872;500;424;1248;664;268;16;748;928;628;376;844;164;76;88;1496;1436;520;1064;920;1344;1024;452;952;1004;644;1284;24;236;1184;708;980;1116;1472;1164;848;1440;956;1128;356;404;744;656;4;940;112;1268;40;1408;1424;1020;544;152;780;324;220;924;248;944;1048;32;188;696;1132;1464;436;36;1356;996;432;460;1092;1028;292;1292;1008;1032;840;1488;524;100;60;588;852;212;340;1376;296;960;612;1492;736;1432;512;896;1096;1136;988;468;540;1452;776;992;316;1156;1084;936;1192;348;336;1016;360;1348;64;668;1244;1220;828;1380;396;620;704;536;1212;1160;880;900;1388;1144;1100;1124;752;1372;492;1304;732;224;1112;1180;564;728;716;408;1152;812;528;1272;260;116;1060;1468;428;328;556;568;252;388;756;132;472;892;196;508;228;552;772;600;1148;496;240;636;1260;208;1176;1320;576;984;632;232;128;1068;860;1300;740;1420;172;1216;976;148;796;1120;784;964;788;1140;312;264;1316;532;816;1404;1104;660;380;884;1476;1364;300;604;20;272;484;688;824;244;972;1232;68;584;1392;580;1340;12;1332;216;856;1296;184;192;768;1280;28;120;1480;1252;488;948;352;700;1052;1312;572;1168;1336;476;868;1204;592;124;72;48;596;1324;8;504;1240;608;144;104;808;1308;168;1208;640;308;180;548;1328;364;820;92;760;616;1352;392;648;1228;1224;1456;280;368;160;1012;692;1036;52;1368;1276;448;1072;96;384;200;1288;792;804;832;1400;916;1076;876;44;800;1044;1188;1444;1108;516;932;0;624;968;84;1200;1428;1236;276;456;56;680;724;1196;1448;1412;332;416;1000;676;712;288;140;1040;888;560;1172;908;176;344;464;1264;836;1416;1460;1484;720;1396;412;234;630;1070;198;1278;578;918;542;418;1454;622;906;1190;174;726;354;462;530;902;682;1418;894;790;1010;1306;1490;934;206;290;226;654;86;1110;110;1030;118;982;482;414;970;1378;358;746;586;1174;614;1226;674;1406;346;1062;58;398;46;730;754;1142;570;1398;394;6;1274;550;158;494;1318;114;1042;1262;1346;302;62;1414;890;322;402;190;1478;1014;710;202;1234;1314;946;342;854;650;1086;334;102;370;294;566;214;1486;1358;314;742;498;170;870;598;1242;1038;926;1294;186;546;822;522;78;1354;66;930;1222;1470;506;166;618;242;466;722;1290;1058;782;1138;258;1198;1434;778;986;1466;718;1246;1422;534;1402;1022;850;706;1394;122;582;774;106;378;50;874;442;1370;794;574;18;30;470;1074;594;450;1106;1254;42;886;1018;1450;1494;34;866;230;366;1126;922;750;410;842;806;1006;134;22;526;266;1438;1182;74;1154;830;1194;658;1186;758;1050;1002;998;246;1082;1090;382;386;486;810;274;1218;846;1238;1342;426;994;238;950;1206;942;766;610;910;286;734;714;638;694;1462;338;90;490;502;38;1362;1122;662;966;814;1026;458;282;362;518;1162;474;326;1270;770;954;558;434;1166;1482;1034;914;1426;938;70;438;310;270;422;646;510;1054;254;1458;990;54;962;798;146;1386;626;1170;306;1282;862;142;1286;330;1442;686;1118;818;606;538;882;670;178;1134;1382;1474;1298;1330;1374;702;834;98;350;298;690;838;878;898;1258;150;762;278;958;1202;642;182;1210;858;1410;390;554;94;1098;126;1130;698;250;1430;1078;1158;1446;138;602;1326;1498;406;1066;1322;1366;222;1150;1350;562;374;218;514;262;1178;826;154;738;82;786;130;1046;194;446;1230;430;210;2;978;26;1310;678;590;1302;10;1266;1102;974;1146;318;666;1390;1338;478;634;1094;1214;454;14;162;802;1250;1114;1334;563;635;959;71;1487;1007;679;587;1263;3;195;1159;1451;323;191;443;391;735;127;1495;499;455;1359;967;1407;63;1051;91;467;1103;1491;115;363;1275;1195;1123;1279;919;1219;523;851;479;987;243;983;119;311;543;1435;655;675;107;1447;1355;995;1099;1423;19;823;347;1239;779;999;1083;31;399;659;707;1231;43;1367;1015;871;87;1179;1043;459;1243;375;487;883;771;579;1443;67;783;603;1371;1287;431;1139;283;575;747;931;911;475;1471;1183;1399;859;147;387;1115;1023;1095;1303;1343;663;1339;639;551;1047;855;599;539;935;975;751;15;643;227;103;979;1383;175;187;235;307;95;251;1163;315;1387;1191;471;275;211;1255;819;695;651;171;435;1071;1019;723;1331;259;719;815;383;887;423;207;1379;1459;683;27;583;299;131;143;1323;915;463;1475;1147;1327;843;51;951;731;1479;743;1347;231;367;1199;55;515;1107;711;667;179;591;183;11;559;767;1215;139;1075;1143;247;831;163;507;1087;691;927;267;863;1119;7;763;1411;1203;891;899;407;419;867;939;847;1427;839;203;1483;219;1171;167;527;803;1079;503;555;991;1067;547;795;159;615;59;271;1211;1031;1111;1055;343;1039;1059;1167;1151;1351;279;715;811;451;371;155;1467;827;955;291;903;671;647;1027;303;607;963;619;799;1375;1403;215;627;415;1295;1455;199;1063;567;83;1391;1223;411;427;339;79;895;571;1251;1415;1319;1315;439;511;491;135;703;447;1271;687;1307;263;379;1247;1127;35;1267;1283;1499;319;1035;623;699;1431;1395;403;759;1227;775;1131;99;223;23;1259;943;971;611;1463;595;727;151;331;39;907;519;1011;835;791;335;807;1419;1299;787;1235;123;1335;1135;47;739;327;947;875;355;1175;1439;1291;239;1311;395;879;1207;351;531;1091;1155;755;287;495;483;295;75;255;1363;111;1003;359;1187;535;631;923;9;1209;597;265;977;1069;289;1229;773;1357;1457;421;117;1153;61;1193;1425;849;621;1361;257;1197;1417;369;593;29;557;1141;753;473;505;1125;1285;1469;325;1021;385;461;1489;221;757;637;1377;1429;749;581;201;701;921;925;389;109;1413;1381;1157;361;841;81;177;1485;1113;1281;293;69;1189;1081;153;1049;949;861;377;209;745;1133;577;565;1213;1365;365;1481;837;709;721;349;821;1393;493;149;653;1321;229;789;469;1073;1057;933;1253;521;449;261;1149;909;381;129;1337;137;1085;465;781;1181;1277;1053;1445;1433;425;905;769;169;485;213;1437;1005;997;1269;1221;429;333;1;1369;233;741;49;641;561;1241;37;113;53;693;181;685;589;585;397;45;1273;85;5;1017;1465;613;1401;1093;825;1089;1013;1105;985;437;553;17;1217;413;681;89;793;661;953;241;197;893;1333;989;797;713;337;725;1001;1473;1397;133;945;1293;1389;785;253;833;501;517;1185;245;1497;965;717;1165;1297;1145;101;33;1045;1309;317;97;1201;869;1409;737;813;1317;1033;625;393;457;961;453;1325;677;1289;649;1037;957;1461;121;353;1449;21;1405;405;1249;329;309;1257;13;225;537;321;1137;477;1373;829;185;1233;1077;237;1265;645;609;657;1329;1349;605;729;497;205;161;873;65;889;1065;41;1385;1237;937;141;1041;697;1493;1341;913;573;509;857;549;1173;301;1109;665;401;881;357;281;77;525;617;1101;809;733;297;217;409;165;513;877;441;1353;1477;1009;1453;777;25;865;277;313;629;993;1025;1301;973;1245;1225;481;433;73;1261;341;545;917;817;249;269;1161;705;345;1169;489;845;373;273;173;285;929;669;1117;305;529;157;193;885;145;969;1421;1061;801;689;1441;1029;633;1313;1305;93;765;601;125;1121;569;981;1205;805;417;57;941;445;1097;761;541;853;1129;105;1345;901;897;1177;533;673;189
ARGSORT name=global_n3000 scope=global order=asc dtype=f64 n=3000 keys=4653756894907727872;4563478925066060694;4622565969452072960;4595384246717120512;4654058616360271872;4562668558608110715;4623553726030807040;4595484302275248128;4652527057866063872;4566171373955786474;4620734509497712640;4597893469690658816;4654373088496975872;4564111680813706248;4624598562724904960;4594425610016653312;4655303217352015872;4564142080111190999;4622238177548042240;4596589723778023424;4653700389244239872;4563431778007461659;4620970045504225280;4595004502888677376;4654558040526159872;4562735127440102785;4620710543580200960;4595937575943798784;4656371858902351872;4562591012252026929;4620616028529885184;4595356896365379584;4656173216664911872;4564709674401728037;4622261628069478400;4594077477147508736;4655113299266895872;4564713333576425276;4624323727767633920;4595457089362460672;4655799554510159872;4563898885731312992;4622784497388093440;4594647299048603648;4655784924777807872;4563131866419776455;4623751509274787840;4595429051815952384;4654800303525199872;4566538558062905524;4623259950267760640;4596086284891455488;4653741191433551872;4562717957466523435;4621341130678599680;4593857025066139648;4654203705724239872;4566479870530261353;4623951611801108480;4594450211589324800;4654172432993615872;4564316594596751606;4624320377693143040;4595104833324711936;4653053862448463872;4566517869652117291;4622822250150625280;4595232926429347840;4652862467968335872;4563017587579231928;4622046836755005440;4594115272859713536;4655557157293391872;4562827451232463880;4622394729105981440;4598166698330161152;4652046500417765376;4564871944725801730;4622424106682286080;4597239810027945984;4656239251787087872;4566292408195772056;4623946844387409920;4595533780298498048;4654792921550159872;4566683447307167334;4620764015923036160;4598031595838898176;4655887869775183872;4563882137970198708;4621705902251048960;4597498745016287232;4653699047066959872;4563668639200363676;4623535171772088320;4598074614231334912;4655505617685839872;4563039683364903715;4622375788300206080;4594390837961424896;4656488762543439872;4565840922333128163;4621447946515251200;4596287632958291968;4654660314434895872;4562281671252621918;4622443047488061440;4595547936510705664;4653148083293519872;4564333060882889179;4621647275947458560;4596242690420506624;4654234173148495872;4563304410580500087;4623482343674347520;4596101952932151296;4653943591767375872;4566394302137341313;4620797130120888320;4595468634234552320;4654774533721423872;4564642824094759256;4622129042429050880;4597808532417413120;4652589469109583872;4566024303280455156;4624607582156226560;4597273345132593152;4654844058504527872;4564552329889746780;4621161386297262080;4593846992022536192;4655383613771087872;4565302038490215613;4620919278990786560;4595544500536868864;4653770450898255872;4563891708119406871;4623696361894707200;4594153068571918336;4653171034525007872;4563433607594810278;4624562742697656320;4595578035641516032;4654394429115727872;4564393015052928549;4623161251919298560;4596708883350683648;4654878418242895872;4564245240690155455;4620887839830179840;4594374895042822144;4652624365718863872;4562321640699314831;4622821090509455360;4594860879182299136;4655078536875343872;4565231669746037949;4623290616334254080;4596967268583211008;4653380011527503872;4565192122511810101;4621529379095183360;4598148968705163264;4654331749436751872;4565048992486152733;4620963731902300160;4596714930664636416;4655748149120335872;4562370195132797420;4620483829436514304;4594589299810238464;4653137748528463872;4566397961312038552;4623757049782599680;4596133976208310272;4655731908775247872;4564847597140316258;4622166924040601600;4594020989737631744;4654685278932303872;4565070666059359453;4622595089330339840;4596201733612371968;4653397594049871872;4566619341381221483;4623493682388008960;4594892077824737280;4654406106058063872;4566659029352937685;4621670597619875840;4594666952818950144;4655623058197839872;4566013044281386730;4623718652774973440;4596081886844944384;4655918605634895872;4566423716272407577;4624195394144829440;4597872304091824128;4652458606824783872;4563959543588794139;4622330562294579200;4595211760830513152;4656183417212239872;4565921424176467411;4622372051678658560;4596547392580354048;4655060014828879872;4562263093904159015;4621794292678000640;4595963414467051520;4652651209264463872;4566701883918141882;4621143862830694400;4595645243289763840;4654456974576975872;4566484092654912012;4621747005088071680;4597383296295370752;4654806880193871872;4564181627345418846;4623945040501145600;4594638502955581440;4655087797898575872;4565762953764579312;4621635421837721600;4596696788722778112;4656132682911055872;4563850753510295470;4622673171835781120;4594838751510790144;4655558365252943872;4563372105312399000;4623356200484864000;4596627107173367808;4654448250424655872;4566228091163593671;4621438669385891840;4597706552713936896;4655788817091919872;4565763798189509444;4621226841598853120;4594698838656155648;4654660314434895872;4564872085463290086;4622315100412313600;4594156504545755136;4655364420635983872;4562393416818376049;4621514561458012160;4595059890786926592;4653918761487695872;4563149599343309226;4623755890141429760;4594392624667820032;4656283946290511872;4565495693274192544;4623963079363788800;4597785854990090240;4653161505066319872;4563284003644688564;4623233149671833600;4594694990365458432;4652514709835087872;4566750086507903582;4624432347490549760;4597190744321556480;4655465620802895872;4564625091171226485;4624098499682631680;4593744600002199552;4654731584048463872;4563721415758496924;4621759374593884160;4598152542117953536;4655601583361359872;4566532084138441179;4621333915133542400;4595438947420602368;4653482956524879872;4566353769740694979;4624618792020869120;4596410365943742464;4655976319257935872;4566643407491730244;4621078278680084480;4593691960883019776;4652726236974415872;4563959262113817428;4624607324458188800;4594889603923574784;4656187846397263872;4563759414880352862;4622156229572034560;4597766476097650688;4654984316030287872;4564494627519521096;4624214850346680320;4597509465254658048;4655773918924111872;4565336800649839379;4622938471965655040;4594557001656172544;4655298385513807872;4565260239456174080;4622575246581432320;4593983743781240832;4652563162434895872;4562699802330525598;4623981375924469760;4596440327635599360;4652772273655119872;4565007474927087911;4622326954522050560;4594160215397498880;4654219543416143872;4566205291690480108;4622221040628531200;4594550679464312832;4653322297904463872;4566734675752928674;4623807558598000640;4594807140551491584;4654603003465039872;4566619341381221483;4622056500431421440;4597623264708132864;4654832381562191872;4562547524368125133;4623470747262648320;4595938400577519616;4654110290185551872;4565669785547288085;4621100054164275200;4594276763630043136;4654302355754319872;4563363801800586035;4620747265550581760;4594621048208490496;4653628045888847872;4565093465532473016;4621260342343761920;4596359925847818240;4654993711271247872;4565749442965697200;4620673752890343424;4596797668914626560;4652883137498447872;4564906847622913852;4622936925777428480;4596731285900099584;4655984774974799872;4563600381518511342;4623913859038576640;4597582720216858624;4653191569837391872;4566288186071121396;4623436988819701760;4594590949077680128;4654919354649935872;4564944987482258145;4620855756424478720;4597588080336044032;4655809083968847872;4565237017770595451;4623836291929210880;4593792291319054336;4655153698803023872;4562544568880869671;4623903164570009600;4596731011022192640;4655884245896527872;4564678852891778220;4623173879123148800;4596649372283830272;4655310733544783872;4564445369398596731;4623621887161794560;4597048495004712960;4654002916003151872;4563513546488196104;4621090390487859200;4597744485865095168;4656427290824015872;4564579632962487714;4620943244908298240;4596504786504777728;4654539115826511872;4564108162376497365;4620242108677095424;4595750246650216448;4655906794474831872;4564094088627661832;4621359040692224000;4596310172946661376;4655209667595599872;4565956890023532954;4621622794633871360;4596243789932134400;4654665548926287872;4565009445251924886;4620649529274793984;4594728113153245184;4654220885593423872;4563951099339492819;4620725103519334400;4596508085039661056;4655484411284815872;4563878619532989825;4624520351370444800;4594393586740494336;4653017757879631872;4565096843232193544;4620878691549839360;4597352922286653440;4652562625563983872;4563893396969267135;4621468175811215360;4596121056946683904;4654634276195663872;4563726904520542782;4622095670533160960;4596923013240193024;4656256834309455872;4563930833141169652;4623636189402890240;4597215071016321024;4653248075500879872;4562830406719719342;4623934474881597440;4598016202676109312;4656248244374863872;4566047384228545430;4622901621146255360;4594285559723065344;4654521935957327872;4563099215322478019;4623916822566010880;4597387556902928384;4655076792044879872;4564526434191889400;4623090384958914560;4595069374074716160;4656361389919567872;4565810663773131768;4624388152277073920;4597570763027906560;4653298272931151872;4562595656589142655;4621505413177671680;4594223437316096000;4656062487039311872;4566486766667190764;4622490850474065920;4596183041914699776;4652233121041743872;4566085524087889724;4624232244964229120;4594154305522499584;4653059902246223872;4562387928056330191;4621246942045798400;4597745997693583360;4652316738686287872;4563253745084692169;4623444590911815680;4594321706167828480;4656074432417103872;4564618195034297074;4623752282368901120;4593983468903333888;4655848678198607872;4564560492664071389;4621154299601223680;4594053287891697664;4655074510343503872;4564114917775938421;4623149784356618240;4598160513577254912;4652080054849765376;4564045956406644310;4623405420810076160;4595359782583402496;4654812248902991872;4566731157315719791;4622156358421053440;4593855513237651456;4655492061695311872;4565271076242777440;4621802925562265600;4596742143577423872;4655581450702159872;4564241862990434927;4623034979880796160;4596321580379799552;4655077328915791872;4565752679927929373;4621483766542499840;4596006295420534784;4655966387146063872;4564085503640872157;4621790169509396480;4596754650522189824;4652963936570703872;4564457895035060355;4622645598145740800;4597581895583137792;4655590980160847872;4565386621720717165;4623472164601856000;4596632879609413632;4653624824663375872;4564686452716149408;4623185088987791360;4597322135961075712;4653469132098895872;4566045273166220100;4623706154420142080;4597021556969832448;4653501075918159872;4563117511195964211;4621337265208033280;4594326241653293056;4655151685537103872;4565699340419842704;4623996451259678720;4596883293382639616;4652547190525263872;4566527580538813809;4622536076479692800;4593753808412082176;4653484835573071872;4563996135335766524;4621699975196180480;4595893320600780800;4652581684481359872;4562390461331120587;4620942600663203840;4596128890967031808;4653349678320975872;4563474280728944968;4621108300501483520;4597254103679107072;4655637956365647872;4563265285558737306;4623194752664207360;4595651015725809664;4652419817901391872;4563222219887300575;4623421140390379520;4596999291859369984;4653518390005071872;4563561256496748561;4621491239785594880;4596521004301287424;4652707178057039872;4566372910039111303;4620939894833807360;4595815805031022592;4652534305623375872;4565479508463031681;4621562750991073280;4597741462208118784;4654514017111375872;4564539382040818090;4620818132510965760;4597354434115141632;4654263701048655872;4563447118393692389;4624200676954603520;4595930703996125184;4654784331615567872;4563754770543237137;4622366640019865600;4597534754022096896;4653901984271695872;4565447701790663377;4623673426769346560;4597145526905864192;4654249742404943872;4564296750610893505;4623915405226803200;4596366110600724480;4656205697355087872;4563620929191811220;4623031629806305280;4597177962498883584;4655781166681423872;4563569560008561525;4621229418579230720;4596259320533876736;4656250123423055872;4564814946043017822;4624080847367045120;4597880000673218560;4653942786461007872;4563598411193674367;4622814261511454720;4595834084411834368;4655372876352847872;4565799545511551697;4621576151289036800;4596468365182107648;4655333684776271872;4564688141566009672;4623000448343736320;4597237336126783488;4655125915733327872;4565370296172067947;4622749192756920320;4597346325216886784;4654947406155087872;4563693408998314214;4621469850848460800;4595447193757810688;4655627218947407872;4562620707862069903;4624614282305208320;4596903771786706944;4652013214421221376;4566125212059605926;4621673432298291200;4594598645659074560;4653910708424015872;4564435095561946792;4620829600073646080;4595339304179335168;4653257336524111872;4565974200734600659;4620802799477719040;4597287089027940352;4655471123729743872;4565313156751795683;4621224522316513280;4594971242661937152;4652635505790287872;4562428038240511459;4620873795287121920;4593872555667881984;4655023373389135872;4564086770278267355;4620629171129810944;4594045453871349760;4652700332952911872;4562754267738519110;4622920819650068480;4596820071464042496;4652444513963343872;4566726442609859887;4622783981992017920;4594053837647511552;4653642541403471872;4566692524875166253;4621191923514736640;4593973985615544320;4655523065990479872;4566546720837230133;4621548062202920960;4598044652539478016;4656142480805199872;4564938091345328734;4622675362269102080;4596409403871068160;4656319513988431872;4564771458159116026;4620746234758430720;4595423829135720448;4655322813140303872;4564658023743501632;4624406062290698240;4596210254827487232;4655904781208911872;4564956950168768348;4623981762471526400;4596294230028058624;4652293250583887872;4565127383267166651;4624549084701655040;4596306599533871104;4653915808697679872;4566268342085263295;4620144441120784384;4593738552688246784;4652501690715471872;4565011697051738571;4620815555530588160;4595273883237482496;4655701575568719872;4566438775183661597;4621197464022548480;4598158726870859776;4655288453401935872;4565291201703612252;4621546258316656640;4594652384289882112;4653081645518159872;4564651690556525642;4624074533765120000;4595055355301462016;4652237013355855872;4562919915762313331;4623017585263247360;4597257402213990400;4653484030266703872;4564422710662971523;4624505920280330240;4597381097272115200;4656311595142479872;4562931315498870112;4620356011209785344;4596483758344896512;4656304750038351872;4562647447984857416;4622507600846520320;4594313047513759744;4656226501102927872;4562873753866132783;4623686182822215680;4597134806667493376;4655657283718479872;4566318303893629436;4621072738172272640;4594599745170702336;4654380202036559872;4564916699247098725;4621085107678085120;4595719322885685248;4656314816367951872;4563125392495312110;4624587868256337920;4597850451298222080;4656409305648463872;4564896995998728979;4620905363296747520;4596776503315791872;4654469725261135872;4565844018557871981;4624583745087733760;4597349898629677056;4656345820663119872;4564425666150226985;4624016551706624000;4597677278216847360;4653675693182287872;4564488012857568395;4623484276409630720;4596384252542582784;4652559135903055872;4564545715227794080;4622390477088358400;4595941561673449472;4654402347961679872;4566086087037843145;4624579493070110720;4597544649626746880;4654903785393487872;4564003735160137712;4622850596934778880;4596557700501864448;4652386800340303872;4565281772291892445;4621997616429793280;4596534885635588096;4652283318472015872;4566696676631072735;4624378102053601280;4596781863434977280;4654575623048527872;4565662889410358674;4624454380672778240;4593993227069030400;4654981497457999872;4566340821891766289;4620750744474091520;4597960677338906624;4655485887679823872;4564197108469137932;4624115765451161600;4593803836191145984;4653431148481871872;4562722601803639161;4624292288607027200;4594834490903232512;4653147949075791872;4563337202415286878;4624568283205468160;4596904321542520832;4656146373119311872;4565047444373780824;4622067967994101760;4596367347551305728;4656252405124431872;4564680541741638484;4622348085761146880;4595093013574713344;4652889714167119872;4562306863263037522;4620744559721185280;4597036125498900480;4656112147598671872;4562627463261510959;4622246037338193920;4596361849993166848;4652605306801487872;4563101467122291704;4623896464421027840;4597659411152896000;4655799957163343872;4565710740156399485;4623057657308119040;4596185790693769216;4655380526763343872;4566240476062568940;4621978160227942400;4594701862313132032;4655304425311567872;4562584397590074229;4624444588147343360;4593848778728931328;4655195708951887872;4563625151316461879;4624517903239086080;4596599619382673408;4654279672958287872;4566410768423478887;4621128787495485440;4595257940318879744;4655866529156431872;4566188403191877468;4620377400146919424;4595049857743323136;4654793189985615872;4562402986967584211;4622419854664663040;4597744623304048640;4656200731299151872;4565272905830126060;4623401426490490880;4594847135286951936;4655279192378703872;4566047524966033785;4621077119038914560;4597381647027929088;4652746772286799872;4563182954128049439;4622812071078133760;4594180281484705792;4653286730206543872;4566034154904640029;4621281215884820480;4596303163560034304;4655737143266639872;4566746779176927232;4621203648775454720;4596453796653039616;4652627452726607872;4564032304870273843;4624384157957488640;4596510696379777024;4652254327442767872;4563012380292162781;4623725610621992960;4595089165284016128;4652929308396879872;4563737741307146142;4623103914105896960;4593681790400462848;4652960178474319872;4562667995658157294;4623990910751866880;4594353042249220096;4652385995033935872;4564532063691423613;4621051993480232960;4597998473051111424;4655262146727247872;4562385957731493216;4623602817507000320;4594158153813196800;4654903114304847872;4564364304605304062;4622705899486576640;4596430157153042432;4654858688236879872;4565668378172404531;4622128140485918720;4597381509588975616;4655255704276303872;4562634359398440370;4623381326043545600;4596080237577502720;4652885150764367872;4562768060012377932;4623957667704995840;4594664753795694592;4655030352710991872;4563073741837085704;4624537359440936960;4595476330815946752;4654265311661391872;4565852181332196590;4624056623751495680;4594250650228883456;4652141258133733376;4562794377922700378;4623749189992448000;4596391261929209856;4652867970895183872;4565768020314160104;4623270000491233280;4597775684507533312;4652568799579471872;4564393296527905260;4621569193442017280;4597651439693594624;4656245157367119872;4562594812164212523;4622516620277841920;4594078576659136512;4655129405394255872;4565000015840205079;4624164856927354880;4597951468929024000;4653197475417423872;4563915070542473855;4621206612302888960;4598042865833082880;4654610653875535872;4563770814616909644;4620559077263540224;4594165025760870400;4656104765623631872;4564638461232620241;4624101849757122560;4594865414667763712;4653123253013839872;4564770895209162605;4623602559808962560;4597670543708127232;4655296372247887872;4563718460271241462;4622844412181872640;4596914217147170816;4654091902356815872;4566021770005664760;4621276577320140800;4596633429365227520;4652586784755023872;4562423393903395734;4623927645883596800;4597003552466927616;4656208381709647872;4562383283719214465;4622224133004984320;4594849884066021376;4655227384335695872;4562607478538164503;4621780892380037120;4593726870377201664;4656180195986767872;4562270834466018558;4624275924781629440;4596547392580354048;4652267883433295872;4564980453329323688;4622518553013125120;4594270991193997312;4655877535010127872;4562868405841575281;4621378883441131520;4595687849365340160;4652488805813583872;4562767497062424511;4621245782404628480;4594713819502084096;4656285556903247872;4566747553233113186;4623122983760691200;4596797531475673088;4656364611145039872;4563037713040066740;4621586588059566080;4596348930731540480;4655855523302735872;4566720390897860608;4623603590601113600;4595263850193879040;4654413488033103872;4566528143488767230;4621433773123174400;4594990071798562816;4653253444209999872;4566545454199834935;4620948270020034560;4598163674673184768;4656335351680335872;4565914387302049645;4624031627041832960;4597296572315729920;4654507037789519872;4565634882650175963;4624178257225318400;4595553708946751488;4654177667485007872;4562527961857243742;4623727156810219520;4596566496594886656;4653763874229583872;4566707020836466852;4622069771880366080;4594810301647421440;4655870555688271872;4564626920758575104;4621274258037800960;4598069528990056448;4653632743509327872;4564864767113895608;4623792483262791680;4596422323132694528;4652791601007951872;4562607900750629569;4622251448996986880;4594839576144510976;4654738294934863872;4563813317338392953;4623548700919070720;4596806052690788352;4653300554632527872;4564170790558815486;4622811169135001600;4597512076594774016;4654071232826703872;4565477115925729641;4624323341220577280;4595623390496161792;4654701921930575872;4564918247359470633;4620763758224998400;4596605391818719232;4652053748175077376;4563373653424770908;4623633870120550400;4594093420066111488;4654789834542415872;4565074043759079981;4622438022376325120;4596861303150084096;4655699159649615872;4564000357460417184;4624613251513057280;4597806608272064512;4654596695231823872;4563141436568984617;4624209052140830720;4597541625969770496;4654149079108943872;4566653822065868538;4621761178480148480;4597022106725646336;4652346266586447872;4563397297322814603;4623582201663979520;4595242959472951296;4653032656047439872;4566331251742558126;4620247004939812864;4596503686993149952;4654998140456271872;4564939357982723932;4621831014648381440;4595718773129871360;4654812517338447872;4565798419611644854;4622776508748922880;4595816492225789952;4654608237956431872;4564568514700907643;4622414314156851200;4594175608560287744;4652820323601743872;4564674771504615916;4621555277747978240;4596645798871040000;4653068357963087872;4564282817599546327;4620949043114147840;4596103189882732544;4655995780828495872;4562296870901364294;4624268966934609920;4596604154868137984;4656057923636559872;4564936261757980115;4620335910762840064;4597570213272092672;4656450644708687872;4565215907147342152;4621829597309173760;4596549729042563072;4653803468459343872;4564509967905751827;4621626144708362240;4597046845737271296;4654208134909263872;4562409883104513622;4620792620405227520;4594394273935261696;4654613069794639872;4565605187040132989;4620608297588752384;4593715737821970432;4655553533414735872;4565059688535267738;4620632778902339584;4596924662507634688;4652441426955599872;4564491531294777279;4620890545659576320;4594790372999168000;4653792865258831872;4563314402942173315;4620755898434846720;4595596040144420864;4656025979817295872;4563212086788138992;4622555661530562560;4595811819301371904;4653991507496271872;4566067228214403531;4622835521599569920;4596368584501886976;4656452255321423872;4563242486085623743;4621180069404999680;4596974415408791552;4653733138369871872;4562332336748429836;4621087813507481600;4595500107754897408;4656290388741455872;4563761525942678192;4622927777497088000;4596932908844843008;4654664609402191872;4565632208637897212;4621647791343534080;4595872155001946112;4654751716707663872;4564533471066307166;4621898016138199040;4595617480621162496;4656448094571855872;4566152233657370149;4624127490711879680;4596293542833291264;4654836005440847872;4564178671858163384;4623875204332912640;4597048907321573376;4655112762395983872;4565903972727911350;4624254793542533120;4594315109098061824;4652885687635279872;4563055727438576222;4623634772063682560;4594138087725989888;4654598842715471872;4563160858342377652;4620734638346731520;4598052074242965504;4654528915279183872;4566144352358022251;4624471002196213760;4594019477909143552;4656312266231119872;4564564151838768628;4622110101623275520;4597473181370941440;4655438106168655872;4562868265104086925;4623946586689372160;4593843556048699392;4653078155857231872;4564946817069606765;4624067575918100480;4594237043772489728;4652874681781583872;4562260279154391908;4620754094548582400;4597103333147148288;4653878898822479872;4564050460006271681;4620349053362765824;4595500107754897408;4652836295511375872;4563562382396655403;4621576666685112320;4593930005150433280;4655817137032527872;4564796368694554919;4623138961039032320;4594212991955632128;4655213023038799872;4563719304696171594;4622616735965511680;4595433999618277376;4655660639161679872;4562332758960894902;4621761049631129600;4594453235246301184;4652057774706917376;4564873352100685283;4620663444968833024;4595986366772281344;4652590677069135872;4565363400035138536;4620815426681569280;4596226060307136512;4652727444933967872;4563410948859185070;4624250670373928960;4594048477528326144;4655349254032719872;4566699350643351487;4620845835050024960;4593774974010916864;4655041224346959872;4566665362539913675;4622369861245337600;4594986635824726016;4654201424022863872;4564834086341434147;4621151078375751680;4596411602894323712;4653231566720335872;4563593063169116865;4621034727711703040;4595872567318806528;4654470530567503872;4566333081329906746;4622423333588172800;4595300546394456064;4653484969790799872;4564396533490137432;4620332302990311424;4597304818652938240;4652898304101711872;4566150263332533174;4620943244908298240;4597800835836018688;4654780841954639872;4566658466402984264;4622201584426680320;4597217270039576576;4653588183223631872;4564099858864684401;4623884610311290880;4594250375350976512;4656038730501455872;4562800288897211302;4622822765546700800;4593692785516740608;4653161907719503872;4563174791353724830;4622398852274585600;4596810588176252928;4654468651519311872;4565954778961207624;4621283277469122560;4596786261481488384;4652303853784399872;4563207160976046555;4623808202843095040;4597244482952364032;4652718049693007872;4566732705428091699;4621314201233653760;4595309617365385216;4654112706104655872;4563749422518679634;4620242881771208704;4596753551010562048;4652824350133583872;4564146583710818370;4621443179101552640;4595676029615341568;4653655292087631872;4562345706809823593;4621960250214318080;4595281304940969984;4654566227807567872;4563062905050482344;4621855367112949760;4597692396501729280;4653909500464463872;4566636933567265899;4623954833026580480;4594328028359688192;4653813400571215872;4564076214966640706;4622810138342850560;4597374912519208960;4655319726132559872;4564961875980860785;4623516102117294080;4595262338365390848;4654072306568527872;4565977859909297898;4623057786157137920;4594267005464346624;4654146663189839872;4566132389671512048;4621740176090071040;4597631785923248128;4656040743767375872;4564109851226357629;4622478352119234560;4594253811324813312;4654012713897295872;4565422650517736129;4622172593397432320;4597474693199429632;4655957797211471872;4562469555799576281;4620303440810082304;4594362937853870080;4655456628215119872;4565898202490888782;4620780637446471680;4594637403443953664;4652751604125007872;4562757926913216348;4622951614565580800;4594586276153262080;4654283833707855872;4562851095130507575;4621258280759459840;4595590542586281984;4655185642622287872;4562649699784671101;4623607713769717760;4596191150812954624;4653111710289231872;4565129353592003625;4620776385428848640;4593724259037085696;4653821319417167872;4563286959131944026;4623699067724103680;4595527870423498752;4655322142051663872;4565737480279186997;4621066682268385280;4594682071103832064;4654552940252495872;4562938915323241300;4621893635271557120;4595851814036832256;4654616291020111872;4563165221204516668;4622615060928266240;4596656931426271232;4654968612556111872;4564495190469474517;4621155330393374720;4596626832295460864;4655355159612751872;4564269729013129282;4623079175094272000;4597710126126727168;4655894714879311872;4564513767817937420;4622939373908787200;4596340959272239104;4653318539808079872;4564100281077149467;4624149266196070400;4594082012632973312;4655348717161807872;4565325823125747663;4621386356684226560;4595320200164802560;4656045844041039872;4562614796887558980;4621520359663861760;4596517568327450624;4655685872094543872;4564083392578546827;4622849694991646720;4594040231191117824;4654798692912463872;4562950596534774792;4624419591437680640;4597052755612270592;4653154391526735872;4564865470801337385;4623201710511226880;4595941011917635584;4653697570671951872;4565083613908288144;4624468425215836160;4594346857496313856;4653837425544527872;4563112585383871775;4623138961039032320;4596730736144285696;4654878820896079872;4564099014439754269;4623653712869457920;4596497227362336768;4654412414291279872;4562345143859870171;4622376303696281600;4596207918365278208;4652447332535631872;4562296448688899228;4624300534944235520;4596832853286715392;4653695960059215872;4563210116463302017;4622286495930122240;4596571994153025536;4652816968158543872;4562849406280647311;4623266779265761280;4594743093999173632;4655391801052495872;4566363480627391496;4624316383373557760;4596231832743182336;4655470049987919872;4563464147629783384;4623025960449474560;4593988829022519296;4653248343936335872;4566129152709279875;4624181607299809280;4597123124356448256;4655705333665103872;4563873271508432323;4621639673855344640;4596510421501870080;4655797138591055872;4562604663788397396;4622949810679316480;4594012880839376896;4656182880341327872;4564106755001613812;4623841059342909440;4596234718961205248;4653917419310415872;4564543322690492039;4621234701389004800;4595328446502010880;4656479501520207872;4562762571250332074;4622562490528563200;4595401151708397568;4654371075231055872;4564566966588535734;4621835653213061120;4594447050493394944;4655836598603087872;4564500397756543664;4622685541341593600;4593865271403347968;4656163552988495872;4565105709693959930;4623931897901219840;4595028692144488448;4655909613047119872;4564477176070965035;4622568675281469440;4596417100452462592;4653292233133391872;4562834628844370002;4621498841877708800;4595815942469976064;4654720041323855872;4565064755084848530;4620908713371238400;4597581895583137792;4655087395245391872;4565389999420437693;4622836165844664320;4597953255635419136;4653803200023887872;4564896995998728979;4623601271318773760;4597945284176117760;4653777161784655872;4566582468159272387;4623651393587118080;4594289957769576448;4652101529686245376;4566363902839856562;4621047354915553280;4597960814777860096;4653623616703823872;4563113852021266973;4622364707284582400;4594713544624177152;4653404304936271872;4564658445955966698;4624568669752524800;4596261519557132288;4656080337997135872;4566666488439820517;4622748677360844800;4597439096510480384;4655317175995727872;4564494486782032740;4622603593365585920;4596977851382628352;4653744546876751872;4565362696347696759;4623899685646499840;4596327627693752320;4652596314213711872;4564541774578120131;4621344609602109440;4594538035080593408;4655096119397711872;4563375764487096238;4622877655228743680;4597211772481437696;4652798311894351872;4564920499159284318;4622044904019722240;4594497628028272640;4656460442602831872;4565530736908793021;4621566616461639680;4593688387470229504;4652699124993359872;4565471345688707072;4623656676396892160;4593835722028351488;4653552883961167872;4566268342085263295;4620868899024404480;4596955861150072832;4654237797027151872;4564026534633251275;4621248359385006080;4597281041713987584;4653023797677391872;4566379946913529070;4623344861771202560;4598095504952262656;4654070159084879872;4563903670805917074;4621309304970936320;4597608283862204416;4653217071205711872;4566657692346798309;4623184315893678080;4597908450536587264;4655114238790991872;4562953270547053544;4623278504526479360;4596467403109433344;4655714863123791872;4566204447265549976;4621512757571747840;4596219463237369856;4656104899841359872;4565663452360312095;4622183030167961600;4593687425397555200;4654892645322063872;4565238847357944070;4620476613891457024;4594691691830575104;4654342084201807872;4562985217956910203;4623943236614881280;4594595072246284288;4653861718953295872;4563442755531553374;4622202486369812480;4595137956112498688;4652838711430479872;4562883746227806012;4622679098890649600;4594815249449746432;4654023853968719872;4562805214709303738;4621907679814615040;4597831347283689472;4654271888330063872;4565551284582092898;4624459663482552320;4596595771091976192;4653422558547279872;4565900595028190823;4624289453928611840;4595313740533989376;4654937071390031872;4566288889758563173;4624608741797396480;4598112135065632768;4653888965152079872;4564936402495468470;4624510816543047680;4597727580873818112;4656291730918735872;4563000839818117644;4623010627416227840;4596282272839106560;4654995456101711872;4563081341661456892;4623614413918699520;4595098786010759168;4654511198539087872;4563688623923710132;4622526412803276800;4594083936778321920;4652405725039951872;4563513687225684460;4622717495898275840;4596180155696676864;4656430109396303872;4566274393797262574;4623188567911301120;4594363762487590912;4653818366627151872;4563079089861643207;4621427717219287040;4595237324475858944;4655904378555727872;4566095375712074597;4620542584589123584;4598146907120861184;4655326437018959872;4564397237177579209;4620272774743588864;4597381509588975616;4654151092374863872;4563397860272768025;4621328761172787200;4593942099778338816;4652963265482063872;4564908536472774115;4624389440767262720;4594362800414916608;4653701731421519872;4566219224701827285;4624256983975854080;4596584501097791488;4654246789614927872;4564368245254978011;4622949939528335360;4594406093685260288;4652354722303311872;4565599979753063842;4623398720661094400;4596007944687976448;4654540055350607872;4563117088983499145;4623458248907816960;4598004520365064192;4654720443977039872;4566137174746116129;4623116025913671680;4596087384403083264;4652994538212687872;4564963564830721049;4623782175341281280;4596231008109461504;4652979371609423872;4565806723123457819;4623886671895592960;4594937157801476096;4655298519731535872;4566231046650849133;4623447167892193280;4596070204533899264;4656019537366351872;4563458940342714237;4620721238048768000;4596731423339053056;4654435768175951872;4563252337709808616;4622052763809873920;4596212316411789312;4652602890882383872;4566311407756700025;4622690437604311040;4596505473699545088;4655424550178127872;4564474361321197929;4621911931832238080;4594370771874217984;4653696094276943872;4565161863951813706;4621786690585886720;4596481284443734016;4656076043029839872;4565671333659659993;4622244877697024000;4594601394438144000;4655637285277007872;4564940061670165709;4620895699620331520;4595370640260726784;4654141562916175872;4566655792390705513;4621818387444531200;4596605941574533120;4656078861602127872;4564532204428911968;4623769290439393280;4595694308996153344;4654458987842895872;4564966520317976511;4621584526475264000;4594042979970187264;4652338347740495872;4564274232612756652;4620775225787678720;4597589592164532224;4654109484879183872;4563304832792965153;4623097213956915200;4595357446121193472;4652942730169679872;4564223567116948734;4621091421280010240;4597120513016332288;4653962248031567872;4563251211809901773;4622707316825784320;4595070061269483520;4653990031101263872;4562428178977999815;4621567260706734080;4598101277388308480;4652627586944335872;4563507072563731759;4622644953900646400;4594606479679422464;4655090750688591872;4562422127266000536;4622029313288437760;4596895113132638208;4653603349826895872;4562782696711166886;4620992465233510400;4596104839150174208;4653322029469007872;4562271819628437045;4623697521535877120;4594237318650396672;4654829697207631872;4562680099082155852;4622767360468582400;4596223448967020544;4654771446713679872;4566665925489867096;4623380295251394560;4598049325463896064;4655835793296719872;4565962660260555522;4621450523495628800;4597962326606348288;4655296103812431872;4566734535015440319;4624557073340825600;4594728800348012544;4656090941197647872;4565603498190272725;4622735663609937920;4595463823871180800;4656465408658767872;4566253283174009275;4623129168513597440;4596999979054137344;4653354912812367872;4566113390110584079;4621835395515023360;4594842187484626944;4655115849403727872;4565392954907693154;4622724453745295360;4597188820176207872;4655222955150671872;4563365631387934655;4623008565831925760;4594479486086414336;4654895463894351872;4564367119355071169;4620203196273393664;4597059764998897664;4655486156115279872;4565924520401211228;4621088328903557120;4596848246449504256;4655818881862991872;4565907631902608589;4622187797581660160;4597119276065751040;4654472946486607872;4565646000911756034;4621009988700078080;4597814717170319360;4652618057485647872;4564397377915067564;4624141406405918720;4594926987318919168;4653000846445903872;4563618255179532468;4623560555028807680;4593958042696941568;4655082697624911872;4562586086439934493;4623900716438650880;4596918065437868032;4655126049951055872;4563821198637740851;4623795962186301440;4594391800034099200;4655625608334671872;4565250810044454273;4623089740713820160;4594195949525401600;4653300017761615872;4566717224304372613;4622124146166333440;4596556875868143616;4654020901178703872;4563630358603531027;4621559658614620160;4596872298266361856;4653107683757391872;4563247271160227824;4622721232519823360;4598043827905757184;4655754725789007872;4565978422859251319;4624249768430796800;4596349755365261312;4654026940976463872;4564710096614193103;4623504763403632640;4594903897574735872;4652784621686095872;4563551827085028754;4622715305464954880;4595157747321798656;4652135352553701376;4564812412768227426;4622994134741811200;4597974558673207296;4652675636890959872;4565775197926066225;4623099533239255040;4596257121510621184;4656260860841295872;4565273046567614415;4622949552981278720;4595161870490402816;4654961499016527872;4566229217063500513;4623439436951060480;4596846597182062592;4655130747571535872;4564937528395375313;4622566613697167360;4594787761659052032;4653892723248463872;4563980091262094017;4620360134378389504;4595682626685108224;4655720500268367872;4562660395833786106;4621115129499484160;4596879032775081984;4654380470472015872;4566461856131751871;4620990919045283840;4595892633406013440;4655008206785871872;4564799183444322026;4620462698197417984;4595983068237398016;4652754154261839872;4564688141566009672;4622828048356474880;4594279924725972992;4655959139388751872;4565038155699549373;4624067704767119360;4597492422824427520;4652705030573391872;4563805013826579989;4622260854975365120;4597649240670339072;4652682213559631872;4565717917768305607;4621577053232168960;4597942123080187904;4654840300408143872;4562914849212732539;4620506764561874944;4594095481650413568;4655169536494927872;4562269990041088426;4622172593397432320;4596831478897180672;4655034245025103872;4562569901628773630;4622660931178987520;4596351679510609920;4652461828050255872;4564546981865189278;4622856137442590720;4594935233656127488;4655972963814735872;4563043483277089309;4622514429844520960;4595064151394484224;4654980423716175872;4562810281258884530;4623870694617251840;4597118451432030208;4652310967323983872;4562600019451281670;4623012946698567680;4597635084458131456;4653295588576591872;4562895145964362793;4622894534450216960;4597136318495981568;4655410323098959872;4564989460528578429;4621542263997071360;4595010000446816256;4656058863160655872;4566034014167151674;4621902397004840960;4593960654037057536;4656506613501263872;4563882841657640485;4621103661936803840;4596016191025184768;4653170363436367872;4562515576958268473;4621359556088299520;4594593697856749568;4655846396497231872;4564200908381323526;4624508626109726720;4594149770037035008;4653711395097935872;4566749453189205983;4622861420252364800;4594365411755032576;4652241845194063872;4566550239274439017;4624351688004730880;4597411333841879040;4653508994764111872;4565305275452447785;4623327596002672640;4597762490368000000;4654615217278287872;4565493300736890503;4622537236120862720;4595092601257852928;4655476760874319872;4564918106621982278;4621863098054082560;4594221513170747392;4653961711160655872;4566266231022937965;4624474609968742400;4596618860836159488;4654771849366863872;4564082266678639985;4622396661841264640;4596972628702396416;4652486389894479872;4564602713910577988;4620518360973574144;4593832835810328576;4654737489628495872;4564660838493268738;4623653970567495680;4596314158676312064;4653158954929487872;4563450918305877983;4622821605905530880;4595333119426428928;4656457758248271872;4565643608374453994;4621796096564264960;4593953507211476992;4653666029505871872;4566632852180103594;4620621440188678144;4597764689391255552;4652710130847055872;4566028947617570882;4621502191952199680;4596813749272182784;4653558386888015872;4563279922257526260;4621929712996843520;4597640856894177280;4652704896355663872;4563095274672804069;4621720591039201280;4597330932054097920;4652601548705103872;4562996758430955340;4621600246055567360;4594157191740522496;4654047207853391872;4564506167993566233;4622529376330711040;4594283085821902848;4653524698238287872;4566461574656775160;4621301058633728000;4596510696379777024;4654282088877391872;4563522553687450845;4623552695238656000;4595604973676396544;4655972963814735872;4563697631122964873;4623530404358389760;4595189220842143744;4653643078274383872;4564944002319839658;4622378365280583680;4594181380996333568;4654858554019151872;4564624809696249774;4621624985067192320;4596311135019335680;4653403365412175872;4564931758158352745;4621417795844833280;4597682913213939712;4656303676296527872;4565048570273687667;4623509015421255680;4597418618106413056;4654226120084815872;4563114837183685460;4622101597588029440;4595352910635728896;4654000500084047872;4563377594074444857;4620419920323149824;4594795870557306880;4654515359288655872;4565472612326102270;4623295254898933760;4596850033155899392;4653951107960143872;4563506087401313272;4624006888030208000;4595291475423526912;4653164726291791872;4564158405659840217;4623938984597258240;4594531163132919808;4655225236852047872;4563860605134480343;4621160355505111040;4596614600228601856;4652306135485775872;4563439800044297912;4621463408397516800;4597791215109275648;4652709057105231872;4564894462723938583;4624460178878627840;4594653896118370304;4655660907597135872;4564135043236773233;4622873660909158400;4595345488932241408;4653048896392527872;4562746667914147922;4623466237546987520;4595299034565967872;4653695960059215872;4566494788704027017;4622054438847119360;4594073353978904576;4655408846703951872;4565958860348369928;4621270521416253440;4594737459002081280;4652760865148239872;4563861027346945409;4623520482983936000;4594810851403235328;4654220214504783872;4566076376151146627;4624469584857006080;4595780345781026816;4655846933368143872;4563996698285719945;4623943752010956800;4595166405975867392;4655123768249679872;4563588418832001139;4620248551128039424;4597166142748884992;4652063411851493376;4564297032085870215;4623237530538475520;4596838213405900800;4655729224420687872;4566199099240992473;4622352853174845440;4596375319010607104;4654959083097423872;4563895648769080820;4622972230408601600;4594918740981710848;4652761133583695872;4564039623219668320;4620837975259873280;4596949126641352704;4656116845219151872;4566547143049695199;4620447494013190144;4594220138781212672;4653604423568719872;4564831975279108817;4620708610844917760;4597793001815670784;4655066457279823872;4565062362547546489;4624612091871887360;4594074590929485824;4652664228384079872;4564489983182405370;4622335458557296640;4595992001769373696;4652848777760079872;4562637033410719122;4623696233045688320;4595652664993251328;4656105839365455872;4563836116811506516;4624316383373557760;4594128054682386432;4654842984762703872;4566511536465141301;4622857039385722880;4595770999932190720;4653816219143503872;4562260842104345330;4621892862177443840;4594089022019600384;4655922632166735872;4563182531915584373;4620869414420480000;4594210105737609216;4652939777379663872;4565216610834783928;4622255185618534400;4595378336842121216;4656398568230223872;4562790578010514784;4621332497794334720;4596530075272216576;4654238333898063872;4564041312069528584;4621848795812986880;4597930853086003200;4655972024290639872;4565108805918703747;4622641861524193280;4594366373827706880;4654840300408143872;4566511114252676235;4621679617051197440;4595919708879847424;4656482991181135872;4562425786440697774;4620564488922333184;4595266736411901952;4655387371867471872;4562829280819812500;4621507732460011520;4594082424949833728;4655863039495503872;4565485278700054250;4623865025260421120;4593980720124264448;4653987212528975872;4565401680631971185;4622487500399575040;4597024443187855360;4655282145168719872;4564864485638918898;4622524351218974720;4597791902304043008;4653360415739215872;4565602090815389172;4621361231125544960;4594019477909143552;4653101241306447872;4566137034008627774;4620461409707229184;4597808257539506176;4654792787332431872;4564325461058517992;4621542392846090240;4597853474955198464;4656417492929871872;4565086147183078539;4621540460110807040;4594294493255041024;4656486615059791872;4565646000911756034;4623088452223631360;4598099353242959872;4653026347814223872;4564421444025576325;4622671496798535680;4594982924972982272;4656308776570191872;4565864566231171859;4621117062234767360;4595456951923507200;4653752868375887872;4562826325332557038;4621830112705249280;4595370640260726784;4654540458003791872;4565614616451852796;4621111779424993280;4595560993211285504;4655617957924175872;4562451963613531865;4624338931951861760;4595044909940998144;4652226947026255872;4563521005575078937;4620206288649846784;4593780883885916160;4653383635406159872;4562576234815749620;4624511589637160960;4595994338231582720;4653927082986831872;4563694253423244345;4623707442910330880;4596050550763552768;4655495551356239872;4562485881348225499;4620958449092526080;4596416413257695232;4652869178854735872;4564776806183673528;4624188307448791040;4594660493188136960;4656045575605583872;4564359378793211626;4623446781345136640;4598035993885409280;4655690972368207872;4562826747545022104;4623450646815703040;4598095642391216128;4655112628178255872;4562313196450013512;4621763111215431680;4595408848289792000;4654401140002127872;4563422348595741852;4621279540847575040;4597819802411597824;4652715767991631872;4563731830332635218;4622128913580032000;4596751077109399552;4655517026192719872;4566098331199330058;4622548317136486400;4598113097138307072;4655960615783759872;4564479427870778720;4624506693374443520;4595229078138650624;4656424472251727872;4562615782049977467;4622968364938035200;4596368034746073088;4655399988333903872;4565617290464131547;4621016688849059840;4594291469598064640;4652525581471055872;4562904012426129179;4624394852426055680;4594912006472990720;4654170822380879872;4562451119188601733;4623908447379783680;4596973590775070720;4653180832419151872;4565659652448126501;4620459863519002624;4594814424816025600;4653151304518991872;4565860062631544488;4621756282217431040;4595201452909002752;4653671532432719872;4565841626020569940;4620905749843804160;4594197873670750208;4653708710743375872;4563673846487432823;4624319346900992000;4595123937339244544;4655541588036943872;4566713283654698664;4623501799876198400;4595556870042681344;4656051078532431872;4565060251485221159;4622959216657694720;4597410509208158208;4656151204957519872;4564594410398765023;4622072477709762560;4595061265176461312;4653179221806415872;4566513788264954987;4622833588864286720;4595561405528145920;4655824250572111872;4564945691169699922;4621218852959682560;4594378880772472832;4655626279423311872;4563961795388607824;4624424487700398080;4596737333214052352;4656198986468687872;4562825058695161840;4622185607148339200;4594481959987576832;4654623807212879872;4564869833663476400;4621954967404544000;4597552483647094784;4654180351839567872;4563901278268615033;4621277994659348480;4593959829403336704;4655636345752911872;4563453451580668379;4622916438783426560;4595896481696710656;4653485238226255872;4564340238494795301;4620944919945543680;4596335736592007168;4654723262549327872;4566619763593686549;4621152624563978240;4593749135487664128;4654196994837839872;4562910767825570234;4623973258436280320;4594868300885786624;4654480194243919872;4564567388801000800;4620524803424518144;4595491723978735616;4655514341838159872;4563867219796433044;4623460310492119040;4597883574086008832;4653594894110031872;4565950697574045319;4621083174942801920;4597210398091902976;4654101700250959872;4565996718732737512;4622341385612165120;4595561542967099392;4653992849673551872;4563868627171316597;4620863616214630400;4594015492179492864;4655634466704719872;4565501041298750046;4623362256388751360;4594275664118415360;4654791445155151872;4566416960872966521;4623590834548244480;4596366110600724480;4655557425728847872;4563491028490059252;4623273479414743040;4596889615574499328;4655047398362447872;4562677706544853811;4624007145728245760;4596856630225666048;4655027802574159872;4564257203376665657;4623913472491520000;4596565259644305408;4656506076630351872;4562493903385061753;4623262656097157120;4595549310900240384;4654867546606927872;4564316594596751606;4622181226281697280;4597591378870927360;4653156404792655872;4562459422700414698;4623109325764689920;4593781845958590464;4653914466520399872;4564518975105006568;4621119381517107200;4595680427661852672;4655969474153807872;4562635907510812279;4624317800712765440;4596982249429139456;4656169055915343872;4563705230947336061;4624108549906104320;4594294493255041024;4656064902958415872;4564822968079854076;4620872120249876480;4594965057909030912;4655950683671887872;4566201773253271224;4620542069193048064;4593948696848105472;4653848297180495872;4566217958064432087;4623718652774973440;4596272239795503104;4653840915205455872;4566256097923776381;4622620086040002560;4595026630560186368;4652963533917519872;4562297574588806070;4621184450271641600;4594958185961357312;4655034110807375872;4564753725235583255;4620788754934661120;4596090408060059648;4654245581655375872;4563535923748844601;4623836807325286400;4595923007414730752;4654494152887631872;4562877694515806732;4620912192294748160;4596696926161731584;4654071232826703872;4566004177819620344;4620664733459021824;4595209149490397184;4652896827706703872;4564990304953508561;4621200814097039360;4595707503135686656;4655903841684815872;4563476673266247008;4624009722708623360;4596326940498984960;4654981497457999872;4563069097499969978;4623369085386752000;4594103727987621888;4655450319981903872;4564148694773143700;4621397437699850240;4595055080423555072;4654706887986511872;4562647588722345771;4622609391571435520;4597801523030786048;4652192797741285376;4565847677732569219;4620386419578241024;4595765639813005312;4655592053902671872;4562638722260579385;4622895694091386880;4597948445272047616;4652184744677605376;4563528183186985058;4622347441516052480;4596225373112369152;4655873776913743872;4562829421557300855;4622735405911900160;4596256021998993408;4653163518332239872;4565988696695901258;4623583361305149440;4594913105984618496;4655652451880271872;4566706176411536720;4622028797892362240;4594303701664923648;4656055373499727872;4566472270705890165;4623723677886709760;4593835034833584128;4655243490463055872;4566171796168251540;4620281278778834944;4596354015972818944;4654634007760207872;4563995572385813103;4623373852800450560;4596835739504738304;4653527516810575872;4562312914975036801;4624492648831385600;4594152518816104448;4655790293486927872;4566231187388337488;4622686314435706880;4594398534542819328;4655097595792719872;4564231729891273343;4624405031498547200;4596764133809979392;4655909478829391872;4564719807500889621;4623998255145943040;4597985553789485056;4655415691808079872;4563977839462280331;4622532597556183040;4597359519356420096;4652416596675919872;4565422509780247773;4621805115995586560;4597815954120900608;4652357540875599872;4562545131830823092;4623105717992161280;4594043667164954624;4655320397221199872;4563933507153448403;4622286882477178880;4597206824679112704;4653359610432847872;4563530294249310388;4622247970073477120;4597174801402953728;4654778560253263872;4566729116622138638;4620536915232292864;4597372576056999936;4656177243196751872;4566721164954046562;4623282241148026880;4596149919126913024;4654632799800655872;4566713213285954486;4620266074594607104;4595736640193822720;4656031885397327872;4566686262056934441;4622480929099612160;4593744737441153024;4653166605339983872;4564070726204594848;4624061133467156480;4597753281958117376;4652757912358223872;4564350653068933595;4624370757659525120;4595418194138628096;4654651053411663872;4564697430240241123;4622003930031718400;4597204350777950208;4653551004912975872;4565615601614271283;4623261496455987200;4594111699446923264;4654500863774031872;4564871944725801730;4621387000929320960;4597028566356459520;4653727098572111872;4565800389936481829;4622772900976394240;4595583395760701440;4655217452223823872;4563124548070381978;4623030341316116480;4594121320173666304;4652665167908175872;4566250186949265457;4621585041871339520;4594199797816098816;4655943435914575872;4563182672653072728;4624134190860861440;4595661186208366592;4652097771589861376;4563418970896021324;4624521639860633600;4593765903039987712;4655211815079247872;4563018009791696994;4620916959708446720;4594902110868340736;4654762990996815872;4565587313379111862;4624078270386667520;4596829004996018176;4653694349446479872;4562341062472707867;4623921461130690560;4596506710650126336;4653356254989647872;4563462880992388186;4624171428227317760;4593982369391706112;4652552425016655872;4565482463950287143;4622653586784911360;4596842886330318848;4655872434736463872;4565344118999233856;4621667376394403840;4593701719048716288;4656185698913615872;4565829522596571382;4621999162618019840;4595805771987419136;4652868776201551872;4563109629896616313;4621686317200179200;4598138248466792448;4652991048551759872;4562543020768497762;4623751251576750080;4595128885141569536;4655457970392399872;4562770030337214906;4623354010051543040;4596926586652983296;4653295320141135872;4563439800044297912;4620805118760058880;4596695414333243392;4654076869971279872;4564292247011266134;4622439697413570560;4597020594897158144;4652521823374671872;4564815931205436310;4620908069126144000;4596345219879796736;4656419506195791872;4564481820408080761;4622439310866513920;4593983606342287360;4655929208835407872;4563553797409865728;4623964754401034240;4595697744969990144;4655001630117199872;4564476472383523259;4624548182758522880;4597320074376773632;4654972504870223872;4564614676597088191;4620215565779206144;4595958604103680000;4656297368063311872;4563405600834627568;4621855624810987520;4597263037211082752;4656439236201807872;4565474864125915955;4623624206444134400;4596231282987368448;4652702077783375872;4565883565792099828;4623094121580462080;4594608953580584960;4654412682726735872;4563620084766881088;4621463279548497920;4596331750862356480;4656067453095247872;4566446375008032785;4621501161160048640;4594526215330594816;4655010891140431872;4564038497319761478;4621561849047941120;4595099748083433472;4656469435190607872;4566267497660333163;4622791197537075200;4595859098301366272;4652746369633615872;4563657380201295250;4624195780691886080;4597716585757540352;4655743719935311872;4566734183171719430;4622461215199723520;4593941687461478400;4655266039041359872;4563447681343645811;4620743013532958720;4596002859446697984;4652642216676687872;4563526212862148084;4621096446391746560;4596924250190774272;4655313149463887872;4566672821626796507;4621655651133685760;4593750234999291904;4654378054552911872;4562491792322736423;4622786558972395520;4597062651216920576;4655466426109263872;4563437688981972583;4621098894523105280;4596025949190881280;4652985679842639872;4564925002758911689;4620876372267499520;4596050825641459712;4653296528100687872;4565624890288502735;4620701008752803840;4593973023542870016;4654458316754255872;4565415613643318362;4621715437078446080;4594324867263758336;4652911323221327872;4563888048944709632;4623747772653240320;4594646611853836288;4655108333210959872;4564038497319761478;4621963213741752320;4593877640909160448;4654510124797263872;4562702476342804349;4620932808137768960;4596807152202416128;4653112247160143872;4564624668958761419;4623895691326914560;4596570344885583872;4652734558473551872;4564822545867389010;4622551151814901760;4593735254153363456;4655657149500751872;4563808532263788872;4621154170752204800;4597939511740071936;4652611346599247872;4564941750520025973;4623139476435107840;4594060297278324736;4655301606739279872;4563133133057171653;4622496262132858880;4594515907409084416;4654709303905615872;4566408938836130267;4621002644306001920;4597554545231396864;4654714538397007872;4562709653954710471;4620619378604376064;4595646067923484672;4653489667411279872;4565664859735195648;4620853050595082240;4597946933443559424;4656229990763855872;4564099155177242624;4624539936421314560;4594781851784052736;4653249149242703872;4564347275369213067;4623782948435394560;4594745567900336128;4655799420292431872;4563971928487769408;4623863736770232320;4594813600182304768;4653276529659215872;4562950033584821371;4621459027530874880;4596052337469947904;4654536968342863872;4566213172989828006;4621348475072675840;4597373675568627712;4654999348415823872;4563705371684824416;4624093989966970880;4594356203345149952;4652672147230031872;4566358132602833994;4622692112641556480;4596644012164644864;4655936993463631872;4564242848152853414;4620864131610705920;4596368996818747392;4652298216639823872;4563698334810406650;4622319610127974400;4595682076929294336;4652449077366095872;4565083191695823078;4620401366064431104;4594315933731782656;4655723318840655872;4564163190734444298;4622910769426595840;4595724408126963712;4655678355901775872;4563297795918547386;4624606809062113280;4595770999932190720;4655024984001871872;4564756680722838717;4621150176432619520;4594497765467226112;4654717625404751872;4564613409959692993;4621386098986188800;4594947053406126080;4652391229525327872;4565661482035475120;4623032402900418560;4598041491443548160;4654541934398799872;4563236997323577885;4622524480067993600;4598028434742968320;4654072709221711872;4563899589418754769;4621168344144281600;4596500113580359680;4652369888906575872;4563184361502932992;4623374754743582720;4594460519510835200;4655540245859663872;4565436302054106595;4622756794849034240;4593960241720197120;4653606571052367872;4562715283454244684;4622530535971880960;4595793265042653184;4653028897951055872;4565005645339739292;4622668017875025920;4597754106591838208;4652601280269647872;4566440041821056795;4624465203990364160;4597963700995883008;4655082831842639872;4562826606807533748;4622971586163507200;4594252849252139008;4652989572156751872;4565142582915909026;4621059595572346880;4597620928245923840;4654518580514127872;4562874457553574560;4622908450144256000;4596717129687891968;4652848777760079872;4566333644279860167;4623796477582376960;4594941830725894144;4653163249896783872;4566539121012858946;4621529765642240000;4594068955932393472;4656243680972111872;4564850411890083365;4624177612980224000;4596444863121063936;4655807204920655872;4566284526896424157;4624558104132976640;4594238967917838336;4653985065045327872;4564185990207557862;4621695465480519680;4595287352254922752;4655361467845967872;4562365973008146760;4621693661594255360;4595455165217112064;4652765965421903872;4565537070095769010;4622249902808760320;4596598107554185216;4653197743852879872;4565712147531283038;4623029181674946560;4598065680699359232;4655921155771727872;4566073561401379521;4623898654854348800;4597774172679045120;4653101643959631872;4563913803905078657;4623690950235914240;4593842593976025088;4652981250657615872;4566433567896592450;4623717750831841280;4595799312356605952;4655225236852047872;4565612083177062400;4623365219916185600;4595818004054278144;4653207810182479872;4564381756053860123;4620189022881316864;4594561812019544064;4654437915659599872;4566486485192214053;4620292617492496384;4596062920269365248;4653158149623119872;4562303485563316994;4621321030231654400;4594159390763778048;4656268913904975872;4565972230409763685;4623353108108410880;4595523472376987648;4652627855379791872;4565475427075869377;4623656418698854400;4593712989042900992;4653268342377807872;4565531862808699863;4623146434282127360;4597828873382526976;4653001651752271872;4566501121891003007;4621653976096440320;4594182068191100928;4654143576182095872;4562312633500060090;4621967079212318720;4594091221042855936;4655604133498191872;4566640029792009716;4621732831695994880;4596675623123943424;4655722647752015872;4565865410656101991;4622775349107752960;4597245994780852224;4655652317662543872;4564854634014734025;4624053531375042560;4596259732850737152 perm=1189;2161;209;1909;961;1753;105;1417;1089;2461;2965;797;2985;2537;2277;153;1137;1209;2637;1413;1289;2929;169;953;877;461;537;249;833;1105;1745;949;2189;637;1737;2309;2245;2429;1325;2261;2745;2421;1949;1005;2661;369;2561;329;1913;2253;817;1817;29;917;449;1929;1445;957;1021;1385;2297;617;801;889;2437;2149;2505;713;2497;1341;1877;869;5;2413;1757;309;2773;2801;2885;53;781;25;2089;645;1333;1457;973;893;2665;1749;2173;905;1261;1589;1925;2353;2237;2897;2273;73;2193;2513;429;1477;1425;1337;1181;969;717;2905;2473;1585;1933;2305;2377;1905;701;709;1357;2821;1393;1561;1577;2017;1609;861;69;2629;981;97;1921;1165;1293;2489;897;1629;1613;2013;437;805;2657;1405;1501;2053;1661;521;2613;729;45;2793;1053;253;1169;1361;1265;2165;2621;845;2877;1273;1421;1125;549;2869;1133;1837;1733;1685;465;545;2009;261;1349;2853;113;1725;1121;785;337;1789;233;1041;1525;2057;1061;1641;2697;1221;2625;2281;21;141;2749;2077;2669;1581;569;2733;1993;2365;1681;2641;1433;541;2485;1;2409;2065;1741;381;1621;2249;2029;2737;2509;2569;2469;1849;2685;553;1197;589;2113;1237;597;353;1813;2709;585;821;1833;2725;93;2325;1617;613;2257;2033;2841;2441;2829;941;1205;273;421;2285;865;1281;573;293;1141;929;1897;2785;1025;1821;2153;229;2073;2101;2385;2397;1441;409;89;1945;2765;137;417;2125;41;2873;2361;1553;2945;925;425;2565;405;289;201;2349;2817;2553;1873;2533;533;2109;1049;757;1545;857;2717;2769;2129;2177;481;1193;2589;1301;1981;1389;501;641;393;1409;2809;1257;1377;1449;389;1317;13;477;2085;17;1285;2493;2069;2849;1029;1157;221;2925;777;1953;1729;2545;493;2837;149;2417;1369;1721;1085;2673;581;2117;2425;61;2217;109;2369;2813;2593;2269;881;1793;1653;2957;145;913;1245;1637;1809;2229;705;741;625;377;505;1693;2689;1473;2293;2681;745;2145;1117;1513;297;1365;1465;2021;1101;1373;2433;441;873;1713;1149;565;1521;1453;749;1917;129;473;1177;1461;2381;1077;385;2337;1985;2861;2693;469;2777;2041;269;1013;933;121;697;669;1505;1989;1081;373;793;513;1889;605;2597;33;1845;37;2549;2465;2857;937;665;2265;1201;1885;1853;593;2677;2781;2445;2137;1233;177;2917;2997;2205;1017;1397;2357;77;2605;245;1213;2081;1489;733;349;1645;725;1973;1037;1529;2753;2045;1093;1605;1869;661;1069;1705;2789;2037;361;2345;1185;673;1305;1669;1717;965;1937;2481;921;2889;313;401;685;1893;789;2049;165;1113;2333;2141;1481;181;1045;2845;1401;2221;341;413;1469;2181;677;1345;2901;1697;161;1097;2169;157;365;1573;1825;305;489;837;1861;761;693;133;1965;633;1381;301;2649;1517;1217;609;509;1485;1785;2201;2761;2557;1321;2881;577;1537;2061;2701;2973;1033;561;2645;2197;1969;257;2401;1533;2977;2933;1593;2633;1657;2209;1773;1109;2953;2241;2601;2301;2757;1145;1001;1997;2225;1805;2313;2865;769;1569;2805;885;333;1701;525;809;2937;1901;1353;345;497;225;241;909;1857;1073;601;2609;1673;445;2653;101;2321;737;2501;901;2317;2233;2993;2705;1329;1597;1161;1801;997;205;1797;2389;1269;397;2097;1765;2969;629;1309;1841;2517;2393;2477;193;945;125;2005;1941;849;517;433;841;1129;2941;2105;457;753;1633;2289;1781;621;1437;1313;2213;1665;1173;1249;1153;9;2529;829;2121;2449;1565;317;2825;2453;1649;237;1865;1677;2541;813;2617;1777;2457;1977;2721;681;1541;1625;2921;357;1601;81;1689;721;1065;1241;2909;773;281;2833;1429;1497;557;1549;117;173;2797;825;2405;197;2949;689;2893;2713;2025;1881;2525;57;217;2961;453;2093;2981;2185;2157;2341;65;529;989;277;49;2913;993;657;2133;1961;1493;185;325;2373;2001;1297;2989;285;1057;1709;1557;1253;189;1229;1761;1509;2741;85;2585;653;765;1225;213;2521;1009;2581;2329;1829;985;2577;649;2573;485;1277;2729;1769;321;853;977;1957;265;867;1571;1535;287;1263;2651;2975;1111;1347;959;2783;683;271;2587;2375;2743;531;2627;1227;2251;2431;367;779;1987;2527;1539;2947;1183;131;819;487;55;1467;639;2771;1199;2731;1643;2451;1999;1815;2363;2883;1943;2759;655;2199;2643;471;2683;307;1435;771;1447;2399;2211;1175;179;1391;1719;2563;643;1223;475;651;2791;2915;2095;2143;35;919;1379;2195;1619;2163;2987;1043;1907;2491;2603;71;2615;2155;1167;1955;2539;139;459;247;2019;879;2967;315;931;1079;847;2039;2983;1827;2323;2619;2167;1203;2135;1975;451;1187;1755;2923;1259;903;2899;1319;1311;967;2403;335;1891;2023;435;1495;2303;2443;2223;2523;715;1163;2847;467;2763;523;1299;1403;871;2831;1647;1327;1627;1959;2183;1695;151;2347;99;1823;255;411;1107;2543;1655;15;1463;59;1211;2879;1791;2355;1531;2859;2795;2715;2071;1523;319;303;2959;1335;171;359;1951;1579;623;723;1703;1743;2707;339;1331;223;2767;43;695;2083;2267;895;191;1355;1575;263;243;815;1503;975;403;1771;2099;1427;2815;2811;1871;1119;2059;323;1011;2103;2819;2315;1587;783;231;1023;1783;839;955;155;935;2379;291;187;2631;1847;2307;2519;2127;1811;1919;1675;2911;2863;2463;2447;635;2231;1231;991;23;1939;2459;1471;2247;831;2495;699;251;2339;1923;443;1735;863;1971;795;1615;2719;63;2327;2663;1583;1851;1863;2111;2035;2319;2479;203;2295;67;1631;1063;827;1307;987;2191;687;1291;2927;2067;2091;1243;1279;1599;1383;1455;1995;627;2087;2055;31;1727;483;2239;1707;2171;3;1459;2279;2595;667;47;1207;279;615;2931;2235;39;1775;119;899;7;2383;1195;1139;2971;1351;83;135;107;2423;1003;2331;2243;2343;2395;143;2611;1339;1123;2031;1151;1035;215;2803;547;2151;2623;1287;2435;2843;1875;971;1715;2687;2483;1071;727;2851;2583;391;2503;2855;2159;2107;2887;2951;2655;1127;559;1479;1075;2955;599;1359;2723;1147;1239;1883;535;2367;2187;2471;571;27;331;1399;751;2695;211;1887;1215;2147;2255;2735;499;1659;1947;2751;2259;2755;2823;2963;1679;891;195;51;1667;2467;115;1087;1751;419;539;175;2579;1623;455;811;1343;183;1415;671;1687;1567;1759;2511;1219;1671;2703;1431;1451;111;399;2515;1859;591;2999;1507;2455;1611;103;1155;675;851;679;395;2043;1991;495;2487;1519;2711;2371;1375;2679;983;1843;1915;2531;343;803;2407;583;791;2299;1131;2839;2123;747;907;663;283;1235;2263;1475;1019;883;311;2919;855;1563;603;1699;711;1411;2875;1067;387;1691;2639;407;1443;2027;859;1387;555;2175;763;963;207;1099;1831;759;2419;1007;2779;1423;1651;19;1595;2935;823;1091;1039;1711;2075;1979;1367;235;511;947;2835;1083;375;1363;2991;2671;227;2475;147;167;2907;1407;371;351;1683;2351;491;2287;1283;503;2547;735;767;1271;979;347;1027;2775;1267;2007;647;2635;1911;1419;2535;2119;2647;1867;1799;2063;2415;1047;1835;1879;527;2411;1747;619;787;943;1819;423;2739;1115;2667;1143;2131;1543;159;1983;2311;1135;1515;2439;551;1779;951;2675;519;1059;2203;2607;799;1103;379;1159;1395;1795;2747;1191;1927;1803;1731;1439;719;1935;579;2115;2571;587;1787;267;2599;2567;2391;1527;427;1255;607;79;1275;2995;543;703;2699;127;1547;631;999;1247;2691;515;2015;611;739;415;567;2555;2575;2827;1303;707;1639;887;843;219;439;2335;1963;2051;1511;1179;1323;1895;91;299;1031;575;1055;755;2359;2799;1095;447;507;1483;355;363;1723;2427;1555;2903;327;1315;1931;2011;1899;915;807;939;743;2047;1295;239;1371;2727;1607;563;383;835;463;2591;2891;1967;2003;295;2943;911;259;2079;2207;2139;1251;2499;1051;2215;123;1807;2559;2283;2979;1591;731;2219;199;595;2387;11;1559;2179;2787;1903;1491;2807;2507;923;1487;775;1499;1767;2895;1855;2551;875;1663;431;2871;87;2271;2867;927;1839;659;1763;1171;2939;1015;95;1551;2275;2227;1739;1603;2291;2659;1635;163;275;691;479;995;75;682;2958;1794;2250;2694;390;1282;1066;2114;2582;1638;2530;2962;1326;1246;1094;1194;710;1874;830;2502;2846;2058;2134;2314;2214;1886;1574;170;1906;1986;2382;2574;2450;1634;930;2190;1110;30;2802;2002;642;1114;402;1214;2478;346;2758;2138;26;1682;406;10;1170;2734;798;666;338;774;1190;1122;1038;86;1722;1346;1330;2466;1106;118;630;2670;1218;686;566;626;2130;1226;2806;362;2398;2838;1542;2166;2446;638;2754;414;150;1118;1706;734;2322;2678;1482;2474;2630;134;2774;558;538;1250;386;2370;994;1086;2262;166;22;1882;1750;2798;1806;2302;1238;1498;874;2902;1354;722;842;286;2390;726;1138;1798;382;1730;2738;2750;334;1946;542;2242;1878;2234;2434;826;214;2858;1234;2374;2786;474;1366;2074;130;2874;1134;2462;654;690;2482;854;926;2346;634;242;590;1454;974;462;1546;1338;342;2098;1014;946;2362;2282;850;1270;2026;1554;1278;2966;1642;2174;278;522;54;1522;2826;394;1950;2210;970;2862;1382;2606;2494;2046;1630;990;238;1286;102;1766;2822;2710;2078;418;614;498;554;1478;2714;2006;450;2194;1566;250;1386;162;2914;2222;1938;2218;694;658;1082;1834;2718;562;1534;1738;914;602;1198;1902;1718;2618;982;2018;398;2042;1102;226;1442;110;1146;2982;2742;2650;190;622;2186;2658;2930;2926;534;90;2762;2014;2990;1314;218;2318;274;1210;1058;2278;958;1698;502;210;1998;490;2558;1710;1098;2238;1070;1782;1462;2178;1294;2698;1974;2162;1358;1150;1942;1590;1694;2010;2358;1290;2770;2986;814;762;2654;2598;2522;1746;1530;70;1686;2094;326;790;1010;2338;422;2054;1178;1830;886;2286;122;294;486;178;1322;1910;2426;1570;2354;1802;1254;1582;318;954;18;1702;802;2570;2934;1022;2170;1898;34;1422;2566;246;2842;314;202;2146;2394;2510;794;2122;1502;574;1230;206;98;1414;2038;750;74;1982;1266;1078;834;1242;78;1046;2682;2674;106;2730;1318;2586;2202;454;2794;714;1922;918;966;2206;2870;1618;2022;2886;2554;530;1970;2290;2782;1126;1458;2;1870;1474;306;182;1514;2498;1362;1206;2458;2182;1742;506;2646;1914;2890;2230;230;662;1586;1466;2542;1690;2834;882;1734;1850;1622;1838;1786;2514;1774;1510;610;2882;1758;2610;2994;1074;650;42;2746;2722;1302;1030;846;598;154;1994;66;1262;1890;2342;1130;1486;942;1390;758;1918;2158;1958;2086;1526;1934;2506;434;2906;2850;2366;646;1142;350;302;1374;1862;1446;1654;1334;2334;2298;2898;2126;1854;606;1790;1610;1930;702;1434;2938;2614;586;2866;494;810;1310;1370;2226;1826;442;2706;1726;1858;866;2562;2430;1666;978;1778;1202;1406;2790;2978;478;146;374;1558;514;1626;546;1398;262;2118;50;2602;2422;1426;910;2410;1562;2578;158;2062;1966;1550;2970;2666;234;2402;2954;2490;2534;2878;1762;890;1658;838;482;550;358;1866;466;2270;1678;2274;1662;2386;2090;330;510;114;746;186;2330;1846;2050;1306;2102;2034;94;1026;2030;6;1814;1062;2518;2406;1490;938;878;986;1342;1614;378;2702;1042;1166;426;1494;1410;1990;2974;1538;578;718;2946;2150;138;1754;1350;518;2258;2950;2454;194;2526;862;1006;2766;906;2662;46;470;254;174;1714;1670;2814;1018;1822;2910;322;1274;366;2470;1450;2818;2198;1926;1158;1258;1674;2778;806;2942;1518;1818;370;2310;2418;354;582;438;2638;950;1470;430;2070;1578;2110;222;1182;82;58;1298;894;258;2686;2378;310;674;870;526;2550;2066;2414;2486;742;998;2998;902;2590;1186;1894;698;2634;594;2830;270;934;2442;778;1154;2622;1810;1378;922;2642;2918;1002;1438;2266;198;2726;570;1054;298;458;1842;1222;1162;1650;1090;962;1598;782;1418;2154;1430;2438;2326;62;1034;38;2246;1962;2594;766;858;446;1646;2306;2546;670;1394;2350;266;818;770;1594;2082;2894;1402;2106;1174;1978;2538;706;2294;1954;1606;2254;822;410;2626;898;2810;2690;678;1770;2922;142;786;1506;754;738;730;14;2854;290;126;1602;2142;1050;618;282;620;76;1040;1212;2116;480;2624;1496;1852;904;2508;2500;2248;456;700;1960;860;964;764;676;2840;1272;2076;1928;464;1720;1060;1656;2560;2876;872;760;2864;1620;2556;548;1116;648;1416;2844;200;1916;1984;972;684;264;2676;2304;8;560;528;2644;748;416;308;912;536;948;124;1216;1520;2892;2016;1688;804;2788;1808;152;856;1740;2972;636;2736;212;2144;2616;2832;1856;1900;1536;644;2704;2012;1896;556;2080;2004;2284;1276;288;1220;2780;2724;844;1332;1888;2592;2100;2128;2932;312;1848;1020;1528;1424;1080;1284;1196;1584;2148;2908;68;908;2656;2264;1188;348;892;1164;796;2480;1248;2764;864;2168;1728;868;1644;2460;504;1672;2948;2752;2900;2660;1668;1812;2980;412;1548;2228;2888;1064;2088;64;460;1084;1184;696;2212;2944;1836;1344;2776;936;172;784;108;2316;1396;2428;2964;1992;260;1264;2912;2516;2068;2588;1948;140;2340;2312;356;924;2936;2956;1556;1236;428;1436;2812;992;628;2976;2820;848;1476;2668;1932;2756;448;1828;1028;1376;1752;320;540;1780;2640;2568;2208;160;2252;184;2044;1504;1596;780;516;280;704;532;1244;2368;2804;520;1964;552;2024;2536;2600;1540;2008;1256;2388;1748;2136;2884;1500;512;340;1016;652;2036;1288;2000;2320;744;2636;2092;1420;1696;1400;92;20;1648;2324;1956;2608;1136;52;1516;2236;0;1008;136;1492;1120;1488;1100;1300;2160;1628;1348;1404;2456;2452;1580;1192;1604;1872;576;1296;624;2432;680;1452;252;2256;596;116;2064;1976;1732;2924;2200;1736;1128;2396;2056;380;1320;1832;1588;1844;2020;4;1552;2476;1032;1308;2872;2672;944;2392;1724;332;1280;1708;2984;1312;1056;1640;2308;60;1004;2360;2376;1232;56;1104;316;2104;404;2052;112;1544;2176;2468;1652;580;568;900;1592;824;2028;1336;336;164;1576;1460;12;2744;724;1880;144;2280;752;188;1412;2708;988;1684;2960;236;216;2760;1716;1268;736;1240;1804;2380;2472;2604;1000;2772;1616;564;2060;2904;436;1172;2824;388;1660;2240;2868;1356;24;1292;768;1052;1168;324;1076;928;1108;1968;1360;2356;2580;2532;420;2596;104;244;1144;400;180;1036;2496;2796;2800;2860;1480;1664;2372;272;1988;1024;1148;2632;1760;1980;120;2572;1252;572;1044;2404;2216;84;832;1392;48;220;484;1072;1756;328;1156;2184;1904;2156;128;2040;884;2424;148;1408;1572;1792;880;756;360;1600;612;2124;1864;1364;2692;1924;2488;772;296;344;1612;1068;2828;2688;1884;2716;640;2856;2416;896;2464;1912;1228;2412;208;2140;476;440;496;156;1816;2896;1484;224;1744;1524;2544;2768;2276;1160;36;1560;1784;2112;608;1820;920;1868;524;368;1908;1340;820;396;2628;1204;2612;1788;2952;2072;956;2528;888;876;2732;840;2204;692;1768;940;304;1676;2792;16;816;376;2740;1512;1304;2564;1352;668;1636;604;1380;1224;1368;2928;248;600;812;132;2192;1428;2300;2096;1936;2552;1692;1180;2492;1328;2664;268;2748;1432;632;1972;408;776;1796;488;2260;96;2384;2288;656;2880;2328;1112;72;2408;232;492;508;2504;276;2988;2244;192;1824;2348;616;2400;2364;1704;544;2996;2520;2784;720;1208;2084;2852;1388;2272;1048;688;1440;1564;1876;2992;2848;2120;176;852;2728;168;1840;300;588;44;240;2540;1444;2816;40;808;2920;364;1200;1800;2344;1764;1464;1952;2108;472;984;2196;828;1012;2648;2512;968;372;88;1372;2484;1632;672;392;2548;1472;196;2940;2164;2684;2836;2620;2448;1324;1892;2292;500;2436;2180;2032;1920;284;352;1088;1680;1124;2584;1260;1316;2268;1384;2332;2524;1092;1940;452;2444;2712;468;1700;1712;1508;1772;932;1568;2152;800;2132;228;660;788;2336;1468;2440;32;2576;960;1448;204;2652;292;2352;836;584;952;716;2808;80;2916;916;432;592;792;424;1860;2968;256;976;1140;1608;2696;2048;712;2232;708;1176;728;664;996;740;444;980;28;2172;732;2220;2680;2296;384;1624;2700;1152;1096;1132;1996;1532;1776;2720;1456;2188;2224;100;2420;1944
ARGSORT name=global_n3000 scope=global order=desc dtype=f64 n=3000 keys=4653756894907727872;4563478925066060694;4622565969452072960;4595384246717120512;4654058616360271872;4562668558608110715;4623553726030807040;4595484302275248128;4652527057866063872;4566171373955786474;4620734509497712640;4597893469690658816;4654373088496975872;4564111680813706248;4624598562724904960;4594425610016653312;4655303217352015872;4564142080111190999;4622238177548042240;4596589723778023424;4653700389244239872;4563431778007461659;4620970045504225280;4595004502888677376;4654558040526159872;4562735127440102785;4620710543580200960;4595937575943798784;4656371858902351872;4562591012252026929;4620616028529885184;4595356896365379584;4656173216664911872;4564709674401728037;4622261628069478400;4594077477147508736;4655113299266895872;4564713333576425276;4624323727767633920;4595457089362460672;4655799554510159872;4563898885731312992;4622784497388093440;4594647299048603648;4655784924777807872;4563131866419776455;4623751509274787840;4595429051815952384;4654800303525199872;4566538558062905524;4623259950267760640;4596086284891455488;4653741191433551872;4562717957466523435;4621341130678599680;4593857025066139648;4654203705724239872;4566479870530261353;4623951611801108480;4594450211589324800;4654172432993615872;4564316594596751606;4624320377693143040;4595104833324711936;4653053862448463872;4566517869652117291;4622822250150625280;4595232926429347840;4652862467968335872;4563017587579231928;4622046836755005440;4594115272859713536;4655557157293391872;4562827451232463880;4622394729105981440;4598166698330161152;4652046500417765376;4564871944725801730;4622424106682286080;4597239810027945984;4656239251787087872;4566292408195772056;4623946844387409920;4595533780298498048;4654792921550159872;4566683447307167334;4620764015923036160;4598031595838898176;4655887869775183872;4563882137970198708;4621705902251048960;4597498745016287232;4653699047066959872;4563668639200363676;4623535171772088320;4598074614231334912;4655505617685839872;4563039683364903715;4622375788300206080;4594390837961424896;4656488762543439872;4565840922333128163;4621447946515251200;4596287632958291968;4654660314434895872;4562281671252621918;4622443047488061440;4595547936510705664;4653148083293519872;4564333060882889179;4621647275947458560;4596242690420506624;4654234173148495872;4563304410580500087;4623482343674347520;4596101952932151296;4653943591767375872;4566394302137341313;4620797130120888320;4595468634234552320;4654774533721423872;4564642824094759256;4622129042429050880;4597808532417413120;4652589469109583872;4566024303280455156;4624607582156226560;4597273345132593152;4654844058504527872;4564552329889746780;4621161386297262080;4593846992022536192;4655383613771087872;4565302038490215613;4620919278990786560;4595544500536868864;4653770450898255872;4563891708119406871;4623696361894707200;4594153068571918336;4653171034525007872;4563433607594810278;4624562742697656320;4595578035641516032;4654394429115727872;4564393015052928549;4623161251919298560;4596708883350683648;4654878418242895872;4564245240690155455;4620887839830179840;4594374895042822144;4652624365718863872;4562321640699314831;4622821090509455360;4594860879182299136;4655078536875343872;4565231669746037949;4623290616334254080;4596967268583211008;4653380011527503872;4565192122511810101;4621529379095183360;4598148968705163264;4654331749436751872;4565048992486152733;4620963731902300160;4596714930664636416;4655748149120335872;4562370195132797420;4620483829436514304;4594589299810238464;4653137748528463872;4566397961312038552;4623757049782599680;4596133976208310272;4655731908775247872;4564847597140316258;4622166924040601600;4594020989737631744;4654685278932303872;4565070666059359453;4622595089330339840;4596201733612371968;4653397594049871872;4566619341381221483;4623493682388008960;4594892077824737280;4654406106058063872;4566659029352937685;4621670597619875840;4594666952818950144;4655623058197839872;4566013044281386730;4623718652774973440;4596081886844944384;4655918605634895872;4566423716272407577;4624195394144829440;4597872304091824128;4652458606824783872;4563959543588794139;4622330562294579200;4595211760830513152;4656183417212239872;4565921424176467411;4622372051678658560;4596547392580354048;4655060014828879872;4562263093904159015;4621794292678000640;4595963414467051520;4652651209264463872;4566701883918141882;4621143862830694400;4595645243289763840;4654456974576975872;4566484092654912012;4621747005088071680;4597383296295370752;4654806880193871872;4564181627345418846;4623945040501145600;4594638502955581440;4655087797898575872;4565762953764579312;4621635421837721600;4596696788722778112;4656132682911055872;4563850753510295470;4622673171835781120;4594838751510790144;4655558365252943872;4563372105312399000;4623356200484864000;4596627107173367808;4654448250424655872;4566228091163593671;4621438669385891840;4597706552713936896;4655788817091919872;4565763798189509444;4621226841598853120;4594698838656155648;4654660314434895872;4564872085463290086;4622315100412313600;4594156504545755136;4655364420635983872;4562393416818376049;4621514561458012160;4595059890786926592;4653918761487695872;4563149599343309226;4623755890141429760;4594392624667820032;4656283946290511872;4565495693274192544;4623963079363788800;4597785854990090240;4653161505066319872;4563284003644688564;4623233149671833600;4594694990365458432;4652514709835087872;4566750086507903582;4624432347490549760;4597190744321556480;4655465620802895872;4564625091171226485;4624098499682631680;4593744600002199552;4654731584048463872;4563721415758496924;4621759374593884160;4598152542117953536;4655601583361359872;4566532084138441179;4621333915133542400;4595438947420602368;4653482956524879872;4566353769740694979;4624618792020869120;4596410365943742464;4655976319257935872;4566643407491730244;4621078278680084480;4593691960883019776;4652726236974415872;4563959262113817428;4624607324458188800;4594889603923574784;4656187846397263872;4563759414880352862;4622156229572034560;4597766476097650688;4654984316030287872;4564494627519521096;4624214850346680320;4597509465254658048;4655773918924111872;4565336800649839379;4622938471965655040;4594557001656172544;4655298385513807872;4565260239456174080;4622575246581432320;4593983743781240832;4652563162434895872;4562699802330525598;4623981375924469760;4596440327635599360;4652772273655119872;4565007474927087911;4622326954522050560;4594160215397498880;4654219543416143872;4566205291690480108;4622221040628531200;4594550679464312832;4653322297904463872;4566734675752928674;4623807558598000640;4594807140551491584;4654603003465039872;4566619341381221483;4622056500431421440;4597623264708132864;4654832381562191872;4562547524368125133;4623470747262648320;4595938400577519616;4654110290185551872;4565669785547288085;4621100054164275200;4594276763630043136;4654302355754319872;4563363801800586035;4620747265550581760;4594621048208490496;4653628045888847872;4565093465532473016;4621260342343761920;4596359925847818240;4654993711271247872;4565749442965697200;4620673752890343424;4596797668914626560;4652883137498447872;4564906847622913852;4622936925777428480;4596731285900099584;4655984774974799872;4563600381518511342;4623913859038576640;4597582720216858624;4653191569837391872;4566288186071121396;4623436988819701760;4594590949077680128;4654919354649935872;4564944987482258145;4620855756424478720;4597588080336044032;4655809083968847872;4565237017770595451;4623836291929210880;4593792291319054336;4655153698803023872;4562544568880869671;4623903164570009600;4596731011022192640;4655884245896527872;4564678852891778220;4623173879123148800;4596649372283830272;4655310733544783872;4564445369398596731;4623621887161794560;4597048495004712960;4654002916003151872;4563513546488196104;4621090390487859200;4597744485865095168;4656427290824015872;4564579632962487714;4620943244908298240;4596504786504777728;4654539115826511872;4564108162376497365;4620242108677095424;4595750246650216448;4655906794474831872;4564094088627661832;4621359040692224000;4596310172946661376;4655209667595599872;4565956890023532954;4621622794633871360;4596243789932134400;4654665548926287872;4565009445251924886;4620649529274793984;4594728113153245184;4654220885593423872;4563951099339492819;4620725103519334400;4596508085039661056;4655484411284815872;4563878619532989825;4624520351370444800;4594393586740494336;4653017757879631872;4565096843232193544;4620878691549839360;4597352922286653440;4652562625563983872;4563893396969267135;4621468175811215360;4596121056946683904;4654634276195663872;4563726904520542782;4622095670533160960;4596923013240193024;4656256834309455872;4563930833141169652;4623636189402890240;4597215071016321024;4653248075500879872;4562830406719719342;4623934474881597440;4598016202676109312;4656248244374863872;4566047384228545430;4622901621146255360;4594285559723065344;4654521935957327872;4563099215322478019;4623916822566010880;4597387556902928384;4655076792044879872;4564526434191889400;4623090384958914560;4595069374074716160;4656361389919567872;4565810663773131768;4624388152277073920;4597570763027906560;4653298272931151872;4562595656589142655;4621505413177671680;4594223437316096000;4656062487039311872;4566486766667190764;4622490850474065920;4596183041914699776;4652233121041743872;4566085524087889724;4624232244964229120;4594154305522499584;4653059902246223872;4562387928056330191;4621246942045798400;4597745997693583360;4652316738686287872;4563253745084692169;4623444590911815680;4594321706167828480;4656074432417103872;4564618195034297074;4623752282368901120;4593983468903333888;4655848678198607872;4564560492664071389;4621154299601223680;4594053287891697664;4655074510343503872;4564114917775938421;4623149784356618240;4598160513577254912;4652080054849765376;4564045956406644310;4623405420810076160;4595359782583402496;4654812248902991872;4566731157315719791;4622156358421053440;4593855513237651456;4655492061695311872;4565271076242777440;4621802925562265600;4596742143577423872;4655581450702159872;4564241862990434927;4623034979880796160;4596321580379799552;4655077328915791872;4565752679927929373;4621483766542499840;4596006295420534784;4655966387146063872;4564085503640872157;4621790169509396480;4596754650522189824;4652963936570703872;4564457895035060355;4622645598145740800;4597581895583137792;4655590980160847872;4565386621720717165;4623472164601856000;4596632879609413632;4653624824663375872;4564686452716149408;4623185088987791360;4597322135961075712;4653469132098895872;4566045273166220100;4623706154420142080;4597021556969832448;4653501075918159872;4563117511195964211;4621337265208033280;4594326241653293056;4655151685537103872;4565699340419842704;4623996451259678720;4596883293382639616;4652547190525263872;4566527580538813809;4622536076479692800;4593753808412082176;4653484835573071872;4563996135335766524;4621699975196180480;4595893320600780800;4652581684481359872;4562390461331120587;4620942600663203840;4596128890967031808;4653349678320975872;4563474280728944968;4621108300501483520;4597254103679107072;4655637956365647872;4563265285558737306;4623194752664207360;4595651015725809664;4652419817901391872;4563222219887300575;4623421140390379520;4596999291859369984;4653518390005071872;4563561256496748561;4621491239785594880;4596521004301287424;4652707178057039872;4566372910039111303;4620939894833807360;4595815805031022592;4652534305623375872;4565479508463031681;4621562750991073280;4597741462208118784;4654514017111375872;4564539382040818090;4620818132510965760;4597354434115141632;4654263701048655872;4563447118393692389;4624200676954603520;4595930703996125184;4654784331615567872;4563754770543237137;4622366640019865600;4597534754022096896;4653901984271695872;4565447701790663377;4623673426769346560;4597145526905864192;4654249742404943872;4564296750610893505;4623915405226803200;4596366110600724480;4656205697355087872;4563620929191811220;4623031629806305280;4597177962498883584;4655781166681423872;4563569560008561525;4621229418579230720;4596259320533876736;4656250123423055872;4564814946043017822;4624080847367045120;4597880000673218560;4653942786461007872;4563598411193674367;4622814261511454720;4595834084411834368;4655372876352847872;4565799545511551697;4621576151289036800;4596468365182107648;4655333684776271872;4564688141566009672;4623000448343736320;4597237336126783488;4655125915733327872;4565370296172067947;4622749192756920320;4597346325216886784;4654947406155087872;4563693408998314214;4621469850848460800;4595447193757810688;4655627218947407872;4562620707862069903;4624614282305208320;4596903771786706944;4652013214421221376;4566125212059605926;4621673432298291200;4594598645659074560;4653910708424015872;4564435095561946792;4620829600073646080;4595339304179335168;4653257336524111872;4565974200734600659;4620802799477719040;4597287089027940352;4655471123729743872;4565313156751795683;4621224522316513280;4594971242661937152;4652635505790287872;4562428038240511459;4620873795287121920;4593872555667881984;4655023373389135872;4564086770278267355;4620629171129810944;4594045453871349760;4652700332952911872;4562754267738519110;4622920819650068480;4596820071464042496;4652444513963343872;4566726442609859887;4622783981992017920;4594053837647511552;4653642541403471872;4566692524875166253;4621191923514736640;4593973985615544320;4655523065990479872;4566546720837230133;4621548062202920960;4598044652539478016;4656142480805199872;4564938091345328734;4622675362269102080;4596409403871068160;4656319513988431872;4564771458159116026;4620746234758430720;4595423829135720448;4655322813140303872;4564658023743501632;4624406062290698240;4596210254827487232;4655904781208911872;4564956950168768348;4623981762471526400;4596294230028058624;4652293250583887872;4565127383267166651;4624549084701655040;4596306599533871104;4653915808697679872;4566268342085263295;4620144441120784384;4593738552688246784;4652501690715471872;4565011697051738571;4620815555530588160;4595273883237482496;4655701575568719872;4566438775183661597;4621197464022548480;4598158726870859776;4655288453401935872;4565291201703612252;4621546258316656640;4594652384289882112;4653081645518159872;4564651690556525642;4624074533765120000;4595055355301462016;4652237013355855872;4562919915762313331;4623017585263247360;4597257402213990400;4653484030266703872;4564422710662971523;4624505920280330240;4597381097272115200;4656311595142479872;4562931315498870112;4620356011209785344;4596483758344896512;4656304750038351872;4562647447984857416;4622507600846520320;4594313047513759744;4656226501102927872;4562873753866132783;4623686182822215680;4597134806667493376;4655657283718479872;4566318303893629436;4621072738172272640;4594599745170702336;4654380202036559872;4564916699247098725;4621085107678085120;4595719322885685248;4656314816367951872;4563125392495312110;4624587868256337920;4597850451298222080;4656409305648463872;4564896995998728979;4620905363296747520;4596776503315791872;4654469725261135872;4565844018557871981;4624583745087733760;4597349898629677056;4656345820663119872;4564425666150226985;4624016551706624000;4597677278216847360;4653675693182287872;4564488012857568395;4623484276409630720;4596384252542582784;4652559135903055872;4564545715227794080;4622390477088358400;4595941561673449472;4654402347961679872;4566086087037843145;4624579493070110720;4597544649626746880;4654903785393487872;4564003735160137712;4622850596934778880;4596557700501864448;4652386800340303872;4565281772291892445;4621997616429793280;4596534885635588096;4652283318472015872;4566696676631072735;4624378102053601280;4596781863434977280;4654575623048527872;4565662889410358674;4624454380672778240;4593993227069030400;4654981497457999872;4566340821891766289;4620750744474091520;4597960677338906624;4655485887679823872;4564197108469137932;4624115765451161600;4593803836191145984;4653431148481871872;4562722601803639161;4624292288607027200;4594834490903232512;4653147949075791872;4563337202415286878;4624568283205468160;4596904321542520832;4656146373119311872;4565047444373780824;4622067967994101760;4596367347551305728;4656252405124431872;4564680541741638484;4622348085761146880;4595093013574713344;4652889714167119872;4562306863263037522;4620744559721185280;4597036125498900480;4656112147598671872;4562627463261510959;4622246037338193920;4596361849993166848;4652605306801487872;4563101467122291704;4623896464421027840;4597659411152896000;4655799957163343872;4565710740156399485;4623057657308119040;4596185790693769216;4655380526763343872;4566240476062568940;4621978160227942400;4594701862313132032;4655304425311567872;4562584397590074229;4624444588147343360;4593848778728931328;4655195708951887872;4563625151316461879;4624517903239086080;4596599619382673408;4654279672958287872;4566410768423478887;4621128787495485440;4595257940318879744;4655866529156431872;4566188403191877468;4620377400146919424;4595049857743323136;4654793189985615872;4562402986967584211;4622419854664663040;4597744623304048640;4656200731299151872;4565272905830126060;4623401426490490880;4594847135286951936;4655279192378703872;4566047524966033785;4621077119038914560;4597381647027929088;4652746772286799872;4563182954128049439;4622812071078133760;4594180281484705792;4653286730206543872;4566034154904640029;4621281215884820480;4596303163560034304;4655737143266639872;4566746779176927232;4621203648775454720;4596453796653039616;4652627452726607872;4564032304870273843;4624384157957488640;4596510696379777024;4652254327442767872;4563012380292162781;4623725610621992960;4595089165284016128;4652929308396879872;4563737741307146142;4623103914105896960;4593681790400462848;4652960178474319872;4562667995658157294;4623990910751866880;4594353042249220096;4652385995033935872;4564532063691423613;4621051993480232960;4597998473051111424;4655262146727247872;4562385957731493216;4623602817507000320;4594158153813196800;4654903114304847872;4564364304605304062;4622705899486576640;4596430157153042432;4654858688236879872;4565668378172404531;4622128140485918720;4597381509588975616;4655255704276303872;4562634359398440370;4623381326043545600;4596080237577502720;4652885150764367872;4562768060012377932;4623957667704995840;4594664753795694592;4655030352710991872;4563073741837085704;4624537359440936960;4595476330815946752;4654265311661391872;4565852181332196590;4624056623751495680;4594250650228883456;4652141258133733376;4562794377922700378;4623749189992448000;4596391261929209856;4652867970895183872;4565768020314160104;4623270000491233280;4597775684507533312;4652568799579471872;4564393296527905260;4621569193442017280;4597651439693594624;4656245157367119872;4562594812164212523;4622516620277841920;4594078576659136512;4655129405394255872;4565000015840205079;4624164856927354880;4597951468929024000;4653197475417423872;4563915070542473855;4621206612302888960;4598042865833082880;4654610653875535872;4563770814616909644;4620559077263540224;4594165025760870400;4656104765623631872;4564638461232620241;4624101849757122560;4594865414667763712;4653123253013839872;4564770895209162605;4623602559808962560;4597670543708127232;4655296372247887872;4563718460271241462;4622844412181872640;4596914217147170816;4654091902356815872;4566021770005664760;4621276577320140800;4596633429365227520;4652586784755023872;4562423393903395734;4623927645883596800;4597003552466927616;4656208381709647872;4562383283719214465;4622224133004984320;4594849884066021376;4655227384335695872;4562607478538164503;4621780892380037120;4593726870377201664;4656180195986767872;4562270834466018558;4624275924781629440;4596547392580354048;4652267883433295872;4564980453329323688;4622518553013125120;4594270991193997312;4655877535010127872;4562868405841575281;4621378883441131520;4595687849365340160;4652488805813583872;4562767497062424511;4621245782404628480;4594713819502084096;4656285556903247872;4566747553233113186;4623122983760691200;4596797531475673088;4656364611145039872;4563037713040066740;4621586588059566080;4596348930731540480;4655855523302735872;4566720390897860608;4623603590601113600;4595263850193879040;4654413488033103872;4566528143488767230;4621433773123174400;4594990071798562816;4653253444209999872;4566545454199834935;4620948270020034560;4598163674673184768;4656335351680335872;4565914387302049645;4624031627041832960;4597296572315729920;4654507037789519872;4565634882650175963;4624178257225318400;4595553708946751488;4654177667485007872;4562527961857243742;4623727156810219520;4596566496594886656;4653763874229583872;4566707020836466852;4622069771880366080;4594810301647421440;4655870555688271872;4564626920758575104;4621274258037800960;4598069528990056448;4653632743509327872;4564864767113895608;4623792483262791680;4596422323132694528;4652791601007951872;4562607900750629569;4622251448996986880;4594839576144510976;4654738294934863872;4563813317338392953;4623548700919070720;4596806052690788352;4653300554632527872;4564170790558815486;4622811169135001600;4597512076594774016;4654071232826703872;4565477115925729641;4624323341220577280;4595623390496161792;4654701921930575872;4564918247359470633;4620763758224998400;4596605391818719232;4652053748175077376;4563373653424770908;4623633870120550400;4594093420066111488;4654789834542415872;4565074043759079981;4622438022376325120;4596861303150084096;4655699159649615872;4564000357460417184;4624613251513057280;4597806608272064512;4654596695231823872;4563141436568984617;4624209052140830720;4597541625969770496;4654149079108943872;4566653822065868538;4621761178480148480;4597022106725646336;4652346266586447872;4563397297322814603;4623582201663979520;4595242959472951296;4653032656047439872;4566331251742558126;4620247004939812864;4596503686993149952;4654998140456271872;4564939357982723932;4621831014648381440;4595718773129871360;4654812517338447872;4565798419611644854;4622776508748922880;4595816492225789952;4654608237956431872;4564568514700907643;4622414314156851200;4594175608560287744;4652820323601743872;4564674771504615916;4621555277747978240;4596645798871040000;4653068357963087872;4564282817599546327;4620949043114147840;4596103189882732544;4655995780828495872;4562296870901364294;4624268966934609920;4596604154868137984;4656057923636559872;4564936261757980115;4620335910762840064;4597570213272092672;4656450644708687872;4565215907147342152;4621829597309173760;4596549729042563072;4653803468459343872;4564509967905751827;4621626144708362240;4597046845737271296;4654208134909263872;4562409883104513622;4620792620405227520;4594394273935261696;4654613069794639872;4565605187040132989;4620608297588752384;4593715737821970432;4655553533414735872;4565059688535267738;4620632778902339584;4596924662507634688;4652441426955599872;4564491531294777279;4620890545659576320;4594790372999168000;4653792865258831872;4563314402942173315;4620755898434846720;4595596040144420864;4656025979817295872;4563212086788138992;4622555661530562560;4595811819301371904;4653991507496271872;4566067228214403531;4622835521599569920;4596368584501886976;4656452255321423872;4563242486085623743;4621180069404999680;4596974415408791552;4653733138369871872;4562332336748429836;4621087813507481600;4595500107754897408;4656290388741455872;4563761525942678192;4622927777497088000;4596932908844843008;4654664609402191872;4565632208637897212;4621647791343534080;4595872155001946112;4654751716707663872;4564533471066307166;4621898016138199040;4595617480621162496;4656448094571855872;4566152233657370149;4624127490711879680;4596293542833291264;4654836005440847872;4564178671858163384;4623875204332912640;4597048907321573376;4655112762395983872;4565903972727911350;4624254793542533120;4594315109098061824;4652885687635279872;4563055727438576222;4623634772063682560;4594138087725989888;4654598842715471872;4563160858342377652;4620734638346731520;4598052074242965504;4654528915279183872;4566144352358022251;4624471002196213760;4594019477909143552;4656312266231119872;4564564151838768628;4622110101623275520;4597473181370941440;4655438106168655872;4562868265104086925;4623946586689372160;4593843556048699392;4653078155857231872;4564946817069606765;4624067575918100480;4594237043772489728;4652874681781583872;4562260279154391908;4620754094548582400;4597103333147148288;4653878898822479872;4564050460006271681;4620349053362765824;4595500107754897408;4652836295511375872;4563562382396655403;4621576666685112320;4593930005150433280;4655817137032527872;4564796368694554919;4623138961039032320;4594212991955632128;4655213023038799872;4563719304696171594;4622616735965511680;4595433999618277376;4655660639161679872;4562332758960894902;4621761049631129600;4594453235246301184;4652057774706917376;4564873352100685283;4620663444968833024;4595986366772281344;4652590677069135872;4565363400035138536;4620815426681569280;4596226060307136512;4652727444933967872;4563410948859185070;4624250670373928960;4594048477528326144;4655349254032719872;4566699350643351487;4620845835050024960;4593774974010916864;4655041224346959872;4566665362539913675;4622369861245337600;4594986635824726016;4654201424022863872;4564834086341434147;4621151078375751680;4596411602894323712;4653231566720335872;4563593063169116865;4621034727711703040;4595872567318806528;4654470530567503872;4566333081329906746;4622423333588172800;4595300546394456064;4653484969790799872;4564396533490137432;4620332302990311424;4597304818652938240;4652898304101711872;4566150263332533174;4620943244908298240;4597800835836018688;4654780841954639872;4566658466402984264;4622201584426680320;4597217270039576576;4653588183223631872;4564099858864684401;4623884610311290880;4594250375350976512;4656038730501455872;4562800288897211302;4622822765546700800;4593692785516740608;4653161907719503872;4563174791353724830;4622398852274585600;4596810588176252928;4654468651519311872;4565954778961207624;4621283277469122560;4596786261481488384;4652303853784399872;4563207160976046555;4623808202843095040;4597244482952364032;4652718049693007872;4566732705428091699;4621314201233653760;4595309617365385216;4654112706104655872;4563749422518679634;4620242881771208704;4596753551010562048;4652824350133583872;4564146583710818370;4621443179101552640;4595676029615341568;4653655292087631872;4562345706809823593;4621960250214318080;4595281304940969984;4654566227807567872;4563062905050482344;4621855367112949760;4597692396501729280;4653909500464463872;4566636933567265899;4623954833026580480;4594328028359688192;4653813400571215872;4564076214966640706;4622810138342850560;4597374912519208960;4655319726132559872;4564961875980860785;4623516102117294080;4595262338365390848;4654072306568527872;4565977859909297898;4623057786157137920;4594267005464346624;4654146663189839872;4566132389671512048;4621740176090071040;4597631785923248128;4656040743767375872;4564109851226357629;4622478352119234560;4594253811324813312;4654012713897295872;4565422650517736129;4622172593397432320;4597474693199429632;4655957797211471872;4562469555799576281;4620303440810082304;4594362937853870080;4655456628215119872;4565898202490888782;4620780637446471680;4594637403443953664;4652751604125007872;4562757926913216348;4622951614565580800;4594586276153262080;4654283833707855872;4562851095130507575;4621258280759459840;4595590542586281984;4655185642622287872;4562649699784671101;4623607713769717760;4596191150812954624;4653111710289231872;4565129353592003625;4620776385428848640;4593724259037085696;4653821319417167872;4563286959131944026;4623699067724103680;4595527870423498752;4655322142051663872;4565737480279186997;4621066682268385280;4594682071103832064;4654552940252495872;4562938915323241300;4621893635271557120;4595851814036832256;4654616291020111872;4563165221204516668;4622615060928266240;4596656931426271232;4654968612556111872;4564495190469474517;4621155330393374720;4596626832295460864;4655355159612751872;4564269729013129282;4623079175094272000;4597710126126727168;4655894714879311872;4564513767817937420;4622939373908787200;4596340959272239104;4653318539808079872;4564100281077149467;4624149266196070400;4594082012632973312;4655348717161807872;4565325823125747663;4621386356684226560;4595320200164802560;4656045844041039872;4562614796887558980;4621520359663861760;4596517568327450624;4655685872094543872;4564083392578546827;4622849694991646720;4594040231191117824;4654798692912463872;4562950596534774792;4624419591437680640;4597052755612270592;4653154391526735872;4564865470801337385;4623201710511226880;4595941011917635584;4653697570671951872;4565083613908288144;4624468425215836160;4594346857496313856;4653837425544527872;4563112585383871775;4623138961039032320;4596730736144285696;4654878820896079872;4564099014439754269;4623653712869457920;4596497227362336768;4654412414291279872;4562345143859870171;4622376303696281600;4596207918365278208;4652447332535631872;4562296448688899228;4624300534944235520;4596832853286715392;4653695960059215872;4563210116463302017;4622286495930122240;4596571994153025536;4652816968158543872;4562849406280647311;4623266779265761280;4594743093999173632;4655391801052495872;4566363480627391496;4624316383373557760;4596231832743182336;4655470049987919872;4563464147629783384;4623025960449474560;4593988829022519296;4653248343936335872;4566129152709279875;4624181607299809280;4597123124356448256;4655705333665103872;4563873271508432323;4621639673855344640;4596510421501870080;4655797138591055872;4562604663788397396;4622949810679316480;4594012880839376896;4656182880341327872;4564106755001613812;4623841059342909440;4596234718961205248;4653917419310415872;4564543322690492039;4621234701389004800;4595328446502010880;4656479501520207872;4562762571250332074;4622562490528563200;4595401151708397568;4654371075231055872;4564566966588535734;4621835653213061120;4594447050493394944;4655836598603087872;4564500397756543664;4622685541341593600;4593865271403347968;4656163552988495872;4565105709693959930;4623931897901219840;4595028692144488448;4655909613047119872;4564477176070965035;4622568675281469440;4596417100452462592;4653292233133391872;4562834628844370002;4621498841877708800;4595815942469976064;4654720041323855872;4565064755084848530;4620908713371238400;4597581895583137792;4655087395245391872;4565389999420437693;4622836165844664320;4597953255635419136;4653803200023887872;4564896995998728979;4623601271318773760;4597945284176117760;4653777161784655872;4566582468159272387;4623651393587118080;4594289957769576448;4652101529686245376;4566363902839856562;4621047354915553280;4597960814777860096;4653623616703823872;4563113852021266973;4622364707284582400;4594713544624177152;4653404304936271872;4564658445955966698;4624568669752524800;4596261519557132288;4656080337997135872;4566666488439820517;4622748677360844800;4597439096510480384;4655317175995727872;4564494486782032740;4622603593365585920;4596977851382628352;4653744546876751872;4565362696347696759;4623899685646499840;4596327627693752320;4652596314213711872;4564541774578120131;4621344609602109440;4594538035080593408;4655096119397711872;4563375764487096238;4622877655228743680;4597211772481437696;4652798311894351872;4564920499159284318;4622044904019722240;4594497628028272640;4656460442602831872;4565530736908793021;4621566616461639680;4593688387470229504;4652699124993359872;4565471345688707072;4623656676396892160;4593835722028351488;4653552883961167872;4566268342085263295;4620868899024404480;4596955861150072832;4654237797027151872;4564026534633251275;4621248359385006080;4597281041713987584;4653023797677391872;4566379946913529070;4623344861771202560;4598095504952262656;4654070159084879872;4563903670805917074;4621309304970936320;4597608283862204416;4653217071205711872;4566657692346798309;4623184315893678080;4597908450536587264;4655114238790991872;4562953270547053544;4623278504526479360;4596467403109433344;4655714863123791872;4566204447265549976;4621512757571747840;4596219463237369856;4656104899841359872;4565663452360312095;4622183030167961600;4593687425397555200;4654892645322063872;4565238847357944070;4620476613891457024;4594691691830575104;4654342084201807872;4562985217956910203;4623943236614881280;4594595072246284288;4653861718953295872;4563442755531553374;4622202486369812480;4595137956112498688;4652838711430479872;4562883746227806012;4622679098890649600;4594815249449746432;4654023853968719872;4562805214709303738;4621907679814615040;4597831347283689472;4654271888330063872;4565551284582092898;4624459663482552320;4596595771091976192;4653422558547279872;4565900595028190823;4624289453928611840;4595313740533989376;4654937071390031872;4566288889758563173;4624608741797396480;4598112135065632768;4653888965152079872;4564936402495468470;4624510816543047680;4597727580873818112;4656291730918735872;4563000839818117644;4623010627416227840;4596282272839106560;4654995456101711872;4563081341661456892;4623614413918699520;4595098786010759168;4654511198539087872;4563688623923710132;4622526412803276800;4594083936778321920;4652405725039951872;4563513687225684460;4622717495898275840;4596180155696676864;4656430109396303872;4566274393797262574;4623188567911301120;4594363762487590912;4653818366627151872;4563079089861643207;4621427717219287040;4595237324475858944;4655904378555727872;4566095375712074597;4620542584589123584;4598146907120861184;4655326437018959872;4564397237177579209;4620272774743588864;4597381509588975616;4654151092374863872;4563397860272768025;4621328761172787200;4593942099778338816;4652963265482063872;4564908536472774115;4624389440767262720;4594362800414916608;4653701731421519872;4566219224701827285;4624256983975854080;4596584501097791488;4654246789614927872;4564368245254978011;4622949939528335360;4594406093685260288;4652354722303311872;4565599979753063842;4623398720661094400;4596007944687976448;4654540055350607872;4563117088983499145;4623458248907816960;4598004520365064192;4654720443977039872;4566137174746116129;4623116025913671680;4596087384403083264;4652994538212687872;4564963564830721049;4623782175341281280;4596231008109461504;4652979371609423872;4565806723123457819;4623886671895592960;4594937157801476096;4655298519731535872;4566231046650849133;4623447167892193280;4596070204533899264;4656019537366351872;4563458940342714237;4620721238048768000;4596731423339053056;4654435768175951872;4563252337709808616;4622052763809873920;4596212316411789312;4652602890882383872;4566311407756700025;4622690437604311040;4596505473699545088;4655424550178127872;4564474361321197929;4621911931832238080;4594370771874217984;4653696094276943872;4565161863951813706;4621786690585886720;4596481284443734016;4656076043029839872;4565671333659659993;4622244877697024000;4594601394438144000;4655637285277007872;4564940061670165709;4620895699620331520;4595370640260726784;4654141562916175872;4566655792390705513;4621818387444531200;4596605941574533120;4656078861602127872;4564532204428911968;4623769290439393280;4595694308996153344;4654458987842895872;4564966520317976511;4621584526475264000;4594042979970187264;4652338347740495872;4564274232612756652;4620775225787678720;4597589592164532224;4654109484879183872;4563304832792965153;4623097213956915200;4595357446121193472;4652942730169679872;4564223567116948734;4621091421280010240;4597120513016332288;4653962248031567872;4563251211809901773;4622707316825784320;4595070061269483520;4653990031101263872;4562428178977999815;4621567260706734080;4598101277388308480;4652627586944335872;4563507072563731759;4622644953900646400;4594606479679422464;4655090750688591872;4562422127266000536;4622029313288437760;4596895113132638208;4653603349826895872;4562782696711166886;4620992465233510400;4596104839150174208;4653322029469007872;4562271819628437045;4623697521535877120;4594237318650396672;4654829697207631872;4562680099082155852;4622767360468582400;4596223448967020544;4654771446713679872;4566665925489867096;4623380295251394560;4598049325463896064;4655835793296719872;4565962660260555522;4621450523495628800;4597962326606348288;4655296103812431872;4566734535015440319;4624557073340825600;4594728800348012544;4656090941197647872;4565603498190272725;4622735663609937920;4595463823871180800;4656465408658767872;4566253283174009275;4623129168513597440;4596999979054137344;4653354912812367872;4566113390110584079;4621835395515023360;4594842187484626944;4655115849403727872;4565392954907693154;4622724453745295360;4597188820176207872;4655222955150671872;4563365631387934655;4623008565831925760;4594479486086414336;4654895463894351872;4564367119355071169;4620203196273393664;4597059764998897664;4655486156115279872;4565924520401211228;4621088328903557120;4596848246449504256;4655818881862991872;4565907631902608589;4622187797581660160;4597119276065751040;4654472946486607872;4565646000911756034;4621009988700078080;4597814717170319360;4652618057485647872;4564397377915067564;4624141406405918720;4594926987318919168;4653000846445903872;4563618255179532468;4623560555028807680;4593958042696941568;4655082697624911872;4562586086439934493;4623900716438650880;4596918065437868032;4655126049951055872;4563821198637740851;4623795962186301440;4594391800034099200;4655625608334671872;4565250810044454273;4623089740713820160;4594195949525401600;4653300017761615872;4566717224304372613;4622124146166333440;4596556875868143616;4654020901178703872;4563630358603531027;4621559658614620160;4596872298266361856;4653107683757391872;4563247271160227824;4622721232519823360;4598043827905757184;4655754725789007872;4565978422859251319;4624249768430796800;4596349755365261312;4654026940976463872;4564710096614193103;4623504763403632640;4594903897574735872;4652784621686095872;4563551827085028754;4622715305464954880;4595157747321798656;4652135352553701376;4564812412768227426;4622994134741811200;4597974558673207296;4652675636890959872;4565775197926066225;4623099533239255040;4596257121510621184;4656260860841295872;4565273046567614415;4622949552981278720;4595161870490402816;4654961499016527872;4566229217063500513;4623439436951060480;4596846597182062592;4655130747571535872;4564937528395375313;4622566613697167360;4594787761659052032;4653892723248463872;4563980091262094017;4620360134378389504;4595682626685108224;4655720500268367872;4562660395833786106;4621115129499484160;4596879032775081984;4654380470472015872;4566461856131751871;4620990919045283840;4595892633406013440;4655008206785871872;4564799183444322026;4620462698197417984;4595983068237398016;4652754154261839872;4564688141566009672;4622828048356474880;4594279924725972992;4655959139388751872;4565038155699549373;4624067704767119360;4597492422824427520;4652705030573391872;4563805013826579989;4622260854975365120;4597649240670339072;4652682213559631872;4565717917768305607;4621577053232168960;4597942123080187904;4654840300408143872;4562914849212732539;4620506764561874944;4594095481650413568;4655169536494927872;4562269990041088426;4622172593397432320;4596831478897180672;4655034245025103872;4562569901628773630;4622660931178987520;4596351679510609920;4652461828050255872;4564546981865189278;4622856137442590720;4594935233656127488;4655972963814735872;4563043483277089309;4622514429844520960;4595064151394484224;4654980423716175872;4562810281258884530;4623870694617251840;4597118451432030208;4652310967323983872;4562600019451281670;4623012946698567680;4597635084458131456;4653295588576591872;4562895145964362793;4622894534450216960;4597136318495981568;4655410323098959872;4564989460528578429;4621542263997071360;4595010000446816256;4656058863160655872;4566034014167151674;4621902397004840960;4593960654037057536;4656506613501263872;4563882841657640485;4621103661936803840;4596016191025184768;4653170363436367872;4562515576958268473;4621359556088299520;4594593697856749568;4655846396497231872;4564200908381323526;4624508626109726720;4594149770037035008;4653711395097935872;4566749453189205983;4622861420252364800;4594365411755032576;4652241845194063872;4566550239274439017;4624351688004730880;4597411333841879040;4653508994764111872;4565305275452447785;4623327596002672640;4597762490368000000;4654615217278287872;4565493300736890503;4622537236120862720;4595092601257852928;4655476760874319872;4564918106621982278;4621863098054082560;4594221513170747392;4653961711160655872;4566266231022937965;4624474609968742400;4596618860836159488;4654771849366863872;4564082266678639985;4622396661841264640;4596972628702396416;4652486389894479872;4564602713910577988;4620518360973574144;4593832835810328576;4654737489628495872;4564660838493268738;4623653970567495680;4596314158676312064;4653158954929487872;4563450918305877983;4622821605905530880;4595333119426428928;4656457758248271872;4565643608374453994;4621796096564264960;4593953507211476992;4653666029505871872;4566632852180103594;4620621440188678144;4597764689391255552;4652710130847055872;4566028947617570882;4621502191952199680;4596813749272182784;4653558386888015872;4563279922257526260;4621929712996843520;4597640856894177280;4652704896355663872;4563095274672804069;4621720591039201280;4597330932054097920;4652601548705103872;4562996758430955340;4621600246055567360;4594157191740522496;4654047207853391872;4564506167993566233;4622529376330711040;4594283085821902848;4653524698238287872;4566461574656775160;4621301058633728000;4596510696379777024;4654282088877391872;4563522553687450845;4623552695238656000;4595604973676396544;4655972963814735872;4563697631122964873;4623530404358389760;4595189220842143744;4653643078274383872;4564944002319839658;4622378365280583680;4594181380996333568;4654858554019151872;4564624809696249774;4621624985067192320;4596311135019335680;4653403365412175872;4564931758158352745;4621417795844833280;4597682913213939712;4656303676296527872;4565048570273687667;4623509015421255680;4597418618106413056;4654226120084815872;4563114837183685460;4622101597588029440;4595352910635728896;4654000500084047872;4563377594074444857;4620419920323149824;4594795870557306880;4654515359288655872;4565472612326102270;4623295254898933760;4596850033155899392;4653951107960143872;4563506087401313272;4624006888030208000;4595291475423526912;4653164726291791872;4564158405659840217;4623938984597258240;4594531163132919808;4655225236852047872;4563860605134480343;4621160355505111040;4596614600228601856;4652306135485775872;4563439800044297912;4621463408397516800;4597791215109275648;4652709057105231872;4564894462723938583;4624460178878627840;4594653896118370304;4655660907597135872;4564135043236773233;4622873660909158400;4595345488932241408;4653048896392527872;4562746667914147922;4623466237546987520;4595299034565967872;4653695960059215872;4566494788704027017;4622054438847119360;4594073353978904576;4655408846703951872;4565958860348369928;4621270521416253440;4594737459002081280;4652760865148239872;4563861027346945409;4623520482983936000;4594810851403235328;4654220214504783872;4566076376151146627;4624469584857006080;4595780345781026816;4655846933368143872;4563996698285719945;4623943752010956800;4595166405975867392;4655123768249679872;4563588418832001139;4620248551128039424;4597166142748884992;4652063411851493376;4564297032085870215;4623237530538475520;4596838213405900800;4655729224420687872;4566199099240992473;4622352853174845440;4596375319010607104;4654959083097423872;4563895648769080820;4622972230408601600;4594918740981710848;4652761133583695872;4564039623219668320;4620837975259873280;4596949126641352704;4656116845219151872;4566547143049695199;4620447494013190144;4594220138781212672;4653604423568719872;4564831975279108817;4620708610844917760;4597793001815670784;4655066457279823872;4565062362547546489;4624612091871887360;4594074590929485824;4652664228384079872;4564489983182405370;4622335458557296640;4595992001769373696;4652848777760079872;4562637033410719122;4623696233045688320;4595652664993251328;4656105839365455872;4563836116811506516;4624316383373557760;4594128054682386432;4654842984762703872;4566511536465141301;4622857039385722880;4595770999932190720;4653816219143503872;4562260842104345330;4621892862177443840;4594089022019600384;4655922632166735872;4563182531915584373;4620869414420480000;4594210105737609216;4652939777379663872;4565216610834783928;4622255185618534400;4595378336842121216;4656398568230223872;4562790578010514784;4621332497794334720;4596530075272216576;4654238333898063872;4564041312069528584;4621848795812986880;4597930853086003200;4655972024290639872;4565108805918703747;4622641861524193280;4594366373827706880;4654840300408143872;4566511114252676235;4621679617051197440;4595919708879847424;4656482991181135872;4562425786440697774;4620564488922333184;4595266736411901952;4655387371867471872;4562829280819812500;4621507732460011520;4594082424949833728;4655863039495503872;4565485278700054250;4623865025260421120;4593980720124264448;4653987212528975872;4565401680631971185;4622487500399575040;4597024443187855360;4655282145168719872;4564864485638918898;4622524351218974720;4597791902304043008;4653360415739215872;4565602090815389172;4621361231125544960;4594019477909143552;4653101241306447872;4566137034008627774;4620461409707229184;4597808257539506176;4654792787332431872;4564325461058517992;4621542392846090240;4597853474955198464;4656417492929871872;4565086147183078539;4621540460110807040;4594294493255041024;4656486615059791872;4565646000911756034;4623088452223631360;4598099353242959872;4653026347814223872;4564421444025576325;4622671496798535680;4594982924972982272;4656308776570191872;4565864566231171859;4621117062234767360;4595456951923507200;4653752868375887872;4562826325332557038;4621830112705249280;4595370640260726784;4654540458003791872;4565614616451852796;4621111779424993280;4595560993211285504;4655617957924175872;4562451963613531865;4624338931951861760;4595044909940998144;4652226947026255872;4563521005575078937;4620206288649846784;4593780883885916160;4653383635406159872;4562576234815749620;4624511589637160960;4595994338231582720;4653927082986831872;4563694253423244345;4623707442910330880;4596050550763552768;4655495551356239872;4562485881348225499;4620958449092526080;4596416413257695232;4652869178854735872;4564776806183673528;4624188307448791040;4594660493188136960;4656045575605583872;4564359378793211626;4623446781345136640;4598035993885409280;4655690972368207872;4562826747545022104;4623450646815703040;4598095642391216128;4655112628178255872;4562313196450013512;4621763111215431680;4595408848289792000;4654401140002127872;4563422348595741852;4621279540847575040;4597819802411597824;4652715767991631872;4563731830332635218;4622128913580032000;4596751077109399552;4655517026192719872;4566098331199330058;4622548317136486400;4598113097138307072;4655960615783759872;4564479427870778720;4624506693374443520;4595229078138650624;4656424472251727872;4562615782049977467;4622968364938035200;4596368034746073088;4655399988333903872;4565617290464131547;4621016688849059840;4594291469598064640;4652525581471055872;4562904012426129179;4624394852426055680;4594912006472990720;4654170822380879872;4562451119188601733;4623908447379783680;4596973590775070720;4653180832419151872;4565659652448126501;4620459863519002624;4594814424816025600;4653151304518991872;4565860062631544488;4621756282217431040;4595201452909002752;4653671532432719872;4565841626020569940;4620905749843804160;4594197873670750208;4653708710743375872;4563673846487432823;4624319346900992000;4595123937339244544;4655541588036943872;4566713283654698664;4623501799876198400;4595556870042681344;4656051078532431872;4565060251485221159;4622959216657694720;4597410509208158208;4656151204957519872;4564594410398765023;4622072477709762560;4595061265176461312;4653179221806415872;4566513788264954987;4622833588864286720;4595561405528145920;4655824250572111872;4564945691169699922;4621218852959682560;4594378880772472832;4655626279423311872;4563961795388607824;4624424487700398080;4596737333214052352;4656198986468687872;4562825058695161840;4622185607148339200;4594481959987576832;4654623807212879872;4564869833663476400;4621954967404544000;4597552483647094784;4654180351839567872;4563901278268615033;4621277994659348480;4593959829403336704;4655636345752911872;4563453451580668379;4622916438783426560;4595896481696710656;4653485238226255872;4564340238494795301;4620944919945543680;4596335736592007168;4654723262549327872;4566619763593686549;4621152624563978240;4593749135487664128;4654196994837839872;4562910767825570234;4623973258436280320;4594868300885786624;4654480194243919872;4564567388801000800;4620524803424518144;4595491723978735616;4655514341838159872;4563867219796433044;4623460310492119040;4597883574086008832;4653594894110031872;4565950697574045319;4621083174942801920;4597210398091902976;4654101700250959872;4565996718732737512;4622341385612165120;4595561542967099392;4653992849673551872;4563868627171316597;4620863616214630400;4594015492179492864;4655634466704719872;4565501041298750046;4623362256388751360;4594275664118415360;4654791445155151872;4566416960872966521;4623590834548244480;4596366110600724480;4655557425728847872;4563491028490059252;4623273479414743040;4596889615574499328;4655047398362447872;4562677706544853811;4624007145728245760;4596856630225666048;4655027802574159872;4564257203376665657;4623913472491520000;4596565259644305408;4656506076630351872;4562493903385061753;4623262656097157120;4595549310900240384;4654867546606927872;4564316594596751606;4622181226281697280;4597591378870927360;4653156404792655872;4562459422700414698;4623109325764689920;4593781845958590464;4653914466520399872;4564518975105006568;4621119381517107200;4595680427661852672;4655969474153807872;4562635907510812279;4624317800712765440;4596982249429139456;4656169055915343872;4563705230947336061;4624108549906104320;4594294493255041024;4656064902958415872;4564822968079854076;4620872120249876480;4594965057909030912;4655950683671887872;4566201773253271224;4620542069193048064;4593948696848105472;4653848297180495872;4566217958064432087;4623718652774973440;4596272239795503104;4653840915205455872;4566256097923776381;4622620086040002560;4595026630560186368;4652963533917519872;4562297574588806070;4621184450271641600;4594958185961357312;4655034110807375872;4564753725235583255;4620788754934661120;4596090408060059648;4654245581655375872;4563535923748844601;4623836807325286400;4595923007414730752;4654494152887631872;4562877694515806732;4620912192294748160;4596696926161731584;4654071232826703872;4566004177819620344;4620664733459021824;4595209149490397184;4652896827706703872;4564990304953508561;4621200814097039360;4595707503135686656;4655903841684815872;4563476673266247008;4624009722708623360;4596326940498984960;4654981497457999872;4563069097499969978;4623369085386752000;4594103727987621888;4655450319981903872;4564148694773143700;4621397437699850240;4595055080423555072;4654706887986511872;4562647588722345771;4622609391571435520;4597801523030786048;4652192797741285376;4565847677732569219;4620386419578241024;4595765639813005312;4655592053902671872;4562638722260579385;4622895694091386880;4597948445272047616;4652184744677605376;4563528183186985058;4622347441516052480;4596225373112369152;4655873776913743872;4562829421557300855;4622735405911900160;4596256021998993408;4653163518332239872;4565988696695901258;4623583361305149440;4594913105984618496;4655652451880271872;4566706176411536720;4622028797892362240;4594303701664923648;4656055373499727872;4566472270705890165;4623723677886709760;4593835034833584128;4655243490463055872;4566171796168251540;4620281278778834944;4596354015972818944;4654634007760207872;4563995572385813103;4623373852800450560;4596835739504738304;4653527516810575872;4562312914975036801;4624492648831385600;4594152518816104448;4655790293486927872;4566231187388337488;4622686314435706880;4594398534542819328;4655097595792719872;4564231729891273343;4624405031498547200;4596764133809979392;4655909478829391872;4564719807500889621;4623998255145943040;4597985553789485056;4655415691808079872;4563977839462280331;4622532597556183040;4597359519356420096;4652416596675919872;4565422509780247773;4621805115995586560;4597815954120900608;4652357540875599872;4562545131830823092;4623105717992161280;4594043667164954624;4655320397221199872;4563933507153448403;4622286882477178880;4597206824679112704;4653359610432847872;4563530294249310388;4622247970073477120;4597174801402953728;4654778560253263872;4566729116622138638;4620536915232292864;4597372576056999936;4656177243196751872;4566721164954046562;4623282241148026880;4596149919126913024;4654632799800655872;4566713213285954486;4620266074594607104;4595736640193822720;4656031885397327872;4566686262056934441;4622480929099612160;4593744737441153024;4653166605339983872;4564070726204594848;4624061133467156480;4597753281958117376;4652757912358223872;4564350653068933595;4624370757659525120;4595418194138628096;4654651053411663872;4564697430240241123;4622003930031718400;4597204350777950208;4653551004912975872;4565615601614271283;4623261496455987200;4594111699446923264;4654500863774031872;4564871944725801730;4621387000929320960;4597028566356459520;4653727098572111872;4565800389936481829;4622772900976394240;4595583395760701440;4655217452223823872;4563124548070381978;4623030341316116480;4594121320173666304;4652665167908175872;4566250186949265457;4621585041871339520;4594199797816098816;4655943435914575872;4563182672653072728;4624134190860861440;4595661186208366592;4652097771589861376;4563418970896021324;4624521639860633600;4593765903039987712;4655211815079247872;4563018009791696994;4620916959708446720;4594902110868340736;4654762990996815872;4565587313379111862;4624078270386667520;4596829004996018176;4653694349446479872;4562341062472707867;4623921461130690560;4596506710650126336;4653356254989647872;4563462880992388186;4624171428227317760;4593982369391706112;4652552425016655872;4565482463950287143;4622653586784911360;4596842886330318848;4655872434736463872;4565344118999233856;4621667376394403840;4593701719048716288;4656185698913615872;4565829522596571382;4621999162618019840;4595805771987419136;4652868776201551872;4563109629896616313;4621686317200179200;4598138248466792448;4652991048551759872;4562543020768497762;4623751251576750080;4595128885141569536;4655457970392399872;4562770030337214906;4623354010051543040;4596926586652983296;4653295320141135872;4563439800044297912;4620805118760058880;4596695414333243392;4654076869971279872;4564292247011266134;4622439697413570560;4597020594897158144;4652521823374671872;4564815931205436310;4620908069126144000;4596345219879796736;4656419506195791872;4564481820408080761;4622439310866513920;4593983606342287360;4655929208835407872;4563553797409865728;4623964754401034240;4595697744969990144;4655001630117199872;4564476472383523259;4624548182758522880;4597320074376773632;4654972504870223872;4564614676597088191;4620215565779206144;4595958604103680000;4656297368063311872;4563405600834627568;4621855624810987520;4597263037211082752;4656439236201807872;4565474864125915955;4623624206444134400;4596231282987368448;4652702077783375872;4565883565792099828;4623094121580462080;4594608953580584960;4654412682726735872;4563620084766881088;4621463279548497920;4596331750862356480;4656067453095247872;4566446375008032785;4621501161160048640;4594526215330594816;4655010891140431872;4564038497319761478;4621561849047941120;4595099748083433472;4656469435190607872;4566267497660333163;4622791197537075200;4595859098301366272;4652746369633615872;4563657380201295250;4624195780691886080;4597716585757540352;4655743719935311872;4566734183171719430;4622461215199723520;4593941687461478400;4655266039041359872;4563447681343645811;4620743013532958720;4596002859446697984;4652642216676687872;4563526212862148084;4621096446391746560;4596924250190774272;4655313149463887872;4566672821626796507;4621655651133685760;4593750234999291904;4654378054552911872;4562491792322736423;4622786558972395520;4597062651216920576;4655466426109263872;4563437688981972583;4621098894523105280;4596025949190881280;4652985679842639872;4564925002758911689;4620876372267499520;4596050825641459712;4653296528100687872;4565624890288502735;4620701008752803840;4593973023542870016;4654458316754255872;4565415613643318362;4621715437078446080;4594324867263758336;4652911323221327872;4563888048944709632;4623747772653240320;4594646611853836288;4655108333210959872;4564038497319761478;4621963213741752320;4593877640909160448;4654510124797263872;4562702476342804349;4620932808137768960;4596807152202416128;4653112247160143872;4564624668958761419;4623895691326914560;4596570344885583872;4652734558473551872;4564822545867389010;4622551151814901760;4593735254153363456;4655657149500751872;4563808532263788872;4621154170752204800;4597939511740071936;4652611346599247872;4564941750520025973;4623139476435107840;4594060297278324736;4655301606739279872;4563133133057171653;4622496262132858880;4594515907409084416;4654709303905615872;4566408938836130267;4621002644306001920;4597554545231396864;4654714538397007872;4562709653954710471;4620619378604376064;4595646067923484672;4653489667411279872;4565664859735195648;4620853050595082240;4597946933443559424;4656229990763855872;4564099155177242624;4624539936421314560;4594781851784052736;4653249149242703872;4564347275369213067;4623782948435394560;4594745567900336128;4655799420292431872;4563971928487769408;4623863736770232320;4594813600182304768;4653276529659215872;4562950033584821371;4621459027530874880;4596052337469947904;4654536968342863872;4566213172989828006;4621348475072675840;4597373675568627712;4654999348415823872;4563705371684824416;4624093989966970880;4594356203345149952;4652672147230031872;4566358132602833994;4622692112641556480;4596644012164644864;4655936993463631872;4564242848152853414;4620864131610705920;4596368996818747392;4652298216639823872;4563698334810406650;4622319610127974400;4595682076929294336;4652449077366095872;4565083191695823078;4620401366064431104;4594315933731782656;4655723318840655872;4564163190734444298;4622910769426595840;4595724408126963712;4655678355901775872;4563297795918547386;4624606809062113280;4595770999932190720;4655024984001871872;4564756680722838717;4621150176432619520;4594497765467226112;4654717625404751872;4564613409959692993;4621386098986188800;4594947053406126080;4652391229525327872;4565661482035475120;4623032402900418560;4598041491443548160;4654541934398799872;4563236997323577885;4622524480067993600;4598028434742968320;4654072709221711872;4563899589418754769;4621168344144281600;4596500113580359680;4652369888906575872;4563184361502932992;4623374754743582720;4594460519510835200;4655540245859663872;4565436302054106595;4622756794849034240;4593960241720197120;4653606571052367872;4562715283454244684;4622530535971880960;4595793265042653184;4653028897951055872;4565005645339739292;4622668017875025920;4597754106591838208;4652601280269647872;4566440041821056795;4624465203990364160;4597963700995883008;4655082831842639872;4562826606807533748;4622971586163507200;4594252849252139008;4652989572156751872;4565142582915909026;4621059595572346880;4597620928245923840;4654518580514127872;4562874457553574560;4622908450144256000;4596717129687891968;4652848777760079872;4566333644279860167;4623796477582376960;4594941830725894144;4653163249896783872;4566539121012858946;4621529765642240000;4594068955932393472;4656243680972111872;4564850411890083365;4624177612980224000;4596444863121063936;4655807204920655872;4566284526896424157;4624558104132976640;4594238967917838336;4653985065045327872;4564185990207557862;4621695465480519680;4595287352254922752;4655361467845967872;4562365973008146760;4621693661594255360;4595455165217112064;4652765965421903872;4565537070095769010;4622249902808760320;4596598107554185216;4653197743852879872;4565712147531283038;4623029181674946560;4598065680699359232;4655921155771727872;4566073561401379521;4623898654854348800;4597774172679045120;4653101643959631872;4563913803905078657;4623690950235914240;4593842593976025088;4652981250657615872;4566433567896592450;4623717750831841280;4595799312356605952;4655225236852047872;4565612083177062400;4623365219916185600;4595818004054278144;4653207810182479872;4564381756053860123;4620189022881316864;4594561812019544064;4654437915659599872;4566486485192214053;4620292617492496384;4596062920269365248;4653158149623119872;4562303485563316994;4621321030231654400;4594159390763778048;4656268913904975872;4565972230409763685;4623353108108410880;4595523472376987648;4652627855379791872;4565475427075869377;4623656418698854400;4593712989042900992;4653268342377807872;4565531862808699863;4623146434282127360;4597828873382526976;4653001651752271872;4566501121891003007;4621653976096440320;4594182068191100928;4654143576182095872;4562312633500060090;4621967079212318720;4594091221042855936;4655604133498191872;4566640029792009716;4621732831695994880;4596675623123943424;4655722647752015872;4565865410656101991;4622775349107752960;4597245994780852224;4655652317662543872;4564854634014734025;4624053531375042560;4596259732850737152 perm=1944;2420;100;2224;2188;1456;2720;1776;1532;1996;1132;1096;1152;2700;1624;384;2296;2680;2220;732;2172;28;980;444;740;996;664;728;1176;708;2232;712;2048;2696;1608;1140;976;256;2968;1860;424;792;592;432;916;2916;80;2808;716;952;584;836;2352;292;2652;204;1448;960;2576;32;2440;1468;2336;788;660;228;2132;800;2152;1568;932;1772;1508;1712;1700;468;2712;2444;452;1940;1092;2524;2332;1384;2268;1316;1260;2584;1124;1680;1088;352;284;1920;2032;2180;2436;500;2292;1892;1324;2448;2620;2836;2684;2164;2940;196;1472;2548;392;672;1632;2484;1372;88;372;968;2512;2648;1012;828;2196;984;472;2108;1952;1464;1764;2344;1800;1200;364;2920;808;40;2816;1444;2540;240;44;588;300;1840;168;2728;852;176;2120;2848;2992;1876;1564;1440;688;1048;2272;1388;2852;2084;1208;720;2784;2520;2996;544;1704;2364;2400;616;2348;1824;192;2244;2988;276;2504;508;492;232;2408;72;1112;2328;2880;656;2288;2384;96;2260;488;1796;776;408;1972;632;1432;2748;268;2664;1328;2492;1180;1692;2552;1936;2096;2300;1428;2192;132;812;600;248;2928;1368;1224;1380;604;1636;668;1352;2564;1304;1512;2740;376;816;16;2792;1676;304;940;1768;692;2204;840;2732;876;888;2528;956;2072;2952;1788;2612;1204;2628;396;820;1340;1908;368;524;1868;920;1820;608;2112;1784;1560;36;1160;2276;2768;2544;1524;1744;224;1484;2896;1816;156;496;440;476;2140;208;2412;1228;1912;2464;896;2416;2856;640;2716;1884;2688;2828;1068;1612;344;296;2488;772;1924;2692;1364;1864;2124;612;1600;360;756;880;1792;1572;1408;148;2424;884;2040;128;2156;2184;1904;1156;328;1756;1072;484;220;48;1392;832;84;2216;2404;1044;572;1252;2572;120;1980;1760;2632;1148;1024;1988;272;2372;1664;1480;2860;2800;2796;2496;1036;180;400;1144;244;104;2596;420;2532;2580;2356;1360;1968;1108;928;1076;324;1168;1052;768;1292;24;1356;2868;2240;1660;388;2824;1172;436;2904;2060;564;1616;2772;1000;2604;2472;2380;1804;1240;736;1268;1716;2760;216;236;2960;1684;988;2708;1412;188;752;2280;144;1880;724;2744;12;1460;1576;164;336;1336;2028;824;1592;900;568;580;1652;2468;2176;1544;112;2052;404;2104;316;1104;56;1232;2376;2360;1004;60;2308;1640;1056;1312;2984;1708;1280;332;1724;2392;944;2672;2872;1308;2476;1032;1552;4;2020;1844;1588;1832;1320;380;2056;2396;1128;1736;2200;2924;1732;1976;2064;116;596;2256;252;1452;680;2432;624;1296;576;1872;1604;1192;1580;2452;2456;1404;1348;1628;2160;1300;1100;1488;1120;1492;136;1008;0;2236;1516;52;1136;2608;1956;2324;1648;20;92;1400;1696;2092;1420;2636;744;2320;2000;1288;2036;652;1016;340;512;1500;2884;2136;1748;2388;1256;2008;1540;2600;2536;2024;552;1964;520;2804;2368;1244;532;704;280;516;780;1596;1504;2044;184;2252;160;2208;2568;2640;1780;540;320;1752;1376;1028;1828;448;2756;1932;2668;1476;848;2820;2976;628;992;2812;1436;428;1236;1556;2956;2936;924;356;2312;2340;140;1948;2588;2068;2516;2912;1264;260;1992;2964;2428;1396;2316;108;784;172;936;2776;1344;1836;2944;2212;696;1184;1084;460;64;2088;1064;2888;2228;1548;412;2980;1812;1668;2660;2900;2752;2948;1672;504;2460;1644;868;1728;2168;864;2764;1248;2480;796;1164;892;348;1188;2264;2656;908;68;2148;2908;1584;1196;1284;1080;1424;1528;1020;1848;312;2932;2128;2100;2592;1888;1332;844;2724;2780;1220;288;1276;2284;2004;2080;556;1896;2012;2704;644;1536;1900;1856;2832;2616;2144;212;2736;636;2972;1740;856;152;1808;2788;804;1688;2016;2892;1520;1216;124;948;536;912;308;416;748;2644;528;560;8;2304;2676;264;684;972;1984;1916;200;2844;1416;648;1116;548;2556;1620;2864;760;872;2876;2560;1656;1060;1720;464;1928;2076;1272;2840;676;764;964;860;1960;700;456;2248;2500;2508;904;1852;1496;2624;480;2116;1212;1040;76;620;282;618;1050;2142;1602;126;290;2854;14;730;738;754;1506;786;142;2922;1770;678;2690;2810;898;2626;410;822;2254;1606;1954;2294;706;2538;1978;1174;2106;1402;2894;2082;1594;770;818;266;2350;1394;670;2546;2306;1646;446;858;766;2594;1962;2246;38;1034;62;2326;2438;2154;1430;1418;782;1598;962;1090;1650;1162;1222;1842;458;298;1054;570;2726;198;2266;1438;1002;2918;2642;922;1378;1810;2622;1154;778;2442;934;270;2830;594;2634;698;1894;1186;2590;902;2998;998;742;2486;2414;2066;2550;526;870;674;310;2378;2686;258;894;1298;58;82;1182;222;2110;1578;2070;430;1470;950;2638;438;582;354;2418;2310;370;1818;1518;2942;806;2778;1674;1258;1158;1926;2198;2818;1450;2470;366;1274;322;2910;1822;1018;2814;1670;1714;174;254;470;46;2662;906;2766;1006;862;2526;2454;194;2950;2258;518;1350;1754;138;2150;2946;718;578;1538;2974;1990;1410;1494;426;1166;1042;2702;378;1614;1342;986;878;938;1490;2406;2518;1062;1814;6;2030;1026;94;2034;2102;1306;2050;1846;2330;186;746;114;510;330;2090;2386;1662;2274;1678;2270;466;1866;358;550;482;838;1658;890;1762;2878;2534;2490;2954;2402;234;2666;2970;1550;1966;2062;158;2578;1562;2410;910;1426;2422;2602;50;2118;262;1398;546;1626;514;1558;374;146;478;2978;2790;1406;1202;1778;978;1666;2430;2562;866;1858;1726;2706;442;1826;2226;1370;1310;810;494;2866;586;2614;2938;1434;702;1930;1610;1790;606;1854;2126;2898;2298;2334;1334;1654;1446;1862;1374;302;350;1142;646;2366;2850;2906;434;2506;1934;1526;2086;1958;2158;1918;758;1390;942;1486;1130;2342;1890;1262;66;1994;154;598;846;1030;1302;2722;2746;42;650;1074;2994;2610;1758;2882;610;1510;1774;2514;1786;1838;1622;1850;1734;882;2834;1690;2542;1466;1586;662;230;2230;2890;1914;2646;506;1742;2182;2458;1206;1362;2498;1514;182;306;1474;1870;2;1458;1126;2782;2290;1970;530;2554;2886;2022;1618;2870;2206;966;918;1922;714;2794;454;2202;2586;1318;2730;106;2674;2682;1046;78;1242;834;1078;1266;1982;74;750;2038;1414;98;206;1230;574;1502;2122;794;2510;2394;2146;202;314;2842;246;2566;1422;34;1898;2170;1022;2934;2570;802;1702;18;954;318;1582;1254;1802;2354;1570;2426;1910;1322;178;486;294;122;2286;886;1830;1178;2054;422;2338;1010;790;326;2094;1686;70;1530;1746;2522;2598;2654;762;814;2986;2770;1290;2358;2010;1694;1590;1942;1150;1358;2162;1974;2698;1294;2178;1462;1782;1070;2238;1098;1710;2558;490;1998;210;502;1698;958;2278;1058;1210;274;2318;218;1314;2990;2014;2762;90;534;2926;2930;2658;2186;622;190;2650;2742;2982;1146;110;1442;226;1102;2042;398;2018;982;2618;1718;1902;1198;602;914;1738;1534;562;2718;1834;1082;658;694;2218;1938;2222;2914;162;1386;250;1566;2194;450;2006;2714;1478;554;498;614;418;2078;2710;2822;1766;102;1286;238;990;1630;2046;2494;2606;1382;2862;970;2210;1950;394;2826;1522;54;522;278;2174;1642;2966;1278;1554;2026;1270;850;2282;2362;946;1014;2098;342;1338;1546;462;974;1454;590;242;634;2346;926;854;2482;690;654;2462;1134;2874;130;2074;1366;474;2786;2374;1234;2858;214;826;2434;2234;1878;2242;542;1946;334;2750;2738;1730;382;1798;1138;726;2390;286;842;722;1354;2902;874;1498;1238;2302;1806;2798;1750;1882;22;166;2262;1086;994;2370;386;1250;538;558;2774;134;2630;2474;1482;2678;2322;734;1706;1118;150;414;2754;638;2446;2166;1542;2838;2398;362;2806;1226;2130;626;566;686;1218;2670;630;118;1106;2466;1330;1346;1722;86;1038;1122;1190;774;338;666;798;2734;1170;10;406;1682;26;2138;2758;346;2478;1214;402;1114;642;2002;2802;30;1110;2190;930;1634;2450;2574;2382;1986;1906;170;1574;1886;2214;2314;2134;2058;2846;2502;830;1874;710;1194;1094;1246;1326;2962;2530;1638;2582;2114;1066;1282;390;2694;2250;1794;2958;682;75;995;479;691;275;163;1635;2659;2291;1603;1739;2227;2275;1551;95;1015;2939;1171;1763;659;1839;927;2867;2271;87;2871;431;1663;875;2551;1855;2895;1767;1499;775;1487;923;2507;2807;1491;1903;2787;2179;1559;11;2387;595;199;2219;731;1591;2979;2283;2559;1807;123;2215;1051;2499;1251;2139;2207;2079;259;911;2943;295;2003;1967;2891;2591;463;835;383;563;1607;2727;1371;239;1295;2047;743;939;807;915;1899;2011;1931;1315;327;2903;1555;2427;1723;363;355;1483;507;447;1095;2799;2359;755;1055;575;1031;299;91;1895;1323;1179;1511;2051;1963;2335;439;219;843;887;1639;707;1303;2827;2575;2555;567;415;739;611;2015;515;2691;1247;999;631;1547;127;2699;703;543;2995;1275;79;607;1255;427;1527;2391;2567;2599;267;1787;587;2571;2115;579;1935;719;1439;1731;1803;1927;1191;2747;1795;1395;1159;379;1103;799;2607;2203;1059;519;2675;951;1779;551;2439;1515;1135;2311;1983;159;1543;2131;1143;2667;1115;2739;423;1819;943;787;619;1747;2411;527;1879;1835;1047;2415;2063;1799;1867;2647;2119;2535;1419;1911;2635;647;2007;1267;2775;1027;347;979;1271;767;735;2547;503;1283;2287;491;2351;1683;351;371;1407;2907;167;147;2475;227;2671;2991;1363;375;1083;2835;947;511;235;1367;1979;2075;1711;1039;1091;823;2935;1595;19;1651;1423;2779;1007;2419;759;1831;1099;963;207;763;2175;555;1387;2027;859;1443;407;2639;1691;387;1067;2875;1411;711;1699;603;1563;855;2919;311;883;1019;1475;2263;1235;283;663;907;747;2123;2839;1131;2299;791;2407;583;803;343;2531;1915;1843;983;2679;1375;2371;2711;1519;2487;495;1991;2043;395;679;851;675;1155;103;1611;2455;1507;2999;591;1859;2515;399;111;1451;1431;2703;1671;1219;2511;1759;1567;1687;671;1415;183;1343;811;455;1623;2579;175;539;419;1751;1087;115;2467;1667;51;195;891;1679;2963;2823;2755;2259;2751;1947;1659;499;2735;2255;2147;1215;1887;211;2695;751;1399;331;27;571;2471;2187;2367;535;1883;1239;1147;2723;1359;599;2955;1075;1479;559;1127;2655;2951;2887;2107;2159;2855;2503;391;2583;2851;727;1071;2483;2687;1715;971;1875;2843;2435;1287;2623;2151;547;2803;215;1035;1151;2031;1123;1339;2611;143;2395;2343;2243;2331;1003;2423;107;135;83;1351;2971;1139;1195;2383;7;899;119;1775;39;2235;2931;615;279;1207;47;667;2595;2279;1459;3;2171;2239;1707;483;1727;31;2055;2087;627;1995;1455;1383;1599;1279;1243;2091;2067;2927;1291;687;2191;987;1307;827;1063;1631;67;2295;203;2479;2319;2035;2111;1863;1851;1583;2663;2327;63;2719;1615;795;1971;863;1735;443;1923;2339;251;699;2495;831;2247;1471;2459;1939;23;991;1231;2231;635;2447;2463;2863;2911;1675;1919;1811;2127;2519;2307;1847;2631;187;291;2379;935;155;955;839;1783;1023;231;783;1587;2315;2819;2103;1011;323;2059;1119;1871;2811;2815;1427;2099;1771;403;975;1503;815;243;263;1575;1355;191;895;2267;2083;695;43;2767;223;1331;339;2707;1743;1703;723;623;1579;1951;359;171;1335;2959;303;319;1523;2071;2715;2795;2859;1531;2355;1791;2879;1211;59;1463;15;1655;2543;1107;411;255;1823;99;2347;151;1695;2183;1959;1627;1327;1647;2831;871;1403;1299;523;2763;467;2847;1163;715;2523;2223;2443;2303;1495;435;2023;1891;335;2403;967;1311;1319;2899;903;1259;2923;1755;1187;451;1975;2135;1203;2167;2619;2323;1827;2983;2039;847;1079;931;315;2967;879;2019;247;459;139;2539;1955;1167;2155;2615;71;2603;2491;1907;1043;2987;2163;1619;2195;1379;919;35;2143;2095;2915;2791;651;475;1223;643;2563;1719;1391;179;2211;1175;2399;1447;771;1435;307;2683;471;2643;2199;655;2759;1943;2883;2363;1815;1999;2451;1643;2731;1199;2771;639;1467;55;487;819;131;1183;2947;1539;2527;1987;779;367;2431;2251;1227;2627;531;2743;2375;2587;271;683;2783;959;1347;1111;2975;2651;1263;287;1535;1571;867;265;1957;977;853;321;1769;2729;1277;485;2573;649;2577;985;1829;2329;2581;1009;2521;213;1225;765;653;2585;85;2741;1509;1761;1229;189;1253;1557;1709;1057;285;2989;1297;2001;2373;325;185;1493;1961;2133;657;993;2913;49;277;989;529;65;2341;2157;2185;2981;2093;453;2961;217;57;2525;1881;2025;2713;2893;689;2949;197;2405;825;2797;173;117;1549;557;1497;1429;2833;281;773;2909;1241;1065;721;1689;81;1601;357;2921;1625;1541;681;2721;1977;2457;1777;2617;813;2541;1677;1865;237;1649;2453;2825;317;1565;2449;2121;829;2529;9;1153;1249;1173;1665;2213;1313;1437;621;1781;2289;1633;753;457;2105;2941;1129;841;433;517;849;1941;2005;125;945;193;2477;2393;2517;1841;1309;629;2969;1765;2097;397;1269;2389;1797;205;997;1801;1161;1597;1329;2705;2993;2233;2317;901;2501;737;2321;101;2653;445;1673;2609;601;1073;1857;909;241;225;497;345;1353;1901;2937;809;525;1701;333;885;2805;1569;769;2865;2313;2225;1805;1997;1001;1145;2757;2301;2601;2241;2953;1109;1773;2209;1657;2633;1593;2933;2977;1533;2401;257;1969;2197;2645;561;1033;2973;2701;2061;1537;577;2881;1321;2557;2761;2201;1785;1485;509;609;1217;1517;2649;301;1381;633;1965;133;693;761;1861;837;489;305;1825;1573;365;157;2169;1097;161;1697;2901;1345;677;2181;1469;413;341;2221;1401;2845;1045;181;1481;2141;2333;1113;165;2049;789;1893;685;401;313;2889;921;2481;1937;965;1717;1669;1305;673;1185;2345;361;2037;2789;1705;1069;661;1869;1605;1093;2045;2753;1529;1037;1973;725;1645;349;1489;733;2081;1213;245;77;2605;2357;1397;1017;2205;2997;2917;177;1233;2137;2445;2781;2677;593;1853;1885;1201;2265;665;937;2857;2465;2549;37;1845;33;2597;605;1889;513;793;373;1081;1989;1505;669;697;121;933;1013;269;2041;2777;469;2693;2861;1985;2337;385;1077;2381;1461;1177;473;129;1917;749;1453;1521;565;1149;1713;873;441;2433;1373;1101;2021;1465;1365;297;1513;1117;2145;745;2681;2293;1473;2689;1693;505;377;625;741;705;2229;1809;1637;1245;913;145;2957;1653;1793;881;2269;2593;2813;2369;109;2217;2425;61;2117;581;2673;1085;1721;1369;2417;149;2837;493;2545;1729;1953;777;2925;221;1157;1029;2849;2069;2493;1285;17;2085;477;13;1317;389;1449;1377;1257;2809;1409;393;641;501;1389;1981;1301;2589;1193;481;2177;2129;2717;2769;857;1545;757;1049;2109;533;2533;1873;2553;2817;2349;201;289;405;2565;425;925;2945;1553;2361;2873;41;2125;417;137;2765;1945;89;409;1441;2397;2385;2101;2073;229;2153;1821;1025;2785;1897;929;1141;293;573;1281;865;2285;421;273;1205;941;2829;2441;2841;2033;2257;613;1617;2325;93;2725;1833;821;585;2709;1813;353;597;1237;2113;589;1197;553;2685;1849;2469;2569;2509;2737;2029;2249;1621;381;1741;2065;2409;1;2485;541;1433;2641;1681;2365;1993;2733;569;1581;2077;2669;2749;141;21;2281;2625;1221;2697;1641;1061;2057;1525;1041;233;1789;337;785;1121;1725;113;2853;1349;261;2009;545;465;1685;1733;1837;1133;2869;549;1125;1421;1273;2877;845;2621;2165;1265;1361;1169;253;1053;2793;45;729;2613;521;1661;2053;1501;1405;2657;805;437;2013;1613;1629;897;2489;1293;1165;1921;97;981;2629;69;861;1609;2017;1577;1561;1393;2821;1357;709;701;1905;2377;2305;1933;1585;2473;2905;717;969;1181;1337;1425;1477;429;2513;2193;73;2273;2897;2237;2353;1925;1589;1261;905;2173;1749;2665;893;973;1457;1333;645;2089;25;781;53;2885;2801;2773;309;1757;2413;5;869;1877;1341;2497;713;2505;2149;2437;889;801;617;2297;1385;1021;957;1445;1929;449;917;29;1817;817;2253;1913;329;2561;369;2661;1005;1949;2421;2745;2261;1325;2429;2245;2309;1737;637;2189;949;1745;1105;833;249;537;461;877;953;169;2929;1289;1413;2637;1209;1137;153;2277;2537;2985;797;2965;2461;1089;1417;105;1753;961;1909;209;2161;1189
ARGSORT name=tie_rich_global scope=global order=asc dtype=f64 n=2500 keys=0;4613937818241073152;4611686018427387904;4617315517961601024;4616189618054758400;4619567317775286272;4618441417868443648;4607182418800017408;0;4613937818241073152;4611686018427387904;4617315517961601024;4616189618054758400;4619567317775286272;4618441417868443648;4607182418800017408;0;4613937818241073152;4611686018427387904;4617315517961601024;4616189618054758400;4619567317775286272;4618441417868443648;4607182418800017408;0;4613937818241073152;4611686018427387904;4617315517961601024;4616189618054758400;4619567317775286272;4618441417868443648;4607182418800017408;0;4613937818241073152;4611686018427387904;4617315517961601024;4616189618054758400;4619567317775286272;4618441417868443648;4607182418800017408;0;4613937818241073152;4611686018427387904;4617315517961601024;4616189618054758400;4619567317775286272;4618441417868443648;4607182418800017408;0;4613937818241073152;4611686018427387904;4617315517961601024;4616189618054758400;4619567317775286272;4618441417868443648;4607182418800017408;0;4613937818241073152;4611686018427387904;4617315517961601024;4616189618054758400;4619567317775286272;4618441417868443648;4607182418800017408;0;4613937818241073152;4611686018427387904;4617315517961601024;4616189618054758400;4619567317775286272;4618441417868443648;4607182418800017408;0;4613937818241073152;4611686018427387904;4617315517961601024;4616189618054758400;4619567317775286272;4618441417868443648;4607182418800017408;0;4613937818241073152;4611686018427387904;4617315517961601024;4616189618054758400;4619567317775286272;4618441417868443648;4607182418800017408;0;4613937818241073152;4611686018427387904;4617315517961601024;4616189618054758400;4619567317775286272;4618441417868443648;4607182418800017408;0;4613937818241073152;4611686018427387904;4617315517961601024;4616189618054758400;4619567317775286272;4618441417868443648;4607182418800017408;0;4613937818241073152;4611686018427387904;4617315517961601024;4616189618054758400;4619567317775286272;4618441417868443648;4607182418800017408;0;4613937818241073152;4611686018427387904;4617315517961601024;4616189618054758400;4619567317775286272;4618441417868443648;4607182418800017408;0;4613937818241073152;4611686018427387904;4617315517961601024;4616189618054758400;4619567317775286272;4618441417868443648;4607182418800017408;0;4613937818241073152;4611686018427387904;4617315517961601024;4616189618054758400;4619567317775286272;4618441417868443648;4607182418800017408;0;4613937818241073152;4611686018427387904;4617315517961601024;4616189618054758400;4619567317775286272;4618441417868443648;4607182418800017408;0;4613937818241073152;4611686018427387904;4617315517961601024;4616189618054758400;4619567317775286272;4618441417868443648;4607182418800017408;0;4613937818241073152;4611686018427387904;4617315517961601024;4616189618054758400;4619567317775286272;4618441417868443648;4607182418800017408;0;4613937818241073152;4611686018427387904;4617315517961601024;4616189618054758400;4619567317775286272;4618441417868443648;4607182418800017408;0;4613937818241073152;4611686018427387904;4617315517961601024;4616189618054758400;4619567317775286272;4618441417868443648;4607182418800017408;0;4613937818241073152;4611686018427387904;4617315517961601024;4616189618054758400;4619567317775286272;4618441417868443648;4607182418800017408;0;4613937818241073152;4611686018427387904;4617315517961601024;4616189618054758400;4619567317775286272;4618441417868443648;4607182418800017408;0;4613937818241073152;4611686018427387904;4617315517961601024;4616189618054758400;4619567317775286272;4618441417868443648;4607182418800017408;0;4613937818241073152;4611686018427387904;4617315517961601024;4616189618054758400;4619567317775286272;4618441417868443648;4607182418800017408;0;4613937818241073152;4611686018427387904;4617315517961601024;4616189618054758400;4619567317775286272;4618441417868443648;4607182418800017408;0;4613937818241073152;4611686018427387904;4617315517961601024;4616189618054758400;4619567317775286272;4618441417868443648;4607182418800017408;0;4613937818241073152;4611686018427387904;4617315517961601024;4616189618054758400;4619567317775286272;4618441417868443648;4607182418800017408;0;4613937818241073152;4611686018427387904;4617315517961601024;4616189618054758400;4619567317775286272;4618441417868443648;4607182418800017408;0;4613937818241073152;4611686018427387904;4617315517961601024;4616189618054758400;4619567317775286272;4618441417868443648;4607182418800017408;0;4613937818241073152;4611686018427387904;4617315517961601024;4616189618054758400;4619567317775286272;4618441417868443648;4607182418800017408;0;4613937818241073152;4611686018427387904;4617315517961601024;4616189618054758400;4619567317775286272;4618441417868443648;4607182418800017408;0;4613937818241073152;4611686018427387904;4617315517961601024;4616189618054758400;4619567317775286272;4618441417868443648;4607182418800017408;0;4613937818241073152;4611686018427387904;4617315517961601024;4616189618054758400;4619567317775286272;4618441417868443648;4607182418800017408;0;4613937818241073152;4611686018427387904;4617315517961601024;4616189618054758400;4619567317775286272;4618441417868443648;4607182418800017408;0;4613937818241073152;4611686018427387904;4617315517961601024;4616189618054758400;4619567317775286272;4618441417868443648;4607182418800017408;0;4613937818241073152;4611686018427387904;4617315517961601024;4616189618054758400;4619567317775286272;4618441417868443648;4607182418800017408;0;4613937818241073152;4611686018427387904;4617315517961601024;4616189618054758400;4619567317775286272;4618441417868443648;4607182418800017408;0;4613937818241073152;4611686018427387904;4617315517961601024;4616189618054758400;4619567317775286272;4618441417868443648;4607182418800017408;0;4613937818241073152;4611686018427387904;4617315517961601024;4616189618054758400;4619567317775286272;4618441417868443648;4607182418800017408;0;4613937818241073152;4611686018427387904;4617315517961601024;4616189618054758400;4619567317775286272;4618441417868443648;4607182418800017408;0;4613937818241073152;4611686018427387904;4617315517961601024;4616189618054758400;4619567317775286272;4618441417868443648;4607182418800017408;0;4613937818241073152;4611686018427387904;4617315517961601024;4616189618054758400;4619567317775286272;4618441417868443648;4607182418800017408;0;4613937818241073152;4611686018427387904;4617315517961601024;4616189618054758400;4619567317775286272;4618441417868443648;4607182418800017408;0;4613937818241073152;4611686018427387904;4617315517961601024;4616189618054758400;4619567317775286272;4618441417868443648;4607182418800017408;0;4613937818241073152;4611686018427387904;4617315517961601024;4616189618054758400;4619567317775286272;4618441417868443648;4607182418800017408;0;4613937818241073152;4611686018427387904;4617315517961601024;4616189618054758400;4619567317775286272;4618441417868443648;4607182418800017408;0;4613937818241073152;4611686018427387904;4617315517961601024;4616189618054758400;4619567317775286272;4618441417868443648;4607182418800017408;0;4613937818241073152;4611686018427387904;4617315517961601024;4616189618054758400;4619567317775286272;4618441417868443648;4607182418800017408;0;4613937818241073152;4611686018427387904;4617315517961601024;4616189618054758400;4619567317775286272;4618441417868443648;4607182418800017408;0;4613937818241073152;4611686018427387904;4617315517961601024;4616189618054758400;4619567317775286272;4618441417868443648;4607182418800017408;0;4613937818241073152;4611686018427387904;4617315517961601024;4616189618054758400;4619567317775286272;4618441417868443648;4607182418800017408;0;4613937818241073152;4611686018427387904;4617315517961601024;4616189618054758400;4619567317775286272;4618441417868443648;4607182418800017408;0;4613937818241073152;4611686018427387904;4617315517961601024;4616189618054758400;4619567317775286272;4618441417868443648;4607182418800017408;0;4613937818241073152;4611686018427387904;4617315517961601024;4616189618054758400;4619567317775286272;4618441417868443648;4607182418800017408;0;4613937818241073152;4611686018427387904;4617315517961601024;4616189618054758400;4619567317775286272;4618441417868443648;4607182418800017408;0;4613937818241073152;4611686018427387904;4617315517961601024;4616189618054758400;4619567317775286272;4618441417868443648;4607182418800017408;0;4613937818241073152;4611686018427387904;4617315517961601024;4616189618054758400;4619567317775286272;4618441417868443648;4607182418800017408;0;4613937818241073152;4611686018427387904;4617315517961601024;4616189618054758400;4619567317775286272;4618441417868443648;4607182418800017408;0;4613937818241073152;4611686018427387904;4617315517961601024;4616189618054758400;4619567317775286272;4618441417868443648;4607182418800017408;0;4613937818241073152;4611686018427387904;4617315517961601024;4616189618054758400;4619567317775286272;4618441417868443648;4607182418800017408;0;4613937818241073152;4611686018427387904;4617315517961601024;4616189618054758400;4619567317775286272;4618441417868443648;4607182418800017408;0;4613937818241073152;4611686018427387904;4617315517961601024;4616189618054758400;4619567317775286272;4618441417868443648;4607182418800017408;0;4613937818241073152;4611686018427387904;4617315517961601024;4616189618054758400;4619567317775286272;4618441417868443648;4607182418800017408;0;4613937818241073152;4611686018427387904;4617315517961601024;4616189618054758400;4619567317775286272;4618441417868443648;4607182418800017408;0;4613937818241073152;4611686018427387904;4617315517961601024;4616189618054758400;4619567317775286272;4618441417868443648;4607182418800017408;0;4613937818241073152;4611686018427387904;4617315517961601024;4616189618054758400;4619567317775286272;4618441417868443648;4607182418800017408;0;4613937818241073152;4611686018427387904;4617315517961601024;4616189618054758400;4619567317775286272;4618441417868443648;4607182418800017408;0;4613937818241073152;4611686018427387904;4617315517961601024;4616189618054758400;4619567317775286272;4618441417868443648;4607182418800017408;0;4613937818241073152;4611686018427387904;4617315517961601024;4616189618054758400;4619567317775286272;4618441417868443648;4607182418800017408;0;4613937818241073152;4611686018427387904;4617315517961601024;4616189618054758400;4619567317775286272;4618441417868443648;4607182418800017408;0;4613937818241073152;4611686018427387904;4617315517961601024;4616189618054758400;4619567317775286272;4618441417868443648;4607182418800017408;0;4613937818241073152;4611686018427387904;4617315517961601024;4616189618054758400;4619567317775286272;4618441417868443648;4607182418800017408;0;4613937818241073152;4611686018427387904;4617315517961601024;4616189618054758400;4619567317775286272;4618441417868443648;4607182418800017408;0;4613937818241073152;4611686018427387904;4617315517961601024;4616189618054758400;4619567317775286272;4618441417868443648;4607182418800017408;0;4613937818241073152;4611686018427387904;4617315517961601024;4616189618054758400;4619567317775286272;4618441417868443648;4607182418800017408;0;4613937818241073152;4611686018427387904;4617315517961601024;4616189618054758400;4619567317775286272;4618441417868443648;4607182418800017408;0;4613937818241073152;4611686018427387904;4617315517961601024;4616189618054758400;4619567317775286272;4618441417868443648;4607182418800017408;0;4613937818241073152;4611686018427387904;4617315517961601024;4616189618054758400;4619567317775286272;4618441417868443648;4607182418800017408;0;4613937818241073152;4611686018427387904;4617315517961601024;4616189618054758400;4619567317775286272;4618441417868443648;4607182418800017408;0;4613937818241073152;4611686018427387904;4617315517961601024;4616189618054758400;4619567317775286272;4618441417868443648;4607182418800017408;0;4613937818241073152;4611686018427387904;4617315517961601024;4616189618054758400;4619567317775286272;4618441417868443648;4607182418800017408;0;4613937818241073152;4611686018427387904;4617315517961601024;4616189618054758400;4619567317775286272;4618441417868443648;4607182418800017408;0;4613937818241073152;4611686018427387904;4617315517961601024;4616189618054758400;4619567317775286272;4618441417868443648;4607182418800017408;0;4613937818241073152;4611686018427387904;4617315517961601024;4616189618054758400;4619567317775286272;4618441417868443648;4607182418800017408;0;4613937818241073152;4611686018427387904;4617315517961601024;4616189618054758400;4619567317775286272;4618441417868443648;4607182418800017408;0;4613937818241073152;4611686018427387904;4617315517961601024;4616189618054758400;4619567317775286272;4618441417868443648;4607182418800017408;0;4613937818241073152;4611686018427387904;4617315517961601024;4616189618054758400;4619567317775286272;4618441417868443648;4607182418800017408;0;4613937818241073152;4611686018427387904;4617315517961601024;4616189618054758400;4619567317775286272;4618441417868443648;4607182418800017408;0;4613937818241073152;4611686018427387904;4617315517961601024;4616189618054758400;4619567317775286272;4618441417868443648;4607182418800017408;0;4613937818241073152;4611686018427387904;4617315517961601024;4616189618054758400;4619567317775286272;4618441417868443648;4607182418800017408;0;4613937818241073152;4611686018427387904;4617315517961601024;4616189618054758400;4619567317775286272;4618441417868443648;4607182418800017408;0;4613937818241073152;4611686018427387904;4617315517961601024;4616189618054758400;4619567317775286272;4618441417868443648;4607182418800017408;0;4613937818241073152;4611686018427387904;4617315517961601024;4616189618054758400;4619567317775286272;4618441417868443648;4607182418800017408;0;4613937818241073152;4611686018427387904;4617315517961601024;4616189618054758400;4619567317775286272;4618441417868443648;4607182418800017408;0;4613937818241073152;4611686018427387904;4617315517961601024;4616189618054758400;4619567317775286272;4618441417868443648;4607182418800017408;0;4613937818241073152;4611686018427387904;4617315517961601024;4616189618054758400;4619567317775286272;4618441417868443648;4607182418800017408;0;4613937818241073152;4611686018427387904;4617315517961601024;4616189618054758400;4619567317775286272;4618441417868443648;4607182418800017408;0;4613937818241073152;4611686018427387904;4617315517961601024;4616189618054758400;4619567317775286272;4618441417868443648;4607182418800017408;0;4613937818241073152;4611686018427387904;4617315517961601024;4616189618054758400;4619567317775286272;4618441417868443648;4607182418800017408;0;4613937818241073152;4611686018427387904;4617315517961601024;4616189618054758400;4619567317775286272;4618441417868443648;4607182418800017408;0;4613937818241073152;4611686018427387904;4617315517961601024;4616189618054758400;4619567317775286272;4618441417868443648;4607182418800017408;0;4613937818241073152;4611686018427387904;4617315517961601024;4616189618054758400;4619567317775286272;4618441417868443648;4607182418800017408;0;4613937818241073152;4611686018427387904;4617315517961601024;4616189618054758400;4619567317775286272;4618441417868443648;4607182418800017408;0;4613937818241073152;4611686018427387904;4617315517961601024;4616189618054758400;4619567317775286272;4618441417868443648;4607182418800017408;0;4613937818241073152;4611686018427387904;4617315517961601024;4616189618054758400;4619567317775286272;4618441417868443648;4607182418800017408;0;4613937818241073152;4611686018427387904;4617315517961601024;4616189618054758400;4619567317775286272;4618441417868443648;4607182418800017408;0;4613937818241073152;4611686018427387904;4617315517961601024;4616189618054758400;4619567317775286272;4618441417868443648;4607182418800017408;0;4613937818241073152;4611686018427387904;4617315517961601024;4616189618054758400;4619567317775286272;4618441417868443648;4607182418800017408;0;4613937818241073152;4611686018427387904;4617315517961601024;4616189618054758400;4619567317775286272;4618441417868443648;4607182418800017408;0;4613937818241073152;4611686018427387904;4617315517961601024;4616189618054758400;4619567317775286272;4618441417868443648;4607182418800017408;0;4613937818241073152;4611686018427387904;4617315517961601024;4616189618054758400;4619567317775286272;4618441417868443648;4607182418800017408;0;4613937818241073152;4611686018427387904;4617315517961601024;4616189618054758400;4619567317775286272;4618441417868443648;4607182418800017408;0;4613937818241073152;4611686018427387904;4617315517961601024;4616189618054758400;4619567317775286272;4618441417868443648;4607182418800017408;0;4613937818241073152;4611686018427387904;4617315517961601024;4616189618054758400;4619567317775286272;4618441417868443648;4607182418800017408;0;4613937818241073152;4611686018427387904;4617315517961601024;4616189618054758400;4619567317775286272;4618441417868443648;4607182418800017408;0;4613937818241073152;4611686018427387904;4617315517961601024;4616189618054758400;4619567317775286272;4618441417868443648;4607182418800017408;0;4613937818241073152;4611686018427387904;4617315517961601024;4616189618054758400;4619567317775286272;4618441417868443648;4607182418800017408;0;4613937818241073152;4611686018427387904;4617315517961601024;4616189618054758400;4619567317775286272;4618441417868443648;4607182418800017408;0;4613937818241073152;4611686018427387904;4617315517961601024;4616189618054758400;4619567317775286272;4618441417868443648;4607182418800017408;0;4613937818241073152;4611686018427387904;4617315517961601024;4616189618054758400;4619567317775286272;4618441417868443648;4607182418800017408;0;4613937818241073152;4611686018427387904;4617315517961601024;4616189618054758400;4619567317775286272;4618441417868443648;4607182418800017408;0;4613937818241073152;4611686018427387904;4617315517961601024;4616189618054758400;4619567317775286272;4618441417868443648;4607182418800017408;0;4613937818241073152;4611686018427387904;4617315517961601024;4616189618054758400;4619567317775286272;4618441417868443648;4607182418800017408;0;4613937818241073152;4611686018427387904;4617315517961601024;4616189618054758400;4619567317775286272;4618441417868443648;4607182418800017408;0;4613937818241073152;4611686018427387904;4617315517961601024;4616189618054758400;4619567317775286272;4618441417868443648;4607182418800017408;0;4613937818241073152;4611686018427387904;4617315517961601024;4616189618054758400;4619567317775286272;4618441417868443648;4607182418800017408;0;4613937818241073152;4611686018427387904;4617315517961601024;4616189618054758400;4619567317775286272;4618441417868443648;4607182418800017408;0;4613937818241073152;4611686018427387904;4617315517961601024;4616189618054758400;4619567317775286272;4618441417868443648;4607182418800017408;0;4613937818241073152;4611686018427387904;4617315517961601024;4616189618054758400;4619567317775286272;4618441417868443648;4607182418800017408;0;4613937818241073152;4611686018427387904;4617315517961601024;4616189618054758400;4619567317775286272;4618441417868443648;4607182418800017408;0;4613937818241073152;4611686018427387904;4617315517961601024;4616189618054758400;4619567317775286272;4618441417868443648;4607182418800017408;0;4613937818241073152;4611686018427387904;4617315517961601024;4616189618054758400;4619567317775286272;4618441417868443648;4607182418800017408;0;4613937818241073152;4611686018427387904;4617315517961601024;4616189618054758400;4619567317775286272;4618441417868443648;4607182418800017408;0;4613937818241073152;4611686018427387904;4617315517961601024;4616189618054758400;4619567317775286272;4618441417868443648;4607182418800017408;0;4613937818241073152;4611686018427387904;4617315517961601024;4616189618054758400;4619567317775286272;4618441417868443648;4607182418800017408;0;4613937818241073152;4611686018427387904;4617315517961601024;4616189618054758400;4619567317775286272;4618441417868443648;4607182418800017408;0;4613937818241073152;4611686018427387904;4617315517961601024;4616189618054758400;4619567317775286272;4618441417868443648;4607182418800017408;0;4613937818241073152;4611686018427387904;4617315517961601024;4616189618054758400;4619567317775286272;4618441417868443648;4607182418800017408;0;4613937818241073152;4611686018427387904;4617315517961601024;4616189618054758400;4619567317775286272;4618441417868443648;4607182418800017408;0;4613937818241073152;4611686018427387904;4617315517961601024;4616189618054758400;4619567317775286272;4618441417868443648;4607182418800017408;0;4613937818241073152;4611686018427387904;4617315517961601024;4616189618054758400;4619567317775286272;4618441417868443648;4607182418800017408;0;4613937818241073152;4611686018427387904;4617315517961601024;4616189618054758400;4619567317775286272;4618441417868443648;4607182418800017408;0;4613937818241073152;4611686018427387904;4617315517961601024;4616189618054758400;4619567317775286272;4618441417868443648;4607182418800017408;0;4613937818241073152;4611686018427387904;4617315517961601024;4616189618054758400;4619567317775286272;4618441417868443648;4607182418800017408;0;4613937818241073152;4611686018427387904;4617315517961601024;4616189618054758400;4619567317775286272;4618441417868443648;4607182418800017408;0;4613937818241073152;4611686018427387904;4617315517961601024;4616189618054758400;4619567317775286272;4618441417868443648;4607182418800017408;0;4613937818241073152;4611686018427387904;4617315517961601024;4616189618054758400;4619567317775286272;4618441417868443648;4607182418800017408;0;4613937818241073152;4611686018427387904;4617315517961601024;4616189618054758400;4619567317775286272;4618441417868443648;4607182418800017408;0;4613937818241073152;4611686018427387904;4617315517961601024;4616189618054758400;4619567317775286272;4618441417868443648;4607182418800017408;0;4613937818241073152;4611686018427387904;4617315517961601024;4616189618054758400;4619567317775286272;4618441417868443648;4607182418800017408;0;4613937818241073152;4611686018427387904;4617315517961601024;4616189618054758400;4619567317775286272;4618441417868443648;4607182418800017408;0;4613937818241073152;4611686018427387904;4617315517961601024;4616189618054758400;4619567317775286272;4618441417868443648;4607182418800017408;0;4613937818241073152;4611686018427387904;4617315517961601024;4616189618054758400;4619567317775286272;4618441417868443648;4607182418800017408;0;4613937818241073152;4611686018427387904;4617315517961601024;4616189618054758400;4619567317775286272;4618441417868443648;4607182418800017408;0;4613937818241073152;4611686018427387904;4617315517961601024;4616189618054758400;4619567317775286272;4618441417868443648;4607182418800017408;0;4613937818241073152;4611686018427387904;4617315517961601024;4616189618054758400;4619567317775286272;4618441417868443648;4607182418800017408;0;4613937818241073152;4611686018427387904;4617315517961601024;4616189618054758400;4619567317775286272;4618441417868443648;4607182418800017408;0;4613937818241073152;4611686018427387904;4617315517961601024;4616189618054758400;4619567317775286272;4618441417868443648;4607182418800017408;0;4613937818241073152;4611686018427387904;4617315517961601024;4616189618054758400;4619567317775286272;4618441417868443648;4607182418800017408;0;4613937818241073152;4611686018427387904;4617315517961601024;4616189618054758400;4619567317775286272;4618441417868443648;4607182418800017408;0;4613937818241073152;4611686018427387904;4617315517961601024;4616189618054758400;4619567317775286272;4618441417868443648;4607182418800017408;0;4613937818241073152;4611686018427387904;4617315517961601024;4616189618054758400;4619567317775286272;4618441417868443648;4607182418800017408;0;4613937818241073152;4611686018427387904;4617315517961601024;4616189618054758400;4619567317775286272;4618441417868443648;4607182418800017408;0;4613937818241073152;4611686018427387904;4617315517961601024;4616189618054758400;4619567317775286272;4618441417868443648;4607182418800017408;0;4613937818241073152;4611686018427387904;4617315517961601024;4616189618054758400;4619567317775286272;4618441417868443648;4607182418800017408;0;4613937818241073152;4611686018427387904;4617315517961601024;4616189618054758400;4619567317775286272;4618441417868443648;4607182418800017408;0;4613937818241073152;4611686018427387904;4617315517961601024;4616189618054758400;4619567317775286272;4618441417868443648;4607182418800017408;0;4613937818241073152;4611686018427387904;4617315517961601024;4616189618054758400;4619567317775286272;4618441417868443648;4607182418800017408;0;4613937818241073152;4611686018427387904;4617315517961601024;4616189618054758400;4619567317775286272;4618441417868443648;4607182418800017408;0;4613937818241073152;4611686018427387904;4617315517961601024;4616189618054758400;4619567317775286272;4618441417868443648;4607182418800017408;0;4613937818241073152;4611686018427387904;4617315517961601024;4616189618054758400;4619567317775286272;4618441417868443648;4607182418800017408;0;4613937818241073152;4611686018427387904;4617315517961601024;4616189618054758400;4619567317775286272;4618441417868443648;4607182418800017408;0;4613937818241073152;4611686018427387904;4617315517961601024;4616189618054758400;4619567317775286272;4618441417868443648;4607182418800017408;0;4613937818241073152;4611686018427387904;4617315517961601024;4616189618054758400;4619567317775286272;4618441417868443648;4607182418800017408;0;4613937818241073152;4611686018427387904;4617315517961601024;4616189618054758400;4619567317775286272;4618441417868443648;4607182418800017408;0;4613937818241073152;4611686018427387904;4617315517961601024;4616189618054758400;4619567317775286272;4618441417868443648;4607182418800017408;0;4613937818241073152;4611686018427387904;4617315517961601024;4616189618054758400;4619567317775286272;4618441417868443648;4607182418800017408;0;4613937818241073152;4611686018427387904;4617315517961601024;4616189618054758400;4619567317775286272;4618441417868443648;4607182418800017408;0;4613937818241073152;4611686018427387904;4617315517961601024;4616189618054758400;4619567317775286272;4618441417868443648;4607182418800017408;0;4613937818241073152;4611686018427387904;4617315517961601024;4616189618054758400;4619567317775286272;4618441417868443648;4607182418800017408;0;4613937818241073152;4611686018427387904;4617315517961601024;4616189618054758400;4619567317775286272;4618441417868443648;4607182418800017408;0;4613937818241073152;4611686018427387904;4617315517961601024;4616189618054758400;4619567317775286272;4618441417868443648;4607182418800017408;0;4613937818241073152;4611686018427387904;4617315517961601024;4616189618054758400;4619567317775286272;4618441417868443648;4607182418800017408;0;4613937818241073152;4611686018427387904;4617315517961601024;4616189618054758400;4619567317775286272;4618441417868443648;4607182418800017408;0;4613937818241073152;4611686018427387904;4617315517961601024;4616189618054758400;4619567317775286272;4618441417868443648;4607182418800017408;0;4613937818241073152;4611686018427387904;4617315517961601024;4616189618054758400;4619567317775286272;4618441417868443648;4607182418800017408;0;4613937818241073152;4611686018427387904;4617315517961601024;4616189618054758400;4619567317775286272;4618441417868443648;4607182418800017408;0;4613937818241073152;4611686018427387904;4617315517961601024;4616189618054758400;4619567317775286272;4618441417868443648;4607182418800017408;0;4613937818241073152;4611686018427387904;4617315517961601024;4616189618054758400;4619567317775286272;4618441417868443648;4607182418800017408;0;4613937818241073152;4611686018427387904;4617315517961601024;4616189618054758400;4619567317775286272;4618441417868443648;4607182418800017408;0;4613937818241073152;4611686018427387904;4617315517961601024;4616189618054758400;4619567317775286272;4618441417868443648;4607182418800017408;0;4613937818241073152;4611686018427387904;4617315517961601024;4616189618054758400;4619567317775286272;4618441417868443648;4607182418800017408;0;4613937818241073152;4611686018427387904;4617315517961601024;4616189618054758400;4619567317775286272;4618441417868443648;4607182418800017408;0;4613937818241073152;4611686018427387904;4617315517961601024;4616189618054758400;4619567317775286272;4618441417868443648;4607182418800017408;0;4613937818241073152;4611686018427387904;4617315517961601024;4616189618054758400;4619567317775286272;4618441417868443648;4607182418800017408;0;4613937818241073152;4611686018427387904;4617315517961601024;4616189618054758400;4619567317775286272;4618441417868443648;4607182418800017408;0;4613937818241073152;4611686018427387904;4617315517961601024;4616189618054758400;4619567317775286272;4618441417868443648;4607182418800017408;0;4613937818241073152;4611686018427387904;4617315517961601024;4616189618054758400;4619567317775286272;4618441417868443648;4607182418800017408;0;4613937818241073152;4611686018427387904;4617315517961601024;4616189618054758400;4619567317775286272;4618441417868443648;4607182418800017408;0;4613937818241073152;4611686018427387904;4617315517961601024;4616189618054758400;4619567317775286272;4618441417868443648;4607182418800017408;0;4613937818241073152;4611686018427387904;4617315517961601024;4616189618054758400;4619567317775286272;4618441417868443648;4607182418800017408;0;4613937818241073152;4611686018427387904;4617315517961601024;4616189618054758400;4619567317775286272;4618441417868443648;4607182418800017408;0;4613937818241073152;4611686018427387904;4617315517961601024;4616189618054758400;4619567317775286272;4618441417868443648;4607182418800017408;0;4613937818241073152;4611686018427387904;4617315517961601024;4616189618054758400;4619567317775286272;4618441417868443648;4607182418800017408;0;4613937818241073152;4611686018427387904;4617315517961601024;4616189618054758400;4619567317775286272;4618441417868443648;4607182418800017408;0;4613937818241073152;4611686018427387904;4617315517961601024;4616189618054758400;4619567317775286272;4618441417868443648;4607182418800017408;0;4613937818241073152;4611686018427387904;4617315517961601024;4616189618054758400;4619567317775286272;4618441417868443648;4607182418800017408;0;4613937818241073152;4611686018427387904;4617315517961601024;4616189618054758400;4619567317775286272;4618441417868443648;4607182418800017408;0;4613937818241073152;4611686018427387904;4617315517961601024;4616189618054758400;4619567317775286272;4618441417868443648;4607182418800017408;0;4613937818241073152;4611686018427387904;4617315517961601024;4616189618054758400;4619567317775286272;4618441417868443648;4607182418800017408;0;4613937818241073152;4611686018427387904;4617315517961601024;4616189618054758400;4619567317775286272;4618441417868443648;4607182418800017408;0;4613937818241073152;4611686018427387904;4617315517961601024;4616189618054758400;4619567317775286272;4618441417868443648;4607182418800017408;0;4613937818241073152;4611686018427387904;4617315517961601024;4616189618054758400;4619567317775286272;4618441417868443648;4607182418800017408;0;4613937818241073152;4611686018427387904;4617315517961601024;4616189618054758400;4619567317775286272;4618441417868443648;4607182418800017408;0;4613937818241073152;4611686018427387904;4617315517961601024;4616189618054758400;4619567317775286272;4618441417868443648;4607182418800017408;0;4613937818241073152;4611686018427387904;4617315517961601024;4616189618054758400;4619567317775286272;4618441417868443648;4607182418800017408;0;4613937818241073152;4611686018427387904;4617315517961601024;4616189618054758400;4619567317775286272;4618441417868443648;4607182418800017408;0;4613937818241073152;4611686018427387904;4617315517961601024;4616189618054758400;4619567317775286272;4618441417868443648;4607182418800017408;0;4613937818241073152;4611686018427387904;4617315517961601024;4616189618054758400;4619567317775286272;4618441417868443648;4607182418800017408;0;4613937818241073152;4611686018427387904;4617315517961601024;4616189618054758400;4619567317775286272;4618441417868443648;4607182418800017408;0;4613937818241073152;4611686018427387904;4617315517961601024;4616189618054758400;4619567317775286272;4618441417868443648;4607182418800017408;0;4613937818241073152;4611686018427387904;4617315517961601024;4616189618054758400;4619567317775286272;4618441417868443648;4607182418800017408;0;4613937818241073152;4611686018427387904;4617315517961601024;4616189618054758400;4619567317775286272;4618441417868443648;4607182418800017408;0;4613937818241073152;4611686018427387904;4617315517961601024;4616189618054758400;4619567317775286272;4618441417868443648;4607182418800017408;0;4613937818241073152;4611686018427387904;4617315517961601024;4616189618054758400;4619567317775286272;4618441417868443648;4607182418800017408;0;4613937818241073152;4611686018427387904;4617315517961601024;4616189618054758400;4619567317775286272;4618441417868443648;4607182418800017408;0;4613937818241073152;4611686018427387904;4617315517961601024;4616189618054758400;4619567317775286272;4618441417868443648;4607182418800017408;0;4613937818241073152;4611686018427387904;4617315517961601024;4616189618054758400;4619567317775286272;4618441417868443648;4607182418800017408;0;4613937818241073152;4611686018427387904;4617315517961601024;4616189618054758400;4619567317775286272;4618441417868443648;4607182418800017408;0;4613937818241073152;4611686018427387904;4617315517961601024;4616189618054758400;4619567317775286272;4618441417868443648;4607182418800017408;0;4613937818241073152;4611686018427387904;4617315517961601024;4616189618054758400;4619567317775286272;4618441417868443648;4607182418800017408;0;4613937818241073152;4611686018427387904;4617315517961601024;4616189618054758400;4619567317775286272;4618441417868443648;4607182418800017408;0;4613937818241073152;4611686018427387904;4617315517961601024;4616189618054758400;4619567317775286272;4618441417868443648;4607182418800017408;0;4613937818241073152;4611686018427387904;4617315517961601024;4616189618054758400;4619567317775286272;4618441417868443648;4607182418800017408;0;4613937818241073152;4611686018427387904;4617315517961601024;4616189618054758400;4619567317775286272;4618441417868443648;4607182418800017408;0;4613937818241073152;4611686018427387904;4617315517961601024;4616189618054758400;4619567317775286272;4618441417868443648;4607182418800017408;0;4613937818241073152;4611686018427387904;4617315517961601024;4616189618054758400;4619567317775286272;4618441417868443648;4607182418800017408;0;4613937818241073152;4611686018427387904;4617315517961601024;4616189618054758400;4619567317775286272;4618441417868443648;4607182418800017408;0;4613937818241073152;4611686018427387904;4617315517961601024;4616189618054758400;4619567317775286272;4618441417868443648;4607182418800017408;0;4613937818241073152;4611686018427387904;4617315517961601024;4616189618054758400;4619567317775286272;4618441417868443648;4607182418800017408;0;4613937818241073152;4611686018427387904;4617315517961601024;4616189618054758400;4619567317775286272;4618441417868443648;4607182418800017408;0;4613937818241073152;4611686018427387904;4617315517961601024;4616189618054758400;4619567317775286272;4618441417868443648;4607182418800017408;0;4613937818241073152;4611686018427387904;4617315517961601024;4616189618054758400;4619567317775286272;4618441417868443648;4607182418800017408;0;4613937818241073152;4611686018427387904;4617315517961601024;4616189618054758400;4619567317775286272;4618441417868443648;4607182418800017408;0;4613937818241073152;4611686018427387904;4617315517961601024;4616189618054758400;4619567317775286272;4618441417868443648;4607182418800017408;0;4613937818241073152;4611686018427387904;4617315517961601024;4616189618054758400;4619567317775286272;4618441417868443648;4607182418800017408;0;4613937818241073152;4611686018427387904;4617315517961601024;4616189618054758400;4619567317775286272;4618441417868443648;4607182418800017408;0;4613937818241073152;4611686018427387904;4617315517961601024;4616189618054758400;4619567317775286272;4618441417868443648;4607182418800017408;0;4613937818241073152;4611686018427387904;4617315517961601024;4616189618054758400;4619567317775286272;4618441417868443648;4607182418800017408;0;4613937818241073152;4611686018427387904;4617315517961601024;4616189618054758400;4619567317775286272;4618441417868443648;4607182418800017408;0;4613937818241073152;4611686018427387904;4617315517961601024;4616189618054758400;4619567317775286272;4618441417868443648;4607182418800017408;0;4613937818241073152;4611686018427387904;4617315517961601024;4616189618054758400;4619567317775286272;4618441417868443648;4607182418800017408;0;4613937818241073152;4611686018427387904;4617315517961601024;4616189618054758400;4619567317775286272;4618441417868443648;4607182418800017408;0;4613937818241073152;4611686018427387904;4617315517961601024;4616189618054758400;4619567317775286272;4618441417868443648;4607182418800017408;0;4613937818241073152;4611686018427387904;4617315517961601024;4616189618054758400;4619567317775286272;4618441417868443648;4607182418800017408;0;4613937818241073152;4611686018427387904;4617315517961601024;4616189618054758400;4619567317775286272;4618441417868443648;4607182418800017408;0;4613937818241073152;4611686018427387904;4617315517961601024;4616189618054758400;4619567317775286272;4618441417868443648;4607182418800017408;0;4613937818241073152;4611686018427387904;4617315517961601024;4616189618054758400;4619567317775286272;4618441417868443648;4607182418800017408;0;4613937818241073152;4611686018427387904;4617315517961601024;4616189618054758400;4619567317775286272;4618441417868443648;4607182418800017408;0;4613937818241073152;4611686018427387904;4617315517961601024;4616189618054758400;4619567317775286272;4618441417868443648;4607182418800017408;0;4613937818241073152;4611686018427387904;4617315517961601024;4616189618054758400;4619567317775286272;4618441417868443648;4607182418800017408;0;4613937818241073152;4611686018427387904;4617315517961601024;4616189618054758400;4619567317775286272;4618441417868443648;4607182418800017408;0;4613937818241073152;4611686018427387904;4617315517961601024;4616189618054758400;4619567317775286272;4618441417868443648;4607182418800017408;0;4613937818241073152;4611686018427387904;4617315517961601024;4616189618054758400;4619567317775286272;4618441417868443648;4607182418800017408;0;4613937818241073152;4611686018427387904;4617315517961601024;4616189618054758400;4619567317775286272;4618441417868443648;4607182418800017408;0;4613937818241073152;4611686018427387904;4617315517961601024;4616189618054758400;4619567317775286272;4618441417868443648;4607182418800017408;0;4613937818241073152;4611686018427387904;4617315517961601024;4616189618054758400;4619567317775286272;4618441417868443648;4607182418800017408;0;4613937818241073152;4611686018427387904;4617315517961601024;4616189618054758400;4619567317775286272;4618441417868443648;4607182418800017408;0;4613937818241073152;4611686018427387904;4617315517961601024;4616189618054758400;4619567317775286272;4618441417868443648;4607182418800017408;0;4613937818241073152;4611686018427387904;4617315517961601024;4616189618054758400;4619567317775286272;4618441417868443648;4607182418800017408;0;4613937818241073152;4611686018427387904;4617315517961601024;4616189618054758400;4619567317775286272;4618441417868443648;4607182418800017408;0;4613937818241073152;4611686018427387904;4617315517961601024;4616189618054758400;4619567317775286272;4618441417868443648;4607182418800017408;0;4613937818241073152;4611686018427387904;4617315517961601024;4616189618054758400;4619567317775286272;4618441417868443648;4607182418800017408;0;4613937818241073152;4611686018427387904;4617315517961601024;4616189618054758400;4619567317775286272;4618441417868443648;4607182418800017408;0;4613937818241073152;4611686018427387904;4617315517961601024;4616189618054758400;4619567317775286272;4618441417868443648;4607182418800017408;0;4613937818241073152;4611686018427387904;4617315517961601024;4616189618054758400;4619567317775286272;4618441417868443648;4607182418800017408;0;4613937818241073152;4611686018427387904;4617315517961601024;4616189618054758400;4619567317775286272;4618441417868443648;4607182418800017408;0;4613937818241073152;4611686018427387904;4617315517961601024;4616189618054758400;4619567317775286272;4618441417868443648;4607182418800017408;0;4613937818241073152;4611686018427387904;4617315517961601024;4616189618054758400;4619567317775286272;4618441417868443648;4607182418800017408;0;4613937818241073152;4611686018427387904;4617315517961601024;4616189618054758400;4619567317775286272;4618441417868443648;4607182418800017408;0;4613937818241073152;4611686018427387904;4617315517961601024;4616189618054758400;4619567317775286272;4618441417868443648;4607182418800017408;0;4613937818241073152;4611686018427387904;4617315517961601024;4616189618054758400;4619567317775286272;4618441417868443648;4607182418800017408;0;4613937818241073152;4611686018427387904;4617315517961601024;4616189618054758400;4619567317775286272;4618441417868443648;4607182418800017408;0;4613937818241073152;4611686018427387904;4617315517961601024;4616189618054758400;4619567317775286272;4618441417868443648;4607182418800017408;0;4613937818241073152;4611686018427387904;4617315517961601024;4616189618054758400;4619567317775286272;4618441417868443648;4607182418800017408;0;4613937818241073152;4611686018427387904;4617315517961601024;4616189618054758400;4619567317775286272;4618441417868443648;4607182418800017408;0;4613937818241073152;4611686018427387904;4617315517961601024;4616189618054758400;4619567317775286272;4618441417868443648;4607182418800017408;0;4613937818241073152;4611686018427387904;4617315517961601024;4616189618054758400;4619567317775286272;4618441417868443648;4607182418800017408;0;4613937818241073152;4611686018427387904;4617315517961601024;4616189618054758400;4619567317775286272;4618441417868443648;4607182418800017408;0;4613937818241073152;4611686018427387904;4617315517961601024;4616189618054758400;4619567317775286272;4618441417868443648;4607182418800017408;0;4613937818241073152;4611686018427387904;4617315517961601024;4616189618054758400;4619567317775286272;4618441417868443648;4607182418800017408;0;4613937818241073152;4611686018427387904;4617315517961601024;4616189618054758400;4619567317775286272;4618441417868443648;4607182418800017408;0;4613937818241073152;4611686018427387904;4617315517961601024;4616189618054758400;4619567317775286272;4618441417868443648;4607182418800017408;0;4613937818241073152;4611686018427387904;4617315517961601024;4616189618054758400;4619567317775286272;4618441417868443648;4607182418800017408;0;4613937818241073152;4611686018427387904;4617315517961601024;4616189618054758400;4619567317775286272;4618441417868443648;4607182418800017408;0;4613937818241073152;4611686018427387904;4617315517961601024;4616189618054758400;4619567317775286272;4618441417868443648;4607182418800017408;0;4613937818241073152;4611686018427387904;4617315517961601024;4616189618054758400;4619567317775286272;4618441417868443648;4607182418800017408;0;4613937818241073152;4611686018427387904;4617315517961601024;4616189618054758400;4619567317775286272;4618441417868443648;4607182418800017408;0;4613937818241073152;4611686018427387904;4617315517961601024;4616189618054758400;4619567317775286272;4618441417868443648;4607182418800017408;0;4613937818241073152;4611686018427387904;4617315517961601024;4616189618054758400;4619567317775286272;4618441417868443648;4607182418800017408;0;4613937818241073152;4611686018427387904;4617315517961601024;4616189618054758400;4619567317775286272;4618441417868443648;4607182418800017408;0;4613937818241073152;4611686018427387904;4617315517961601024;4616189618054758400;4619567317775286272;4618441417868443648;4607182418800017408;0;4613937818241073152;4611686018427387904;4617315517961601024;4616189618054758400;4619567317775286272;4618441417868443648;4607182418800017408;0;4613937818241073152;4611686018427387904;4617315517961601024;4616189618054758400;4619567317775286272;4618441417868443648;4607182418800017408;0;4613937818241073152;4611686018427387904;4617315517961601024;4616189618054758400;4619567317775286272;4618441417868443648;4607182418800017408;0;4613937818241073152;4611686018427387904;4617315517961601024;4616189618054758400;4619567317775286272;4618441417868443648;4607182418800017408;0;4613937818241073152;4611686018427387904;4617315517961601024;4616189618054758400;4619567317775286272;4618441417868443648;4607182418800017408;0;4613937818241073152;4611686018427387904;4617315517961601024;4616189618054758400;4619567317775286272;4618441417868443648;4607182418800017408;0;4613937818241073152;4611686018427387904;4617315517961601024;4616189618054758400;4619567317775286272;4618441417868443648;4607182418800017408;0;4613937818241073152;4611686018427387904;4617315517961601024;4616189618054758400;4619567317775286272;4618441417868443648;4607182418800017408;0;4613937818241073152;4611686018427387904;4617315517961601024 perm=0;8;24;16;48;56;40;32;96;104;120;112;80;88;72;64;192;200;216;208;240;248;232;224;160;168;184;176;144;152;136;128;384;392;408;400;432;440;424;416;480;488;504;496;464;472;456;448;320;328;344;336;368;376;360;352;288;296;312;304;272;280;264;256;768;776;792;784;816;824;808;800;864;872;888;880;848;856;840;832;960;968;984;976;1008;1016;1000;992;928;936;952;944;912;920;904;896;640;648;664;656;688;696;680;672;736;744;760;752;720;728;712;704;576;584;600;592;624;632;616;608;544;552;568;560;528;536;520;512;1528;1520;1504;1512;1480;1472;1488;1496;1432;1424;1408;1416;1448;1440;1456;1464;1336;1328;1312;1320;1288;1280;1296;1304;1368;1360;1344;1352;1384;1376;1392;1400;1144;1136;1120;1128;1096;1088;1104;1112;1048;1040;1024;1032;1064;1056;1072;1080;1208;1200;1184;1192;1160;1152;1168;1176;1240;1232;1216;1224;1256;1248;1264;1272;1784;1776;1760;1768;1736;1728;1744;1752;1688;1680;1664;1672;1704;1696;1712;1720;1592;1584;1568;1576;1544;1536;1552;1560;1624;1616;1600;1608;1640;1632;1648;1656;1912;1904;1888;1896;1864;1856;1872;1880;1816;1808;1792;1800;1832;1824;1840;1848;1976;1968;1952;1960;1928;1920;1936;1944;2008;2000;1984;1992;2024;2016;2032;2040;2224;2232;2216;2208;2272;2280;2296;2320;2352;2312;2328;2304;2384;2392;2376;2368;2496;2472;2488;2464;2480;2360;2344;2336;2448;2456;2440;2432;2176;2184;2200;2192;2160;2168;2152;2144;2080;2088;2104;2288;2256;2264;2248;2240;2112;2120;2136;2128;2400;2408;2424;2416;2064;2072;2056;2096;2048;2047;2023;2039;1999;1991;2007;2031;1279;1271;1255;1263;1231;1223;1239;2015;1951;1943;1927;1935;1967;1959;1975;1983;1855;1847;1831;1839;1807;1799;1815;1823;1887;1879;1863;1871;1903;1895;1911;1919;1663;1655;1639;1647;1615;1607;1623;1631;1567;1559;1543;1551;1583;1575;1591;1599;1727;1719;1703;1711;1679;1671;1687;1695;1759;1751;1735;1743;1775;1767;1783;1791;519;527;543;535;567;575;559;551;615;623;639;631;599;607;591;583;711;719;735;727;759;767;751;743;679;687;703;695;663;671;655;647;903;911;927;919;951;959;943;935;999;1007;1023;1015;983;991;975;967;839;847;863;855;887;895;879;871;807;815;831;823;791;799;783;775;263;271;287;279;311;319;303;1247;1183;1175;1159;1167;1199;1191;1207;1215;1087;1079;1063;1071;1039;1031;1047;1055;1119;1111;1095;1103;1135;1127;1143;1151;1407;1399;1383;1391;1359;1351;1367;1375;1311;1303;1287;1295;1327;1319;1335;1343;1471;1463;1447;1455;1423;1415;1431;1439;1503;1495;1479;1487;1519;1511;1527;1535;2191;2207;2183;2391;2343;2351;2367;295;359;367;383;375;343;351;335;2071;2247;2063;2079;2087;2151;2159;2175;2167;2103;2111;2095;2055;2423;2431;2415;2407;2479;2495;2471;2439;2487;2447;2463;2455;2327;2335;2319;2359;2311;2255;2271;2263;2295;2303;2287;2279;2215;2375;2399;2383;2135;2143;2127;2119;2199;2223;2239;2231;135;143;159;151;183;191;175;167;231;239;255;247;215;223;207;327;455;463;479;471;503;511;495;487;423;431;447;439;407;415;399;391;71;79;95;87;119;127;111;103;39;47;63;55;23;31;15;199;7;2;26;10;50;58;42;18;98;106;122;114;82;90;74;34;1530;1522;1506;1514;1482;1474;1490;1498;1434;1426;1410;1418;1450;1442;1458;66;194;202;218;210;242;250;234;226;162;170;186;178;146;154;138;130;386;394;410;402;434;442;426;418;482;490;506;498;466;474;458;450;322;330;346;338;370;378;362;354;290;298;314;306;274;282;266;258;770;778;794;786;818;826;810;802;866;874;890;882;850;858;842;834;962;970;986;978;1010;1018;1002;994;930;938;954;946;914;922;906;898;642;650;666;658;690;698;682;674;738;746;762;754;722;730;714;706;578;586;602;594;626;634;618;610;546;554;570;562;530;538;522;514;2162;2170;2154;2146;2066;2090;2106;2098;2058;2074;2050;2418;2402;2410;2426;1466;1338;1330;1314;1322;1290;1282;1298;1306;1370;1362;1346;1354;1386;1378;1394;1402;1146;1138;1122;1130;1098;1090;1106;1114;1050;1042;1026;1034;1066;1058;1074;1082;1210;1202;1186;1194;1162;1154;1170;1178;1242;1234;1218;1226;1258;1250;1266;1274;1786;1778;1762;1770;1738;1730;1746;1754;1690;1682;1666;1674;1706;1698;1714;1722;1594;1586;1570;1578;1546;1538;2378;2370;2490;2482;2386;2394;2178;2186;2202;2194;2226;2234;2218;2210;2274;2282;2298;2290;2258;2266;2250;2242;2114;2306;2330;2314;2442;2498;2434;2322;2354;2362;2346;2338;2450;2458;2466;2474;2082;2122;2138;2130;1914;1906;1890;1898;1866;1858;1874;1882;1818;1810;1794;1802;1834;1826;1842;1850;1978;1970;1954;1962;1930;1922;1554;1562;1626;1618;1602;1610;1642;1634;1650;1658;2010;2002;1986;1994;2026;2018;1938;1946;2034;2042;2041;2033;1993;1985;2017;2025;1849;1841;1825;1833;1801;1793;2001;2009;1945;1937;1921;1929;1961;1953;1969;1977;1273;1265;1249;1257;1225;1217;1233;1241;1177;1169;1153;1161;1193;1185;1201;1209;1081;1073;1057;1065;1033;1025;1809;1817;1881;1873;1857;1865;1897;1889;1905;1913;1657;1649;1633;1641;1609;1601;1617;1625;1561;1553;1537;1545;1577;1569;1585;1593;1721;1713;1697;1705;1673;1665;1681;1689;1753;1745;1729;1737;1769;1761;1777;1785;513;521;537;529;561;569;553;545;609;617;633;625;593;601;585;577;705;713;729;721;753;761;745;737;673;681;697;689;657;2329;2305;2065;2313;2105;2089;2081;2145;2153;2169;2161;2097;2137;2121;2113;2241;2249;2265;2257;2289;2297;2281;2273;2209;2217;2233;2225;2129;2049;2073;2057;2481;2489;2473;2449;2337;2377;2393;2385;2417;2425;2369;2433;2497;2465;2457;2441;2321;2345;2409;2401;2361;2353;2185;2177;2193;2201;1041;1049;1113;1105;1089;1097;1129;1121;1137;1145;1401;1393;1377;1385;1353;1345;1361;1369;1305;1297;1281;1289;1321;1313;1329;1337;1465;1457;1441;1449;1417;1409;1425;1433;1497;1489;1473;1481;1513;1505;1521;1529;257;265;281;273;305;313;297;289;353;361;377;369;337;345;329;321;449;457;473;465;497;505;489;481;417;425;441;433;401;665;649;641;897;905;921;913;945;953;937;929;993;1001;1017;1009;977;985;969;961;833;841;857;849;881;889;873;865;801;809;825;817;785;793;777;769;129;137;153;145;177;185;169;161;225;233;249;241;209;217;201;193;65;73;89;81;113;121;105;97;33;41;57;49;17;409;393;385;9;25;1;4;52;12;28;20;100;108;124;116;84;60;44;36;196;204;220;212;244;252;236;228;164;172;188;180;148;92;76;68;2228;2236;2220;2212;2276;2284;2300;2292;2260;2268;2252;2244;2084;2092;2108;2132;2164;2172;2156;2148;2068;2076;2060;2100;2052;2188;2204;2308;2180;156;140;132;388;396;412;404;436;444;428;420;484;492;508;500;468;476;460;452;324;332;348;340;372;380;364;356;292;300;316;308;276;284;268;260;772;780;796;788;820;828;812;804;868;876;892;884;852;860;844;836;964;972;988;980;1012;1020;1004;996;932;940;956;948;916;924;908;900;644;652;668;660;692;700;684;676;740;748;764;756;724;732;716;708;580;588;604;596;628;636;620;612;548;556;572;564;532;540;524;516;1532;1524;1508;1516;1484;1476;1492;1500;1436;1428;1412;1420;1452;1444;1460;1468;1340;1332;1316;1324;1292;1284;1300;1308;1372;1364;1348;1356;1388;1380;1396;1404;1148;1140;1124;1132;1100;1092;1108;1116;1052;1044;1028;1036;1068;1060;1076;1084;1212;1204;1188;1196;1164;1156;1172;1180;1244;1236;1220;1228;1260;1252;1268;1276;1788;1780;1764;1772;1740;1732;1748;1756;1692;1684;1668;1676;1708;1700;1716;1724;1596;1588;1572;1580;1548;1540;1556;1564;1628;1620;1604;1612;1644;1636;1652;1660;1916;1908;1892;1900;1868;1860;1876;1884;1820;1812;1796;1804;1836;1828;1844;1852;1980;1972;1956;1964;1932;1924;1940;1948;2012;2004;1988;1996;2028;2020;2036;2044;2444;2460;2484;2340;2404;2316;2332;2324;2436;2356;2348;2364;2452;2468;2492;2476;2388;2396;2380;2372;2116;2412;2428;2420;2140;2124;2196;2043;1995;2035;2019;2027;1659;1651;1635;1643;1611;1987;2003;2011;1947;1939;1923;1931;1963;1955;1971;1979;1851;1843;1827;1835;1803;1795;1811;1819;1883;1875;1859;1867;1899;1891;1907;1915;1275;1267;1251;1259;1227;1219;1235;1243;1179;1171;1155;1163;1195;1187;1203;1211;1083;1075;1059;1067;1035;1027;1043;1051;1115;1107;1091;1099;1131;1123;1139;1147;1403;1395;1379;1387;1355;1603;1619;1627;1563;1555;1539;1547;1579;1571;1587;1595;1723;1715;1699;1707;1675;1667;1683;1691;1755;1747;1731;1739;1771;1763;1779;1787;515;523;539;531;563;571;555;547;611;619;635;627;595;603;587;579;707;715;731;723;755;763;747;739;675;683;699;691;659;667;651;643;899;907;923;915;947;955;939;931;995;1003;1019;1011;2099;2107;2091;2083;2147;2155;2171;2163;2131;2139;2123;2115;2243;2251;2267;2259;2371;2379;2395;2387;2419;2427;2411;2403;2339;2347;2363;2355;2323;2331;2315;2307;2291;2299;2283;2275;2211;2219;2235;2227;2195;2203;2187;2179;2051;2059;2075;2067;2499;2443;2459;2451;2435;2491;2475;2467;2483;1347;1363;1371;1307;1299;1283;1291;1323;1315;1331;1339;1467;1459;1443;1451;1419;1411;1427;1435;1499;1491;1475;1483;1515;1507;1523;1531;259;267;283;275;307;315;299;291;355;363;379;371;339;347;331;323;451;459;475;467;499;507;491;483;419;427;443;435;403;411;395;387;131;139;155;147;179;187;171;163;227;235;251;243;979;987;971;963;835;843;859;851;883;891;875;867;803;811;827;819;787;795;779;771;67;75;91;83;115;123;107;99;35;43;59;51;211;219;203;195;19;27;11;3;6;14;30;22;102;110;126;118;54;62;46;38;390;398;414;406;438;446;430;422;486;494;510;502;86;94;78;70;198;206;222;214;246;254;238;230;166;174;190;182;150;158;142;134;1534;1526;1510;1518;1486;1478;1494;1502;1438;1430;1414;1422;1454;1446;1462;1470;1342;1334;1318;1326;1294;1286;1302;1310;1374;1366;1350;1358;1390;1382;1398;1406;1150;1142;1126;1134;1102;1094;1110;1118;1054;1046;1030;1038;470;478;462;454;326;334;350;342;374;382;366;358;294;302;318;310;278;286;270;262;774;782;798;790;822;830;814;806;870;878;894;886;854;862;846;838;966;974;990;982;1014;1022;1006;998;934;942;958;950;918;926;910;902;646;654;670;662;694;702;686;678;742;750;766;758;726;734;718;710;582;590;606;598;630;638;622;614;550;558;574;566;534;542;526;518;1262;1254;1270;1278;1790;1782;1766;1774;1742;1734;1750;1758;1694;1686;1670;1678;1710;1702;1718;1726;1598;1590;1574;1582;1550;1542;1558;1566;1630;1622;1606;1614;1646;1638;1654;1662;1918;1910;1894;1902;1870;1862;1878;1886;1822;1814;1798;1806;1838;1830;1846;1854;1982;1974;1958;1966;2230;2238;2222;2214;2278;2286;2302;2294;2406;2414;2430;2422;2390;2398;2382;2374;2262;2270;2254;2246;2118;2126;2142;2134;2310;2318;2334;2326;2358;2366;2350;2342;2470;2478;2494;2486;2454;2462;2446;2438;2166;2174;2158;2150;2086;2094;2110;2102;2070;2078;2062;2054;2182;2190;2206;2198;1070;1062;1078;1086;1214;1206;1190;1198;1166;1158;1174;1182;1246;1238;1222;1230;2030;2022;2038;2046;2014;2006;1990;1998;1934;1926;1942;1950;2149;2157;2173;2165;2293;2301;2285;2277;2213;2221;2237;2229;2133;2141;2125;2117;2245;2253;2269;2261;2373;2381;2397;2389;2421;2429;2413;2405;2437;2445;2461;2453;2485;2493;2477;2469;2341;2349;2365;2357;2053;2061;2077;2069;2197;2205;2189;2181;2325;2333;2317;2309;2101;2109;2093;2085;2045;2037;2021;2029;1997;1989;2005;2013;1949;1941;1925;1933;1965;1957;1973;1981;1853;1845;1829;1837;1805;1797;1813;1821;1885;1877;1861;1869;1901;1893;1909;1917;1661;1653;1637;1645;1613;1605;1621;1629;1565;1557;1541;1549;1581;1573;1589;1597;1725;1717;1701;1709;1677;1669;1685;1693;1757;1749;1733;1741;1773;1765;1781;1789;1277;1269;1253;1261;1229;1221;1237;1245;1181;1173;1157;1165;1197;1189;1205;1213;1085;1077;1061;1069;1037;1029;1045;1053;1117;1109;1093;1101;1133;1125;1141;1149;1405;1397;1381;1389;1357;1349;1365;1373;1309;1301;1285;1293;1325;1317;1333;1341;1469;1461;1445;1453;1421;1413;1429;1437;1501;1493;1477;1485;1517;1509;1525;1533;517;525;541;533;565;573;557;549;613;621;637;629;597;605;589;581;709;717;733;725;757;765;749;741;677;685;701;693;661;669;653;645;901;909;925;917;949;957;941;933;997;1005;1021;1013;981;989;973;965;837;845;861;853;885;893;877;869;805;813;829;821;789;797;781;773;261;269;285;277;309;317;301;293;357;365;381;373;341;349;333;325;453;461;477;469;501;509;493;485;421;429;445;437;405;413;397;389;133;141;157;149;181;189;173;165;229;237;253;245;213;221;205;197;69;77;93;85;117;125;109;101;37;45;61;53;21;29;13;5
