# LightGBM-rs device-primitive PREFIX-SUM golden set (Phase 14, 14-02,
# ODL-01 / D-03). VERBATIM transcription of the AMD-fork ShufflePrefixSum /
# ShufflePrefixSumExclusive (cuda_algorithms.hpp) + the multi-kernel global
# ShufflePrefixSumGlobal (cuda_algorithms.cu), commit 195c26fc / 4.6.0.99,
# launched on the local gfx1100 (warpSize 32). Inputs from MASTER_SEED via
# LightGBM::Random; idempotent (D-14).
MASTER_SEED 233250021
PSUM name=u32_n32 kind=incl dtype=u32 n=32 in=24;5;20;27;22;45;36;17;42;23;36;15;18;41;0;25;22;23;48;13;38;35;46;15;22;39;6;45;12;39;26;19 out=24;29;49;76;98;143;179;196;238;261;297;312;330;371;371;396;418;441;489;502;540;575;621;636;658;697;703;748;760;799;825;844
PSUM name=u32_n32 kind=excl dtype=u32 n=32 in=24;5;20;27;22;45;36;17;42;23;36;15;18;41;0;25;22;23;48;13;38;35;46;15;22;39;6;45;12;39;26;19 out=0;24;29;49;76;98;143;179;196;238;261;297;312;330;371;371;396;418;441;489;502;540;575;621;636;658;697;703;748;760;799;825
PSUM name=f64_n32 kind=incl dtype=f64 n=32 in=4652823142174031872;4562626055886627406;4620731674819297280;4597260975626780672;4654107874266447872;4564190212332208521;4623456702719590400;4597137005690748928;4652694830026063872;4566609067544571544;4624174649452789760;4596706134571614208;4654706351115599872;4564577240425185673;4620896601563463680;4594642626124185600;4655120547024207872;4564057637618177802;4621096704089784320;4596024574801346560;4653524161367375872;4564934291433143141;4621212023961681920;4595674380347899904;4652824350133583872;4562686995219085263;4620200361594978304;4598090832027844608;4654112571886927872;4564478583445848588;4622438022376325120;4597411471280832512 out=4652823142174031872;4652823146926413185;4652858631744886145;4652859619654473089;4657987346587830976;4657987349709869548;4658015736759341548;4658016223147610604;4660506230437466604;4660506234712905220;4660537426241803780;4660537886331786756;4662629634247437058;4662629635900731032;4662638829227896472;4662638996299607704;4664490429194071704;4664490430723482714;4664500014875894874;4664500224121332826;4665840887278711341;4665840888147922125;4665845792841190605;4665845892120366285;4666484583956270285;4666484584557582484;4666488741951707284;4666488878103009428;4667288597658081428;4667288598472967586;4667294700430312866;4667294826215392674
PSUM name=f64_n32 kind=excl dtype=f64 n=32 in=4652823142174031872;4562626055886627406;4620731674819297280;4597260975626780672;4654107874266447872;4564190212332208521;4623456702719590400;4597137005690748928;4652694830026063872;4566609067544571544;4624174649452789760;4596706134571614208;4654706351115599872;4564577240425185673;4620896601563463680;4594642626124185600;4655120547024207872;4564057637618177802;4621096704089784320;4596024574801346560;4653524161367375872;4564934291433143141;4621212023961681920;4595674380347899904;4652824350133583872;4562686995219085263;4620200361594978304;4598090832027844608;4654112571886927872;4564478583445848588;4622438022376325120;4597411471280832512 out=0;4652823142174031872;4652823146926413185;4652858631744886145;4652859619654473089;4657987346587830976;4657987349709869548;4658015736759341548;4658016223147610604;4660506230437466604;4660506234712905220;4660537426241803780;4660537886331786756;4662629634247437058;4662629635900731032;4662638829227896472;4662638996299607704;4664490429194071704;4664490430723482714;4664500014875894874;4664500224121332826;4665840887278711341;4665840888147922125;4665845792841190605;4665845892120366285;4666484583956270285;4666484584557582484;4666488741951707284;4666488878103009428;4667288597658081428;4667288598472967586;4667294700430312866
PSUM name=u32_n96 kind=incl dtype=u32 n=96 in=30;3;42;25;42;1;34;31;14;17;24;45;16;27;44;15;46;37;22;25;2;5;10;47;30;39;38;43;0;19;0;43;6;19;32;17;8;31;34;33;26;31;28;35;10;35;4;39;42;47;22;7;38;11;2;31;0;49;14;11;18;27;10;17;38;3;22;5;6;9;42;27;0;21;26;33;38;7;36;1;40;41;0;3;30;33;22;41;44;49;14;9;42;35;18;11 out=30;33;75;100;142;143;177;208;222;239;263;308;324;351;395;410;456;493;515;540;542;547;557;604;634;673;711;754;754;773;773;816;822;841;873;890;898;929;963;996;1022;1053;1081;1116;1126;1161;1165;1204;1246;1293;1315;1322;1360;1371;1373;1404;1404;1453;1467;1478;1496;1523;1533;1550;1588;1591;1613;1618;1624;1633;1675;1702;1702;1723;1749;1782;1820;1827;1863;1864;1904;1945;1945;1948;1978;2011;2033;2074;2118;2167;2181;2190;2232;2267;2285;2296
PSUM name=u32_n96 kind=excl dtype=u32 n=96 in=30;3;42;25;42;1;34;31;14;17;24;45;16;27;44;15;46;37;22;25;2;5;10;47;30;39;38;43;0;19;0;43;6;19;32;17;8;31;34;33;26;31;28;35;10;35;4;39;42;47;22;7;38;11;2;31;0;49;14;11;18;27;10;17;38;3;22;5;6;9;42;27;0;21;26;33;38;7;36;1;40;41;0;3;30;33;22;41;44;49;14;9;42;35;18;11 out=0;30;33;75;100;142;143;177;208;222;239;263;308;324;351;395;410;456;493;515;540;542;547;557;604;634;673;711;754;754;773;773;0;822;841;873;890;898;929;963;996;1022;1053;1081;1116;1126;1161;1165;1204;1246;1293;1315;1322;1360;1371;1373;1404;1404;1453;1467;1478;1496;1523;1533;0;1588;1591;1613;1618;1624;1633;1675;1702;1702;1723;1749;1782;1820;1827;1863;1864;1904;1945;1945;1948;1978;2011;2033;2074;2118;2167;2181;2190;2232;2267;2285
PSUM name=f64_n96 kind=incl dtype=f64 n=96 in=4655598764789071872;4564851397052501852;4623378233667092480;4596184278865281024;4654039825878351872;4562568634991378432;4623404518866944000;4596332850373984256;4656434807016783872;4563531560886705586;4620653137047322624;4595304394685153280;4653094396202319872;4565400273257087632;4620743013532958720;4596674523612315648;4655688959102287872;4565646282386732745;4624451932541419520;4595856899278110720;4653628448542031872;4564957513118721770;4622194368881623040;4597219743940739072;4654555221953871872;4566607097219734569;4622503219979878400;4595738152022310912;4655018541550927872;4562565116554169549;4622049542584401920;4595235950086324224;4655678490119503872;4566301978344980218;4622613385891020800;4595667920717086720;4655069678505295872;4563159732442470810;4623250157742325760;4594473163894554624;4652710801935695872;4562754689950984176;4621427846068305920;4597500669161635840;4652763683720527872;4564337142270051484;4623138187944919040;4594467803775369216;4655048740539727872;4564230041041413079;4623978541246054400;4598032970228432896;4655405625478479872;4563846249910668100;4624539936421314560;4597861996170313728;4655399451462991872;4564446073086038508;4620990017102151680;4596322405013520384;4654985255554383872;4562471385386924900;4621515592250163200;4595202414981677056;4654518043643215872;4563903530068428718;4621072995870310400;4596501487969894400;4652914947099983872;4562303063350851928;4623108681519595520;4594778140932308992;4655161886084431872;4563544227260657566;4623808718239170560;4597082030109360128;4653983320214863872;4565008178614529688;4622208671122718720;4593909114429505536;4656041817509199872;4563022231916347654;4622387384711905280;4593770163647545344;4655909478829391872;4565489219349728199;4623521642625105920;4595272371408994304;4654571864952143872;4563585744819722388;4623135482115522560;4595791615775211520;4656489433632079872;4563990365098743956;4620876887663575040;4596205444464115712 out=4655598764789071872;4655598771663703900;4655654932723175260;4655655789200052060;4659351407166572462;4659351409515382702;4659379592721680302;4659380030028203950;4662482820070941655;4662482821474926199;4662491578426703479;4662491765693988471;4663836660882980471;4663836662732500762;4663845556083044122;4663845785163345690;4665784267516581773;4665784268470668493;4665792337137159373;4665792439201352909;4666531643338312909;4666531644210291934;4666537508224771294;4666537631084324062;4667392681897764062;4667392682966388834;4667398848593268834;4667398948845523042;4668311914608595042;4668311915195378172;4668317637777926652;4668317730367187452;4669313189701331452;4669313190733583221;4669319463944360821;4669319563124970357;4670235867295271354;4670235867624104788;4670239315153249108;4670239355628282708;4670551604783866708;4670551605088557728;4670554162817079968;4670554226390145696;4670869780657281696;4670869781056294224;4670873173912685904;4670873214346825040;4671331584665161040;4671331585057789838;4671335388242941838;4671335455877142414;4671816131504150414;4671816131873903477;4671820209177793397;4671820275507565429;4672300565258605429;4672300565664110740;4672302909608958100;4672302964192581780;4672757366699333780;4672757366987138532;4672759967560476132;4672760013599253988;4673185215361557988;4673185215734725215;4673187600196549215;4673187656146467423;4673512664374819423;4673512664652591400;4673516043101548840;4673516085903372584;4673981527818252584;4673981528170003694;4673985248433765614;4673985308812868846;4674377090360900846;4674377090799910257;4674380029790666097;4674380065962343793;4674818458400923321;4674818458561242202;4674819971687867482;4674819989243651162;4675076072474371162;4675076072708211999;4675077862753273119;4675077886039524639;4675292168836580639;4675292169013693514;4675293864781286474;4675293890048298058;4675568096866602058;4675568097055773557;4675569241408705397;4675569268254348149
PSUM name=f64_n96 kind=excl dtype=f64 n=96 in=4655598764789071872;4564851397052501852;4623378233667092480;4596184278865281024;4654039825878351872;4562568634991378432;4623404518866944000;4596332850373984256;4656434807016783872;4563531560886705586;4620653137047322624;4595304394685153280;4653094396202319872;4565400273257087632;4620743013532958720;4596674523612315648;4655688959102287872;4565646282386732745;4624451932541419520;4595856899278110720;4653628448542031872;4564957513118721770;4622194368881623040;4597219743940739072;4654555221953871872;4566607097219734569;4622503219979878400;4595738152022310912;4655018541550927872;4562565116554169549;4622049542584401920;4595235950086324224;4655678490119503872;4566301978344980218;4622613385891020800;4595667920717086720;4655069678505295872;4563159732442470810;4623250157742325760;4594473163894554624;4652710801935695872;4562754689950984176;4621427846068305920;4597500669161635840;4652763683720527872;4564337142270051484;4623138187944919040;4594467803775369216;4655048740539727872;4564230041041413079;4623978541246054400;4598032970228432896;4655405625478479872;4563846249910668100;4624539936421314560;4597861996170313728;4655399451462991872;4564446073086038508;4620990017102151680;4596322405013520384;4654985255554383872;4562471385386924900;4621515592250163200;4595202414981677056;4654518043643215872;4563903530068428718;4621072995870310400;4596501487969894400;4652914947099983872;4562303063350851928;4623108681519595520;4594778140932308992;4655161886084431872;4563544227260657566;4623808718239170560;4597082030109360128;4653983320214863872;4565008178614529688;4622208671122718720;4593909114429505536;4656041817509199872;4563022231916347654;4622387384711905280;4593770163647545344;4655909478829391872;4565489219349728199;4623521642625105920;4595272371408994304;4654571864952143872;4563585744819722388;4623135482115522560;4595791615775211520;4656489433632079872;4563990365098743956;4620876887663575040;4596205444464115712 out=0;4655598764789071872;4655598771663703900;4655654932723175260;4655655789200052060;4659351407166572462;4659351409515382702;4659379592721680302;4659380030028203950;4662482820070941655;4662482821474926199;4662491578426703479;4662491765693988471;4663836660882980471;4663836662732500762;4663845556083044122;4663845785163345690;4665784267516581773;4665784268470668493;4665792337137159373;4665792439201352909;4666531643338312909;4666531644210291934;4666537508224771294;4666537631084324062;4667392681897764062;4667392682966388834;4667398848593268834;4667398948845523042;4668311914608595042;4668311915195378172;4668317637777926652;0;4669313189701331452;4669313190733583221;4669319463944360821;4669319563124970357;4670235867295271354;4670235867624104788;4670239315153249108;4670239355628282708;4670551604783866708;4670551605088557728;4670554162817079968;4670554226390145696;4670869780657281696;4670869781056294224;4670873173912685904;4670873214346825040;4671331584665161040;4671331585057789838;4671335388242941838;4671335455877142414;4671816131504150414;4671816131873903477;4671820209177793397;4671820275507565429;4672300565258605429;4672300565664110740;4672302909608958100;4672302964192581780;4672757366699333780;4672757366987138532;4672759967560476132;0;4673185215361557988;4673185215734725215;4673187600196549215;4673187656146467423;4673512664374819423;4673512664652591400;4673516043101548840;4673516085903372584;4673981527818252584;4673981528170003694;4673985248433765614;4673985308812868846;4674377090360900846;4674377090799910257;4674380029790666097;4674380065962343793;4674818458400923321;4674818458561242202;4674819971687867482;4674819989243651162;4675076072474371162;4675076072708211999;4675077862753273119;4675077886039524639;4675292168836580639;4675292169013693514;4675293864781286474;4675293890048298058;4675568096866602058;4675568097055773557;4675569241408705397
PSUM name=u32_n256 kind=incl dtype=u32 n=256 in=32;37;8;37;10;9;8;15;28;9;42;25;40;27;2;13;18;7;42;25;46;13;8;3;8;13;4;21;4;7;10;39;16;25;2;49;18;27;30;19;8;17;32;19;30;5;22;43;28;21;30;37;22;11;36;45;2;49;42;21;22;31;20;9;26;31;6;39;16;17;42;23;32;17;26;1;34;21;8;47;46;17;20;49;14;7;6;37;14;13;6;3;46;11;24;23;12;11;16;33;4;47;6;47;48;25;38;9;2;33;42;45;28;37;48;25;40;23;28;11;20;35;18;25;24;31;26;35;38;47;48;41;14;35;34;27;10;37;42;17;16;5;48;21;36;1;14;21;46;23;10;7;4;27;14;33;26;31;28;7;18;49;38;9;8;49;28;13;36;25;40;41;44;49;0;19;44;7;44;31;14;29;2;33;10;19;2;11;12;47;20;21;32;47;48;29;36;11;40;19;46;35;2;37;32;31;14;3;30;25;26;39;8;13;2;9;38;23;16;31;22;21;44;15;10;7;4;25;28;45;12;21;18;41;14;47;16;17;4;45;34;7;28;15;22;47;4;21;48;29;2;11;30;45;36;1 out=32;69;77;114;124;133;141;156;184;193;235;260;300;327;329;342;360;367;409;434;480;493;501;504;512;525;529;550;554;561;571;610;626;651;653;702;720;747;777;796;804;821;853;872;902;907;929;972;1000;1021;1051;1088;1110;1121;1157;1202;1204;1253;1295;1316;1338;1369;1389;1398;1424;1455;1461;1500;1516;1533;1575;1598;1630;1647;1673;1674;1708;1729;1737;1784;1830;1847;1867;1916;1930;1937;1943;1980;1994;2007;2013;2016;2062;2073;2097;2120;2132;2143;2159;2192;2196;2243;2249;2296;2344;2369;2407;2416;2418;2451;2493;2538;2566;2603;2651;2676;2716;2739;2767;2778;2798;2833;2851;2876;2900;2931;2957;2992;3030;3077;3125;3166;3180;3215;3249;3276;3286;3323;3365;3382;3398;3403;3451;3472;3508;3509;3523;3544;3590;3613;3623;3630;3634;3661;3675;3708;3734;3765;3793;3800;3818;3867;3905;3914;3922;3971;3999;4012;4048;4073;4113;4154;4198;4247;4247;4266;4310;4317;4361;4392;4406;4435;4437;4470;4480;4499;4501;4512;4524;4571;4591;4612;4644;4691;4739;4768;4804;4815;4855;4874;4920;4955;4957;4994;5026;5057;5071;5074;5104;5129;5155;5194;5202;5215;5217;5226;5264;5287;5303;5334;5356;5377;5421;5436;5446;5453;5457;5482;5510;5555;5567;5588;5606;5647;5661;5708;5724;5741;5745;5790;5824;5831;5859;5874;5896;5943;5947;5968;6016;6045;6047;6058;6088;6133;6169;6170
PSUM name=u32_n256 kind=excl dtype=u32 n=256 in=32;37;8;37;10;9;8;15;28;9;42;25;40;27;2;13;18;7;42;25;46;13;8;3;8;13;4;21;4;7;10;39;16;25;2;49;18;27;30;19;8;17;32;19;30;5;22;43;28;21;30;37;22;11;36;45;2;49;42;21;22;31;20;9;26;31;6;39;16;17;42;23;32;17;26;1;34;21;8;47;46;17;20;49;14;7;6;37;14;13;6;3;46;11;24;23;12;11;16;33;4;47;6;47;48;25;38;9;2;33;42;45;28;37;48;25;40;23;28;11;20;35;18;25;24;31;26;35;38;47;48;41;14;35;34;27;10;37;42;17;16;5;48;21;36;1;14;21;46;23;10;7;4;27;14;33;26;31;28;7;18;49;38;9;8;49;28;13;36;25;40;41;44;49;0;19;44;7;44;31;14;29;2;33;10;19;2;11;12;47;20;21;32;47;48;29;36;11;40;19;46;35;2;37;32;31;14;3;30;25;26;39;8;13;2;9;38;23;16;31;22;21;44;15;10;7;4;25;28;45;12;21;18;41;14;47;16;17;4;45;34;7;28;15;22;47;4;21;48;29;2;11;30;45;36;1 out=0;32;69;77;114;124;133;141;156;184;193;235;260;300;327;329;342;360;367;409;434;480;493;501;504;512;525;529;550;554;561;571;0;626;651;653;702;720;747;777;796;804;821;853;872;902;907;929;972;1000;1021;1051;1088;1110;1121;1157;1202;1204;1253;1295;1316;1338;1369;1389;0;1424;1455;1461;1500;1516;1533;1575;1598;1630;1647;1673;1674;1708;1729;1737;1784;1830;1847;1867;1916;1930;1937;1943;1980;1994;2007;2013;2016;2062;2073;2097;0;2132;2143;2159;2192;2196;2243;2249;2296;2344;2369;2407;2416;2418;2451;2493;2538;2566;2603;2651;2676;2716;2739;2767;2778;2798;2833;2851;2876;2900;2931;2957;0;3030;3077;3125;3166;3180;3215;3249;3276;3286;3323;3365;3382;3398;3403;3451;3472;3508;3509;3523;3544;3590;3613;3623;3630;3634;3661;3675;3708;3734;3765;3793;0;3818;3867;3905;3914;3922;3971;3999;4012;4048;4073;4113;4154;4198;4247;4247;4266;4310;4317;4361;4392;4406;4435;4437;4470;4480;4499;4501;4512;4524;4571;4591;0;4644;4691;4739;4768;4804;4815;4855;4874;4920;4955;4957;4994;5026;5057;5071;5074;5104;5129;5155;5194;5202;5215;5217;5226;5264;5287;5303;5334;5356;5377;5421;0;5446;5453;5457;5482;5510;5555;5567;5588;5606;5647;5661;5708;5724;5741;5745;5790;5824;5831;5859;5874;5896;5943;5947;5968;6016;6045;6047;6058;6088;6133;6169
PSUM name=f64_n256 kind=incl dtype=f64 n=256 in=4654775607463247872;4565501885723680178;4623695975347650560;4597547398405816320;4652842469526863872;4562382017081819267;4622125305807503360;4597239535150039040;4654413890686287872;4562589041927189955;4624537745987993600;4597133982033772544;4655499846323535872;4566745653277020389;4623689790594744320;4594996393990422528;4656290254523727872;4565724391692769952;4622789909046886400;4595489524955480064;4652718989217103872;4566154485457183834;4621332497794334720;4595764540301377536;4654967001943375872;4563077682486759653;4622568675281469440;4594134239435292672;4653737970208079872;4562474763086645428;4624616730436567040;4594805628723003392;4653054936190287872;4563436422344577385;4620395954405638144;4595160083784007680;4655227786988879872;4563873552983409033;4624312517902991360;4596115971705405440;4655166583704911872;4566727709247255085;4621246297800704000;4595038312871231488;4652837100817743872;4564163472209421009;4624589929840640000;4597226890766319616;4653072250277199872;4562678832444760654;4622811942229114880;4596441427147227136;4652737645481295872;4564228070716576105;4624547796211466240;4596522653568729088;4654837481835855872;4565202959298413462;4623849563378155520;4597546986088955904;4652381968502095872;4565680059383938024;4620852019802931200;4596055636004831232;4652387605646671872;4565330889675328455;4621853949773742080;4594852907722997760;4656446886612303872;4564521086167331897;4623041035784683520;4595353872708403200;4655041895435599872;4565986022683622507;4624289582777630720;4594998455574724608;4653193851538767872;4563246989685251113;4622388157806018560;4594235394505048064;4652681408253263872;4566498166403747545;4621675107335536640;4595061952371228672;4652402101161295872;4564506449468542943;4624093989966970880;4595623527935115264;4653680659238223872;4565485419437542605;4623998255145943040;4594382179307356160;4652933066493263872;4564760339897535955;4624593924160225280;4594850296382881792;4652472968121679872;4563736615407239299;4621134199154278400;4597373400690720768;4654275243773263872;4566387265262923547;4622640186486947840;4595982381042630656;4654289336634703872;4562481799961063195;4623483503315517440;4593821428377190400;4654894927023439872;4566690413812840923;4621941180559523840;4596621472176275456;4655916592368975872;4566274816009727640;4622388930900131840;4597728542946492416;4654984987118927872;4565593505828599497;4621133941456240640;4595222206190977024;4652844751228239872;4562817177395813941;4622330046898503680;4596083673551339520;4654815604346191872;4563507635513685181;4620595928082939904;4593907327723110400;4655209399160143872;4562733579327730877;4622450907278213120;4596713831153008640;4653085000961359872;4564616928396901876;4621105852370124800;4596778839778000896;4655356636007759872;4565560854731301061;4623421011541360640;4595069786391576576;4654066266770767872;4565724813905235018;4621773161438904320;4594718080109641728;4652581684481359872;4562630137273789710;4621630396725985280;4595055767618322432;4652763952155983872;4563787421640535573;4623163313503600640;4595221931313070080;4655877669227855872;4563008017430023766;4624493937321574400;4593828850080677888;4655255033187663872;4563408134109417964;4621249905573232640;4593693197833601024;4655898338757967872;4564096481164963873;4623536202564239360;4598125466644119552;4655049411628367872;4565884691692006671;4622767618166620160;4594268929609695232;4654095123582287872;4563739289419518050;4622362388002242560;4595550410411868160;4653430880046415872;4562868265104086925;4622518939560181760;4594620910769537024;4652271373094223872;4563103155972151968;4622409289045114880;4597924118577283072;4653409807863119872;4562303626300805349;4622900848052142080;4597777883530788864;4655331671510351872;4564949913294350582;4621361102276526080;4594557826289893376;4653675827400015872;4563642321290041229;4623878167860346880;4596925899458215936;4656438028242255872;4562682210144481182;4624233404605399040;4595600713068838912;4655744659459407872;4565335534012444181;4621399370435133440;4596237055423414272;4652952796499279872;4566285230583865934;4620663960364908544;4594322118484688896;4653512752860495872;4563105829984430719;4622702420563066880;4595670257179295744;4653585767304527872;4563703823572452508;4621402333962567680;4596948439446585344;4653598383770959872;4566656777553124000;4623620212124549120;4593785969127194624;4654754803715407872;4565229136471247553;4622802407401717760;4593951720505081856;4656099665349967872;4565696244195098886;4623886671895592960;4595064151394484224;4652041131708645376;4564876589062917456;4622274770669404160;4594390563083517952;4652946085612879872;4565032244725038449;4621330565059051520;4594705160848015360;4652139110650085376;4566326607405442400;4620851890953912320;4597199265536671744;4652636982185295872;4564465213384454832;4622958572412600320;4594954749987520512;4652925684518223872;4562747653076566409;4621619444559380480;4594002160601006080;4652189844951269376;4566247794411963417;4622262143465553920;4594408430147469312;4655495282920783872;4562737801452381536;4623911410907217920;4594447187932348416;4653154794179919872;4564138561673982116;4622966045655695360;4595329820891545600 out=4654775607463247872;4654775614958234239;4654834258374584959;4654835281247890047;4658342475014747456;4658342477274571342;4658365663554855502;4658366156201026126;4661470654074728743;4661470655253999256;4661486960191368856;4661487203293228696;4663433461012524696;4663433463205608817;4663448111980100977;4663448289847950705;4665592149617294705;4665592151544090854;4665605042737434854;4665605235654447334;4666292746526484595;4666292747541153842;4666297769884649522;4666297870539556914;4667204393851684914;4667204394499570664;4667210624047643624;4667210699826133992;4667963594171349992;4667963594747362148;4667971824349297508;4667971910372375396;4668639425465367396;4668639426156018270;4668643679054445150;4668643770486078046;4669582891928894046;4669582892671654952;4669590825191037992;4669590931208363048;4670377607911943700;4670377608458075636;4670380077539982836;4670380122326760948;4670700265162472948;4670700265551133934;4670704367265873134;4670704428750175470;4671039268427103470;4671039268727273030;4671042502283998790;4671042557775689286;4671356484652873286;4671356485045384642;4671360566187062722;4671360622298461634;4671805788947805634;4671805789398424879;4671809529606102319;4671809593532538159;4672101290598522159;4672101291077578785;4672103567640932385;4672103620189270049;4672395669576790049;4672395670035034538;4672398435822006698;4672398479194255786;4672944233642127786;4672944234052104225;4672947579470917665;4672947626665226273;4673405569164554273;4673405569661847732;4673409524722747572;4673409569205438644;4673752008961214644;4673752009295249015;4673755035925986935;4673755074586984055;4674065486637416055;4674065487165235659;4674068165626798539;4674068210593931723;4674361165951115723;4674361166360219746;4674365025916817506;4674365075168432226;4674737176807999537;4674737177041727128;4674739083447266968;4674739103337705112;4674902173682921112;4674902173895039648;4674904225727584928;4674904247403748000;4675052939674852000;4675052939856461169;4675054147029581169;4675054178330623345;4675259191715839345;4675259191976444035;4675260766822252675;4675260792816976003;4675466246604112003;4675466246748324758;4675468027482030998;4675468045233374102;4675692423720158102;4675692423991001088;4675693828181065728;4675693856613728256;4675950162142560256;4675950162399813698;4675951675903926338;4675951708559728706;4676178901424496706;4676178901661445522;4676180108771650962;4676180131866537362;4676340442359721362;4676340442513929142;4676341941642064822;4676341968023188406;4676563867676308406;4676563867851093443;4676564955486549443;4676564973565572547;4676799179306628546;4676799179458344910;4676800708093409230;4676800736878393294;4676968555175737294;4676968555383581835;4676969755636100235;4676969784669072523;4677208591561616523;4677208591797592260;4677210357274517700;4677210379787968708;4677408862641856708;4677408862882718810;4677410226052490330;4677410247224288346;4677562336881632346;4677562337030265896;4677563665345371176;4677563687805344808;4677721473327520808;4677721473510644121;4677723176073009561;4677723199166847385;4677978288347519385;4677978288507414642;4677980315929110642;4677980333708765298;4678215965513181298;4678215965685000962;4678217201106758402;4678217218368940802;4678472953472428802;4678472953664762806;4678474747264496566;4678474781434442678;4678703987565130678;4678703987810757509;4678705593767816069;4678705613226240901;4678904997855488901;4678904998037177762;4678906505061090722;4678906529407976866;4679085156426728866;4679085156582459179;4679086701826967339;4679086722628093739;4679229115054589739;4679229115217320346;4679230633691683226;4679230667093547418;4679324324222258381;4679324324291709764;4679325143533652804;4679325159955663684;4679444173331663684;4679444173440547815;4679444804725242855;4679444815005481959;4679537955817257959;4679537955906657452;4679538894450334892;4679538909247315116;4679675209447251116;4679675209522343838;4679676191429881758;4679676203699269534;4679801670011973534;4679801670126603862;4679802306082704982;4679802319565819478;4679884163019771478;4679884163148553388;4679884711118642348;4679884720949304492;4679975313721400492;4679975313802805641;4679976108822643081;4679976121224675721;4680067854847459721;4680067854937775669;4680068491255635509;4680068506095607349;4680160436850679349;4680160436985098404;4680161344040038564;4680161352848076964;4680271352664780964;4680271352777825845;4680272160003087925;4680272169127271989;4680403182407015989;4680403182527021318;4680404122108788998;4680404133354766598;4680473117072654598;4680473117180446114;4680473859996927394;4680473869958137250;4680555608554489250;4680555608664600215;4680556236221607575;4680556246782865047;4680625995961233047;4680625996090631520;4680626565215741280;4680626580534125920;4680703489389421920;4680703489491083460;4680704315779457220;4680704326816768196;4680785746646016196;4680785746722084094;4680786409542702334;4680786418763093246;4680856564303189246;4680856564431413313;4680857305706487873;4680857315701776449;4680978885506064449;4680978885581985546;4680979828183652106;4680979838252865290;4681064837920577290;4681064838017371341;4681065665218006221;4681065676970708173
PSUM name=f64_n256 kind=excl dtype=f64 n=256 in=4654775607463247872;4565501885723680178;4623695975347650560;4597547398405816320;4652842469526863872;4562382017081819267;4622125305807503360;4597239535150039040;4654413890686287872;4562589041927189955;4624537745987993600;4597133982033772544;4655499846323535872;4566745653277020389;4623689790594744320;4594996393990422528;4656290254523727872;4565724391692769952;4622789909046886400;4595489524955480064;4652718989217103872;4566154485457183834;4621332497794334720;4595764540301377536;4654967001943375872;4563077682486759653;4622568675281469440;4594134239435292672;4653737970208079872;4562474763086645428;4624616730436567040;4594805628723003392;4653054936190287872;4563436422344577385;4620395954405638144;4595160083784007680;4655227786988879872;4563873552983409033;4624312517902991360;4596115971705405440;4655166583704911872;4566727709247255085;4621246297800704000;4595038312871231488;4652837100817743872;4564163472209421009;4624589929840640000;4597226890766319616;4653072250277199872;4562678832444760654;4622811942229114880;4596441427147227136;4652737645481295872;4564228070716576105;4624547796211466240;4596522653568729088;4654837481835855872;4565202959298413462;4623849563378155520;4597546986088955904;4652381968502095872;4565680059383938024;4620852019802931200;4596055636004831232;4652387605646671872;4565330889675328455;4621853949773742080;4594852907722997760;4656446886612303872;4564521086167331897;4623041035784683520;4595353872708403200;4655041895435599872;4565986022683622507;4624289582777630720;4594998455574724608;4653193851538767872;4563246989685251113;4622388157806018560;4594235394505048064;4652681408253263872;4566498166403747545;4621675107335536640;4595061952371228672;4652402101161295872;4564506449468542943;4624093989966970880;4595623527935115264;4653680659238223872;4565485419437542605;4623998255145943040;4594382179307356160;4652933066493263872;4564760339897535955;4624593924160225280;4594850296382881792;4652472968121679872;4563736615407239299;4621134199154278400;4597373400690720768;4654275243773263872;4566387265262923547;4622640186486947840;4595982381042630656;4654289336634703872;4562481799961063195;4623483503315517440;4593821428377190400;4654894927023439872;4566690413812840923;4621941180559523840;4596621472176275456;4655916592368975872;4566274816009727640;4622388930900131840;4597728542946492416;4654984987118927872;4565593505828599497;4621133941456240640;4595222206190977024;4652844751228239872;4562817177395813941;4622330046898503680;4596083673551339520;4654815604346191872;4563507635513685181;4620595928082939904;4593907327723110400;4655209399160143872;4562733579327730877;4622450907278213120;4596713831153008640;4653085000961359872;4564616928396901876;4621105852370124800;4596778839778000896;4655356636007759872;4565560854731301061;4623421011541360640;4595069786391576576;4654066266770767872;4565724813905235018;4621773161438904320;4594718080109641728;4652581684481359872;4562630137273789710;4621630396725985280;4595055767618322432;4652763952155983872;4563787421640535573;4623163313503600640;4595221931313070080;4655877669227855872;4563008017430023766;4624493937321574400;4593828850080677888;4655255033187663872;4563408134109417964;4621249905573232640;4593693197833601024;4655898338757967872;4564096481164963873;4623536202564239360;4598125466644119552;4655049411628367872;4565884691692006671;4622767618166620160;4594268929609695232;4654095123582287872;4563739289419518050;4622362388002242560;4595550410411868160;4653430880046415872;4562868265104086925;4622518939560181760;4594620910769537024;4652271373094223872;4563103155972151968;4622409289045114880;4597924118577283072;4653409807863119872;4562303626300805349;4622900848052142080;4597777883530788864;4655331671510351872;4564949913294350582;4621361102276526080;4594557826289893376;4653675827400015872;4563642321290041229;4623878167860346880;4596925899458215936;4656438028242255872;4562682210144481182;4624233404605399040;4595600713068838912;4655744659459407872;4565335534012444181;4621399370435133440;4596237055423414272;4652952796499279872;4566285230583865934;4620663960364908544;4594322118484688896;4653512752860495872;4563105829984430719;4622702420563066880;4595670257179295744;4653585767304527872;4563703823572452508;4621402333962567680;4596948439446585344;4653598383770959872;4566656777553124000;4623620212124549120;4593785969127194624;4654754803715407872;4565229136471247553;4622802407401717760;4593951720505081856;4656099665349967872;4565696244195098886;4623886671895592960;4595064151394484224;4652041131708645376;4564876589062917456;4622274770669404160;4594390563083517952;4652946085612879872;4565032244725038449;4621330565059051520;4594705160848015360;4652139110650085376;4566326607405442400;4620851890953912320;4597199265536671744;4652636982185295872;4564465213384454832;4622958572412600320;4594954749987520512;4652925684518223872;4562747653076566409;4621619444559380480;4594002160601006080;4652189844951269376;4566247794411963417;4622262143465553920;4594408430147469312;4655495282920783872;4562737801452381536;4623911410907217920;4594447187932348416;4653154794179919872;4564138561673982116;4622966045655695360;4595329820891545600 out=0;4654775607463247872;4654775614958234239;4654834258374584959;4654835281247890047;4658342475014747456;4658342477274571342;4658365663554855502;4658366156201026126;4661470654074728743;4661470655253999256;4661486960191368856;4661487203293228696;4663433461012524696;4663433463205608817;4663448111980100977;4663448289847950705;4665592149617294705;4665592151544090854;4665605042737434854;4665605235654447334;4666292746526484595;4666292747541153842;4666297769884649522;4666297870539556914;4667204393851684914;4667204394499570664;4667210624047643624;4667210699826133992;4667963594171349992;4667963594747362148;4667971824349297508;0;4668639425465367396;4668639426156018270;4668643679054445150;4668643770486078046;4669582891928894046;4669582892671654952;4669590825191037992;4669590931208363048;4670377607911943700;4670377608458075636;4670380077539982836;4670380122326760948;4670700265162472948;4670700265551133934;4670704367265873134;4670704428750175470;4671039268427103470;4671039268727273030;4671042502283998790;4671042557775689286;4671356484652873286;4671356485045384642;4671360566187062722;4671360622298461634;4671805788947805634;4671805789398424879;4671809529606102319;4671809593532538159;4672101290598522159;4672101291077578785;4672103567640932385;0;4672395669576790049;4672395670035034538;4672398435822006698;4672398479194255786;4672944233642127786;4672944234052104225;4672947579470917665;4672947626665226273;4673405569164554273;4673405569661847732;4673409524722747572;4673409569205438644;4673752008961214644;4673752009295249015;4673755035925986935;4673755074586984055;4674065486637416055;4674065487165235659;4674068165626798539;4674068210593931723;4674361165951115723;4674361166360219746;4674365025916817506;4674365075168432226;4674737176807999537;4674737177041727128;4674739083447266968;4674739103337705112;4674902173682921112;4674902173895039648;4674904225727584928;0;4675052939674852000;4675052939856461169;4675054147029581169;4675054178330623345;4675259191715839345;4675259191976444035;4675260766822252675;4675260792816976003;4675466246604112003;4675466246748324758;4675468027482030998;4675468045233374102;4675692423720158102;4675692423991001088;4675693828181065728;4675693856613728256;4675950162142560256;4675950162399813698;4675951675903926338;4675951708559728706;4676178901424496706;4676178901661445522;4676180108771650962;4676180131866537362;4676340442359721362;4676340442513929142;4676341941642064822;4676341968023188406;4676563867676308406;4676563867851093443;4676564955486549443;0;4676799179306628546;4676799179458344910;4676800708093409230;4676800736878393294;4676968555175737294;4676968555383581835;4676969755636100235;4676969784669072523;4677208591561616523;4677208591797592260;4677210357274517700;4677210379787968708;4677408862641856708;4677408862882718810;4677410226052490330;4677410247224288346;4677562336881632346;4677562337030265896;4677563665345371176;4677563687805344808;4677721473327520808;4677721473510644121;4677723176073009561;4677723199166847385;4677978288347519385;4677978288507414642;4677980315929110642;4677980333708765298;4678215965513181298;4678215965685000962;4678217201106758402;0;4678472953472428802;4678472953664762806;4678474747264496566;4678474781434442678;4678703987565130678;4678703987810757509;4678705593767816069;4678705613226240901;4678904997855488901;4678904998037177762;4678906505061090722;4678906529407976866;4679085156426728866;4679085156582459179;4679086701826967339;4679086722628093739;4679229115054589739;4679229115217320346;4679230633691683226;4679230667093547418;4679324324222258381;4679324324291709764;4679325143533652804;4679325159955663684;4679444173331663684;4679444173440547815;4679444804725242855;4679444815005481959;4679537955817257959;4679537955906657452;4679538894450334892;0;4679675209447251116;4679675209522343838;4679676191429881758;4679676203699269534;4679801670011973534;4679801670126603862;4679802306082704982;4679802319565819478;4679884163019771478;4679884163148553388;4679884711118642348;4679884720949304492;4679975313721400492;4679975313802805641;4679976108822643081;4679976121224675721;4680067854847459721;4680067854937775669;4680068491255635509;4680068506095607349;4680160436850679349;4680160436985098404;4680161344040038564;4680161352848076964;4680271352664780964;4680271352777825845;4680272160003087925;4680272169127271989;4680403182407015989;4680403182527021318;4680404122108788998;0;4680473117072654598;4680473117180446114;4680473859996927394;4680473869958137250;4680555608554489250;4680555608664600215;4680556236221607575;4680556246782865047;4680625995961233047;4680625996090631520;4680626565215741280;4680626580534125920;4680703489389421920;4680703489491083460;4680704315779457220;4680704326816768196;4680785746646016196;4680785746722084094;4680786409542702334;4680786418763093246;4680856564303189246;4680856564431413313;4680857305706487873;4680857315701776449;4680978885506064449;4680978885581985546;4680979828183652106;4680979838252865290;4681064837920577290;4681064838017371341;4681065665218006221
PSUMG name=u32_n1500 dtype=u32 n=1500 in=4;9;4;5;4;3;4;3;8;9;8;3;6;3;4;1;6;7;0;1;0;7;4;1;6;7;6;5;2;1;4;7;6;3;8;1;2;5;4;5;6;5;6;5;6;9;2;7;8;7;4;7;0;7;2;5;2;3;8;3;4;1;2;7;8;9;8;9;6;3;6;3;0;7;0;1;0;3;0;7;8;9;2;1;8;7;8;7;2;1;8;9;4;3;6;9;0;3;8;9;4;1;6;5;8;7;6;5;0;3;2;9;6;7;4;9;6;1;4;1;8;7;4;7;8;5;8;5;2;3;0;9;6;3;8;5;8;1;8;1;2;9;8;5;6;9;0;3;8;9;2;9;4;7;0;9;8;9;0;7;6;3;0;3;0;5;4;9;6;7;4;1;6;1;8;7;6;5;8;1;6;5;2;3;0;7;6;7;4;5;8;9;8;7;6;9;4;9;2;7;0;1;0;9;2;3;6;3;4;9;4;9;8;7;0;3;4;1;6;5;8;7;8;5;8;3;2;3;6;1;2;7;6;1;4;3;6;7;4;7;6;9;4;1;8;1;4;1;2;5;0;1;6;9;2;5;6;7;4;7;2;3;4;9;8;9;4;5;4;9;8;3;2;5;2;9;6;5;0;1;8;1;4;5;8;9;0;1;8;1;8;5;0;1;2;1;0;9;6;5;6;9;6;5;8;9;8;9;6;5;8;7;2;7;6;7;2;3;4;5;0;3;4;9;2;9;2;5;2;1;0;9;6;3;4;7;8;9;4;1;6;5;6;1;4;1;6;5;8;3;4;3;2;9;6;1;0;1;8;3;4;5;2;5;8;1;6;7;8;9;4;5;6;3;4;1;0;9;0;3;6;9;0;7;6;9;0;1;4;7;8;7;8;3;4;1;4;7;6;7;6;5;0;1;8;9;0;1;8;1;6;1;2;5;6;9;8;3;8;7;8;5;0;9;0;1;2;9;2;5;8;5;2;9;4;1;0;9;4;7;8;3;8;1;6;1;4;1;8;7;6;9;0;7;2;1;2;1;6;7;8;9;6;9;4;9;8;7;8;9;4;9;2;3;0;7;4;9;4;5;6;9;2;5;8;5;6;3;4;1;8;7;4;5;6;9;2;7;8;3;6;1;4;3;6;3;6;3;4;1;2;7;6;9;4;1;8;3;6;3;2;1;6;1;8;1;4;1;2;1;8;9;6;9;0;9;0;3;6;1;8;3;8;9;4;3;2;1;4;7;6;1;0;9;0;3;6;9;4;7;4;9;8;5;8;1;6;5;4;5;6;1;8;7;8;5;0;9;4;1;4;5;8;5;2;7;0;9;8;9;2;7;2;5;8;9;6;3;0;3;0;5;2;5;4;1;2;5;0;5;2;5;2;5;6;9;8;7;0;3;8;3;6;1;4;3;8;3;0;5;8;3;2;1;2;1;2;5;8;3;2;7;6;5;8;5;2;1;8;5;8;3;0;7;0;5;6;7;6;1;0;1;6;7;2;9;8;7;0;9;6;5;2;5;2;5;0;1;4;3;8;7;8;7;6;5;4;5;4;3;8;1;8;9;0;7;8;7;2;3;6;5;4;3;4;5;4;3;8;3;4;1;2;9;8;1;4;7;4;9;8;9;6;7;0;7;0;5;2;9;8;3;2;5;6;1;8;3;4;1;6;9;0;7;0;3;6;1;2;1;4;1;0;7;0;5;6;9;0;9;6;5;4;5;8;7;6;3;6;9;8;9;8;3;4;1;4;9;0;3;4;9;8;5;8;5;2;9;8;3;2;1;8;3;4;9;0;3;2;7;8;1;4;1;2;5;2;7;0;7;4;9;4;1;0;3;6;7;4;1;0;7;0;5;4;3;4;3;0;3;6;3;8;9;8;7;0;5;0;3;4;5;0;5;0;3;0;9;0;9;8;1;8;3;8;9;0;9;4;9;4;9;8;3;0;5;6;5;4;1;6;5;8;5;4;3;2;9;6;5;8;5;2;1;4;1;8;9;4;3;8;7;6;9;2;3;0;7;8;7;2;9;6;9;6;7;8;3;6;7;6;9;2;1;8;3;0;7;6;1;2;1;2;1;6;7;4;3;2;7;8;9;4;3;4;3;4;7;6;5;4;3;2;1;8;1;8;3;4;5;6;9;6;9;8;7;0;9;4;5;6;5;0;3;0;9;0;1;0;7;2;9;0;1;4;9;2;1;4;1;0;1;0;5;4;7;2;7;0;7;8;7;0;7;4;3;4;3;2;1;8;7;4;5;2;1;8;3;6;7;4;1;4;5;8;1;8;5;6;7;6;1;4;5;2;7;6;1;8;5;4;3;0;3;2;9;8;5;8;5;8;9;4;3;8;5;2;1;2;3;0;5;0;1;6;9;8;5;0;7;0;5;8;7;6;7;4;9;2;9;2;5;8;5;6;9;8;3;0;3;2;7;4;9;6;5;0;3;6;5;0;1;4;7;8;9;4;7;4;7;0;7;4;5;4;9;0;5;6;3;4;7;6;9;8;1;8;7;8;1;8;1;0;9;6;3;8;5;0;1;2;3;8;1;2;9;8;3;2;5;4;9;6;1;8;7;6;7;8;9;2;1;2;1;6;3;6;1;4;9;6;9;0;7;8;9;0;1;0;3;6;9;8;7;8;3;2;7;4;9;8;9;8;5;4;3;2;7;4;3;6;1;6;1;4;5;4;1;0;3;2;5;2;9;4;5;8;9;6;3;0;3;4;1;2;9;6;7;6;9;6;3;2;9;8;3;4;5;2;1;2;3;2;7;8;7;6;3;4;7;0;9;2;7;2;5;6;3;0;3;0;3;0;7;4;9;6;3;8;1;2;1;0;5;2;9;6;1;4;9;6;9;8;3;4;1;4;1;8;3;4;5;2;1;4;9;2;9;8;3;8;3;6;7;8;5;8;3;8;1;0;7;6;1;4;7;6;9;4;9;2;7;8;9;8;9;4;9;6;7;6;7;8;9;0;9;6;3;8;1;6;3;0;3;8;3;0;7;4;5;0;3;2;7;2;9;6;9;4;5;6;5;0;5;0;7;2;5;0;3;2;7;0;5;6;9;8;9;6;9;0;9;6;7;8;1;2;1;4;1;4;3;6;5;8;7;8;7;2;3;2;5;8;7;6;1;6;3;4;9;8;5;8;9;0;9;2;7;8;1;6;7;4;9;4;7;8;5;8;1;2;7;8;3;6;1;2;9;6;5;6;5;0;3;0;7;4;5;6;3;6;1;2;5;0;5;4;7;0;3;0;7;0;9;0;1;2;3;4;1;6;5;4;3;8;5;6;1;6;5;0;7;2;1;8;3;8;9;8;7;8;9;2;9;4;7;6;3;4;9;2;9;0;3;8;5;8;5;2;5 out=4;13;17;22;26;29;33;36;44;53;61;64;70;73;77;78;84;91;91;92;92;99;103;104;110;117;123;128;130;131;135;142;148;151;159;160;162;167;171;176;182;187;193;198;204;213;215;222;230;237;241;248;248;255;257;262;264;267;275;278;282;283;285;292;300;309;317;326;332;335;341;344;344;351;351;352;352;355;355;362;370;379;381;382;390;397;405;412;414;415;423;432;436;439;445;454;454;457;465;474;478;479;485;490;498;505;511;516;516;519;521;530;536;543;547;556;562;563;567;568;576;583;587;594;602;607;615;620;622;625;625;634;640;643;651;656;664;665;673;674;676;685;693;698;704;713;713;716;724;733;735;744;748;755;755;764;772;781;781;788;794;797;797;800;800;805;809;818;824;831;835;836;842;843;851;858;864;869;877;878;884;889;891;894;894;901;907;914;918;923;931;940;948;955;961;970;974;983;985;992;992;993;993;1002;1004;1007;1013;1016;1020;1029;1033;1042;1050;1057;1057;1060;1064;1065;1071;1076;1084;1091;1099;1104;1112;1115;1117;1120;1126;1127;1129;1136;1142;1143;1147;1150;1156;1163;1167;1174;1180;1189;1193;1194;1202;1203;1207;1208;1210;1215;1215;1216;1222;1231;1233;1238;1244;1251;1255;1262;1264;1267;1271;1280;1288;1297;1301;1306;1310;1319;1327;1330;1332;1337;1339;1348;1354;1359;1359;1360;1368;1369;1373;1378;1386;1395;1395;1396;1404;1405;1413;1418;1418;1419;1421;1422;1422;1431;1437;1442;1448;1457;1463;1468;1476;1485;1493;1502;1508;1513;1521;1528;1530;1537;1543;1550;1552;1555;1559;1564;1564;1567;1571;1580;1582;1591;1593;1598;1600;1601;1601;1610;1616;1619;1623;1630;1638;1647;1651;1652;1658;1663;1669;1670;1674;1675;1681;1686;1694;1697;1701;1704;1706;1715;1721;1722;1722;1723;1731;1734;1738;1743;1745;1750;1758;1759;1765;1772;1780;1789;1793;1798;1804;1807;1811;1812;1812;1821;1821;1824;1830;1839;1839;1846;1852;1861;1861;1862;1866;1873;1881;1888;1896;1899;1903;1904;1908;1915;1921;1928;1934;1939;1939;1940;1948;1957;1957;1958;1966;1967;1973;1974;1976;1981;1987;1996;2004;2007;2015;2022;2030;2035;2035;2044;2044;2045;2047;2056;2058;2063;2071;2076;2078;2087;2091;2092;2092;2101;2105;2112;2120;2123;2131;2132;2138;2139;2143;2144;2152;2159;2165;2174;2174;2181;2183;2184;2186;2187;2193;2200;2208;2217;2223;2232;2236;2245;2253;2260;2268;2277;2281;2290;2292;2295;2295;2302;2306;2315;2319;2324;2330;2339;2341;2346;2354;2359;2365;2368;2372;2373;2381;2388;2392;2397;2403;2412;2414;2421;2429;2432;2438;2439;2443;2446;2452;2455;2461;2464;2468;2469;2471;2478;2484;2493;2497;2498;2506;2509;2515;2518;2520;2521;2527;2528;2536;2537;2541;2542;2544;2545;2553;2562;2568;2577;2577;2586;2586;2589;2595;2596;2604;2607;2615;2624;2628;2631;2633;2634;2638;2645;2651;2652;2652;2661;2661;2664;2670;2679;2683;2690;2694;2703;2711;2716;2724;2725;2731;2736;2740;2745;2751;2752;2760;2767;2775;2780;2780;2789;2793;2794;2798;2803;2811;2816;2818;2825;2825;2834;2842;2851;2853;2860;2862;2867;2875;2884;2890;2893;2893;2896;2896;2901;2903;2908;2912;2913;2915;2920;2920;2925;2927;2932;2934;2939;2945;2954;2962;2969;2969;2972;2980;2983;2989;2990;2994;2997;3005;3008;3008;3013;3021;3024;3026;3027;3029;3030;3032;3037;3045;3048;3050;3057;3063;3068;3076;3081;3083;3084;3092;3097;3105;3108;3108;3115;3115;3120;3126;3133;3139;3140;3140;3141;3147;3154;3156;3165;3173;3180;3180;3189;3195;3200;3202;3207;3209;3214;3214;3215;3219;3222;3230;3237;3245;3252;3258;3263;3267;3272;3276;3279;3287;3288;3296;3305;3305;3312;3320;3327;3329;3332;3338;3343;3347;3350;3354;3359;3363;3366;3374;3377;3381;3382;3384;3393;3401;3402;3406;3413;3417;3426;3434;3443;3449;3456;3456;3463;3463;3468;3470;3479;3487;3490;3492;3497;3503;3504;3512;3515;3519;3520;3526;3535;3535;3542;3542;3545;3551;3552;3554;3555;3559;3560;3560;3567;3567;3572;3578;3587;3587;3596;3602;3607;3611;3616;3624;3631;3637;3640;3646;3655;3663;3672;3680;3683;3687;3688;3692;3701;3701;3704;3708;3717;3725;3730;3738;3743;3745;3754;3762;3765;3767;3768;3776;3779;3783;3792;3792;3795;3797;3804;3812;3813;3817;3818;3820;3825;3827;3834;3834;3841;3845;3854;3858;3859;3859;3862;3868;3875;3879;3880;3880;3887;3887;3892;3896;3899;3903;3906;3906;3909;3915;3918;3926;3935;3943;3950;3950;3955;3955;3958;3962;3967;3967;3972;3972;3975;3975;3984;3984;3993;4001;4002;4010;4013;4021;4030;4030;4039;4043;4052;4056;4065;4073;4076;4076;4081;4087;4092;4096;4097;4103;4108;4116;4121;4125;4128;4130;4139;4145;4150;4158;4163;4165;4166;4170;4171;4179;4188;4192;4195;4203;4210;4216;4225;4227;4230;4230;4237;4245;4252;4254;4263;4269;4278;4284;4291;4299;4302;4308;4315;4321;4330;4332;4333;4341;4344;4344;4351;4357;4358;4360;4361;4363;4364;4370;4377;4381;4384;4386;4393;4401;4410;4414;4417;4421;4424;4428;4435;4441;4446;4450;4453;4455;4456;4464;4465;4473;4476;4480;4485;4491;4500;4506;4515;4523;4530;4530;4539;4543;4548;4554;4559;4559;4562;4562;4571;4571;4572;4572;4579;4581;4590;4590;4591;4595;4604;4606;4607;4611;4612;4612;4613;4613;4618;4622;4629;4631;4638;4638;4645;4653;4660;4660;4667;4671;4674;4678;4681;4683;4684;4692;4699;4703;4708;4710;4711;4719;4722;4728;4735;4739;4740;4744;4749;4757;4758;4766;4771;4777;4784;4790;4791;4795;4800;4802;4809;4815;4816;4824;4829;4833;4836;4836;4839;4841;4850;4858;4863;4871;4876;4884;4893;4897;4900;4908;4913;4915;4916;4918;4921;4921;4926;4926;4927;4933;4942;4950;4955;4955;4962;4962;4967;4975;4982;4988;4995;4999;5008;5010;5019;5021;5026;5034;5039;5045;5054;5062;5065;5065;5068;5070;5077;5081;5090;5096;5101;5101;5104;5110;5115;5115;5116;5120;5127;5135;5144;5148;5155;5159;5166;5166;5173;5177;5182;5186;5195;5195;5200;5206;5209;5213;5220;5226;5235;5243;5244;5252;5259;5267;5268;5276;5277;5277;5286;5292;5295;5303;5308;5308;5309;5311;5314;5322;5323;5325;5334;5342;5345;5347;5352;5356;5365;5371;5372;5380;5387;5393;5400;5408;5417;5419;5420;5422;5423;5429;5432;5438;5439;5443;5452;5458;5467;5467;5474;5482;5491;5491;5492;5492;5495;5501;5510;5518;5525;5533;5536;5538;5545;5549;5558;5566;5575;5583;5588;5592;5595;5597;5604;5608;5611;5617;5618;5624;5625;5629;5634;5638;5639;5639;5642;5644;5649;5651;5660;5664;5669;5677;5686;5692;5695;5695;5698;5702;5703;5705;5714;5720;5727;5733;5742;5748;5751;5753;5762;5770;5773;5777;5782;5784;5785;5787;5790;5792;5799;5807;5814;5820;5823;5827;5834;5834;5843;5845;5852;5854;5859;5865;5868;5868;5871;5871;5874;5874;5881;5885;5894;5900;5903;5911;5912;5914;5915;5915;5920;5922;5931;5937;5938;5942;5951;5957;5966;5974;5977;5981;5982;5986;5987;5995;5998;6002;6007;6009;6010;6014;6023;6025;6034;6042;6045;6053;6056;6062;6069;6077;6082;6090;6093;6101;6102;6102;6109;6115;6116;6120;6127;6133;6142;6146;6155;6157;6164;6172;6181;6189;6198;6202;6211;6217;6224;6230;6237;6245;6254;6254;6263;6269;6272;6280;6281;6287;6290;6290;6293;6301;6304;6304;6311;6315;6320;6320;6323;6325;6332;6334;6343;6349;6358;6362;6367;6373;6378;6378;6383;6383;6390;6392;6397;6397;6400;6402;6409;6409;6414;6420;6429;6437;6446;6452;6461;6461;6470;6476;6483;6491;6492;6494;6495;6499;6500;6504;6507;6513;6518;6526;6533;6541;6548;6550;6553;6555;6560;6568;6575;6581;6582;6588;6591;6595;6604;6612;6617;6625;6634;6634;6643;6645;6652;6660;6661;6667;6674;6678;6687;6691;6698;6706;6711;6719;6720;6722;6729;6737;6740;6746;6747;6749;6758;6764;6769;6775;6780;6780;6783;6783;6790;6794;6799;6805;6808;6814;6815;6817;6822;6822;6827;6831;6838;6838;6841;6841;6848;6848;6857;6857;6858;6860;6863;6867;6868;6874;6879;6883;6886;6894;6899;6905;6906;6912;6917;6917;6924;6926;6927;6935;6938;6946;6955;6963;6970;6978;6987;6989;6998;7002;7009;7015;7018;7022;7031;7033;7042;7042;7045;7053;7058;7066;7071;7073;7078
PSUMG name=u64_n1500 dtype=u64 n=1500 in=856;651;210;701;12;39;206;289;888;515;98;629;300;375;774;441;408;115;698;61;900;335;14;937;856;435;18;613;932;799;30;921;728;163;946;781;316;823;982;889;384;435;946;133;44;991;366;777;376;331;754;885;324;463;110;745;872;123;282;469;764;71;358;641;600;387;930;21;484;151;534;401;720;219;106;453;916;439;390;665;144;907;746;557;772;759;926;793;320;355;394;45;348;703;110;97;408;667;690;805;572;711;654;417;976;891;362;613;868;719;294;617;144;163;274;597;652;207;238;369;896;307;682;917;516;111;246;617;24;651;194;381;748;671;750;273;112;131;586;741;612;311;902;833;688;723;82;685;484;863;86;505;176;163;970;525;860;839;694;273;256;587;610;213;180;975;902;289;672;219;202;941;564;175;302;553;24;459;706;365;196;207;238;865;672;651;578;877;324;207;758;473;736;27;250;629;852;695;862;529;784;35;778;421;900;695;606;705;280;899;234;749;772;199;430;209;424;803;970;789;964;663;358;665;440;123;570;469;452;679;998;745;808;115;322;309;908;327;598;553;816;171;194;757;604;575;366;577;112;955;106;997;244;79;438;633;816;275;522;789;724;847;350;673;336;595;746;245;876;711;30;457;576;3;610;229;492;847;774;809;944;691;90;397;36;807;910;553;304;891;554;509;524;303;982;497;840;859;50;733;204;911;622;409;792;75;354;165;292;303;998;25;360;251;522;749;564;271;6;993;520;275;962;413;116;575;574;681;784;595;434;141;52;415;118;793;168;371;442;781;324;711;406;89;88;771;850;381;220;727;278;153;16;739;130;797;764;911;830;785;104;443;538;53;284;839;582;385;752;475;34;509;908;559;334;553;680;43;314;781;44;503;302;625;928;139;994;173;900;447;718;353;728;347;554;213;524;279;46;297;416;571;786;589;476;519;142;305;680;811;650;301;540;407;918;745;920;987;282;269;308;687;934;321;408;147;466;933;100;551;214;977;672;147;850;829;868;983;454;681;512;715;90;861;268;319;342;481;944;747;218;621;180;615;438;665;536;339;50;37;156;303;462;617;208;291;874;605;980;823;918;593;128;51;10;541;844;303;758;193;184;483;522;37;468;991;566;697;384;667;634;565;132;959;782;449;0;395;298;749;468;39;854;753;768;67;634;637;996;439;670;281;352;859;410;781;532;351;918;769;808;179;986;717;988;15;190;337;904;747;410;13;396;55;902;209;256;611;978;661;156;695;254;833;448;195;890;389;436;7;470;625;544;227;722;613;684;151;670;593;360;643;994;309;180;71;966;993;592;483;906;933;164;407;654;625;704;59;170;853;356;399;166;641;912;59;954;181;940;415;878;161;40;275;978;765;52;415;30;233;416;83;426;693;972;391;334;825;584;619;898;85;172;95;918;993;168;875;586;917;884;39;438;377;552;843;434;77;596;543;990;393;896;467;42;693;884;239;134;585;432;403;922;861;876;735;662;433;96;235;18;181;52;327;998;265;32;443;634;397;156;335;118;625;136;235;50;197;964;23;806;153;232;779;882;117;516;439;654;865;416;539;498;845;388;63;174;241;200;475;938;797;836;799;302;473;472;699;298;389;388;535;478;761;144;475;618;5;196;103;118;121;80;195;770;645;540;103;902;57;712;939;906;213;92;367;454;817;120;11;74;909;332;47;598;329;912;467;58;541;132;751;950;481;624;563;18;533;972;135;790;505;104;139;946;389;844;951;454;929;584;683;162;317;788;959;230;873;216;35;330;309;892;479;366;857;112;251;274;677;796;919;62;65;496;627;906;341;716;239;502;417;544;475;842;685;748;95;814;689;616;707;410;349;156;215;550;553;248;523;770;701;940;343;318;609;888;963;130;245;92;695;822;281;672;451;890;949;20;407;406;521;256;315;362;973;12;959;62;265;912;891;474;853;36;423;126;993;216;899;810;141;412;855;254;857;112;923;578;261;60;975;86;745;864;291;802;653;604;839;726;321;272;819;906;837;124;599;22;169;0;547;282;285;172;791;310;873;0;507;970;933;492;951;198;777;696;723;786;373;484;463;390;497;24;723;82;277;4;791;566;73;640;267;378;93;684;295;470;393;0;771;978;845;940;967;166;129;296;595;570;37;612;511;222;201;504;323;810;957;828;343;638;329;416;371;74;549;556;287;942;225;8;883;658;389;140;431;326;593;440;843;554;357;708;791;358;881;224;235;42;525;212;375;734;305;248;771;490;501;564;111;494;161;560;963;914;173;236;879;686;353;432;59;930;965;196;239;958;377;280;435;930;549;828;487;726;705;936;35;946;309;188;943;270;33;664;83;442;965;76;919;278;337;216;83;90;301;260;215;150;217;704;91;418;53;404;999;102;921;808;627;202;549;612;383;734;65;320;915;434;101;972;991;750;105;616;707;218;725;492;207;382;265;408;27;946;981;780;767;22;737;832;667;218;957;836;455;22;169;56;787;930;781;884;607;422;609;984;27;994;405;540;831;422;481;888;723;450;789;148;367;966;625;152;523;746;189;860;663;534;241;632;571;410;717;292;111;286;193;664;35;594;77;164;127;710;105;872;851;10;93;812;799;438;97;904;219;34;413;796;935;398;273;96;499;554;485;676;567;654;185;824;731;42;693;476;263;358;473;320;795;554;781;132;599;854;649;696;675;178;957;812;679;358;593;376;699;538;877;924;871;454;953;920;363;450;661;52;183;742;609;128;131;802;901;228;671;710;521;776;467;714;717;836;727;478;569;928;251;978;197;684;991;638;609;288;483;482;13;468;607;614;873;72;443;322;661;276;399;62;993;624;771;378;805;204;39;142;257;200;539;690;965;12;727;478;897;200;539;946;589;116;735;46;17;512;563;826;541;860;295;398;329;600;715;402;141;604;647;110;401;816;899;282;565;20;599;566;305;160;635;442;93;92;487;726;481;40;627;170;181;620;943;414;537;648;27;106;213;540;767;54;137;336;563;562;893;228;311;166;9;552;179;770;445;548;967;718;41;184;723;58;85;308;407;238;313;296;387;714;725;516;335;670;937;200;419;130;709;268;287;158;873;344;475;522;429;748;351;350;921;648;187;338;269;380;879;910;689;656;131;890;541;852;767;678;17;784;659;730;341;124;79;446;801;440;483;786;693;660;591;326;273;424;659;2;317;52;623;142;89;368;139;146;741;220;607;414;577;344;371;602;277;540;71;254;385;272;411;794;749;12;767;670;345;88;731;890;677;948;735;670;625;8;947;138;269;700;471;534;505;72;947;186;573;20;15;774;609;208;419;978;973;940;439;670;73;744;595;986;957;748;31;846;449;736;395;666;581;132;103;366;785;688;83;362;741;772;847;222;441;848;323;562;901;636;887;342;81;432;747;418;333;540;159;694;49;592;219;730;701;764;79;558;33;200;371;506;917 out=856;1507;1717;2418;2430;2469;2675;2964;3852;4367;4465;5094;5394;5769;6543;6984;7392;7507;8205;8266;9166;9501;9515;10452;11308;11743;11761;12374;13306;14105;14135;15056;15784;15947;16893;17674;17990;18813;19795;20684;21068;21503;22449;22582;22626;23617;23983;24760;25136;25467;26221;27106;27430;27893;28003;28748;29620;29743;30025;30494;31258;31329;31687;32328;32928;33315;34245;34266;34750;34901;35435;35836;36556;36775;36881;37334;38250;38689;39079;39744;39888;40795;41541;42098;42870;43629;44555;45348;45668;46023;46417;46462;46810;47513;47623;47720;48128;48795;49485;50290;50862;51573;52227;52644;53620;54511;54873;55486;56354;57073;57367;57984;58128;58291;58565;59162;59814;60021;60259;60628;61524;61831;62513;63430;63946;64057;64303;64920;64944;65595;65789;66170;66918;67589;68339;68612;68724;68855;69441;70182;70794;71105;72007;72840;73528;74251;74333;75018;75502;76365;76451;76956;77132;77295;78265;78790;79650;80489;81183;81456;81712;82299;82909;83122;83302;84277;85179;85468;86140;86359;86561;87502;88066;88241;88543;89096;89120;89579;90285;90650;90846;91053;91291;92156;92828;93479;94057;94934;95258;95465;96223;96696;97432;97459;97709;98338;99190;99885;100747;101276;102060;102095;102873;103294;104194;104889;105495;106200;106480;107379;107613;108362;109134;109333;109763;109972;110396;111199;112169;112958;113922;114585;114943;115608;116048;116171;116741;117210;117662;118341;119339;120084;120892;121007;121329;121638;122546;122873;123471;124024;124840;125011;125205;125962;126566;127141;127507;128084;128196;129151;129257;130254;130498;130577;131015;131648;132464;132739;133261;134050;134774;135621;135971;136644;136980;137575;138321;138566;139442;140153;140183;140640;141216;141219;141829;142058;142550;143397;144171;144980;145924;146615;146705;147102;147138;147945;148855;149408;149712;150603;151157;151666;152190;152493;153475;153972;154812;155671;155721;156454;156658;157569;158191;158600;159392;159467;159821;159986;160278;160581;161579;161604;161964;162215;162737;163486;164050;164321;164327;165320;165840;166115;167077;167490;167606;168181;168755;169436;170220;170815;171249;171390;171442;171857;171975;172768;172936;173307;173749;174530;174854;175565;175971;176060;176148;176919;177769;178150;178370;179097;179375;179528;179544;180283;180413;181210;181974;182885;183715;184500;184604;185047;185585;185638;185922;186761;187343;187728;188480;188955;188989;189498;190406;190965;191299;191852;192532;192575;192889;193670;193714;194217;194519;195144;196072;196211;197205;197378;198278;198725;199443;199796;200524;200871;201425;201638;202162;202441;202487;202784;203200;203771;204557;205146;205622;206141;206283;206588;207268;208079;208729;209030;209570;209977;210895;211640;212560;213547;213829;214098;214406;215093;216027;216348;216756;216903;217369;218302;218402;218953;219167;220144;220816;220963;221813;222642;223510;224493;224947;225628;226140;226855;226945;227806;228074;228393;228735;229216;230160;230907;231125;231746;231926;232541;232979;233644;234180;234519;234569;234606;234762;235065;235527;236144;236352;236643;237517;238122;239102;239925;240843;241436;241564;241615;241625;242166;243010;243313;244071;244264;244448;244931;245453;245490;245958;246949;247515;248212;248596;249263;249897;250462;250594;251553;252335;252784;252784;253179;253477;254226;254694;254733;255587;256340;257108;257175;257809;258446;259442;259881;260551;260832;261184;262043;262453;263234;263766;264117;265035;265804;266612;266791;267777;268494;269482;269497;269687;270024;270928;271675;272085;272098;272494;272549;273451;273660;273916;274527;275505;276166;276322;277017;277271;278104;278552;278747;279637;280026;280462;280469;280939;281564;282108;282335;283057;283670;284354;284505;285175;285768;286128;286771;287765;288074;288254;288325;289291;290284;290876;291359;292265;293198;293362;293769;294423;295048;295752;295811;295981;296834;297190;297589;297755;298396;299308;299367;300321;300502;301442;301857;302735;302896;302936;303211;304189;304954;305006;305421;305451;305684;306100;306183;306609;307302;308274;308665;308999;309824;310408;311027;311925;312010;312182;312277;313195;314188;314356;315231;315817;316734;317618;317657;318095;318472;319024;319867;320301;320378;320974;321517;322507;322900;323796;324263;324305;324998;325882;326121;326255;326840;327272;327675;328597;329458;330334;331069;331731;332164;332260;332495;332513;332694;332746;333073;334071;334336;334368;334811;335445;335842;335998;336333;336451;337076;337212;337447;337497;337694;338658;338681;339487;339640;339872;340651;341533;341650;342166;342605;343259;344124;344540;345079;345577;346422;346810;346873;347047;347288;347488;347963;348901;349698;350534;351333;351635;352108;352580;353279;353577;353966;354354;354889;355367;356128;356272;356747;357365;357370;357566;357669;357787;357908;357988;358183;358953;359598;360138;360241;361143;361200;361912;362851;363757;363970;364062;364429;364883;365700;365820;365831;365905;366814;367146;367193;367791;368120;369032;369499;369557;370098;370230;370981;371931;372412;373036;373599;373617;374150;375122;375257;376047;376552;376656;376795;377741;378130;378974;379925;380379;381308;381892;382575;382737;383054;383842;384801;385031;385904;386120;386155;386485;386794;387686;388165;388531;389388;389500;389751;390025;390702;391498;392417;392479;392544;393040;393667;394573;394914;395630;395869;396371;396788;397332;397807;398649;399334;400082;400177;400991;401680;402296;403003;403413;403762;403918;404133;404683;405236;405484;406007;406777;407478;408418;408761;409079;409688;410576;411539;411669;411914;412006;412701;413523;413804;414476;414927;415817;416766;416786;417193;417599;418120;418376;418691;419053;420026;420038;420997;421059;421324;422236;423127;423601;424454;424490;424913;425039;426032;426248;427147;427957;428098;428510;429365;429619;430476;430588;431511;432089;432350;432410;433385;433471;434216;435080;435371;436173;436826;437430;438269;438995;439316;439588;440407;441313;442150;442274;442873;442895;443064;443064;443611;443893;444178;444350;445141;445451;446324;446324;446831;447801;448734;449226;450177;450375;451152;451848;452571;453357;453730;454214;454677;455067;455564;455588;456311;456393;456670;456674;457465;458031;458104;458744;459011;459389;459482;460166;460461;460931;461324;461324;462095;463073;463918;464858;465825;465991;466120;466416;467011;467581;467618;468230;468741;468963;469164;469668;469991;470801;471758;472586;472929;473567;473896;474312;474683;474757;475306;475862;476149;477091;477316;477324;478207;478865;479254;479394;479825;480151;480744;481184;482027;482581;482938;483646;484437;484795;485676;485900;486135;486177;486702;486914;487289;488023;488328;488576;489347;489837;490338;490902;491013;491507;491668;492228;493191;494105;494278;494514;495393;496079;496432;496864;496923;497853;498818;499014;499253;500211;500588;500868;501303;502233;502782;503610;504097;504823;505528;506464;506499;507445;507754;507942;508885;509155;509188;509852;509935;510377;511342;511418;512337;512615;512952;513168;513251;513341;513642;513902;514117;514267;514484;515188;515279;515697;515750;516154;517153;517255;518176;518984;519611;519813;520362;520974;521357;522091;522156;522476;523391;523825;523926;524898;525889;526639;526744;527360;528067;528285;529010;529502;529709;530091;530356;530764;530791;531737;532718;533498;534265;534287;535024;535856;536523;536741;537698;538534;538989;539011;539180;539236;540023;540953;541734;542618;543225;543647;544256;545240;545267;546261;546666;547206;548037;548459;548940;549828;550551;551001;551790;551938;552305;553271;553896;554048;554571;555317;555506;556366;557029;557563;557804;558436;559007;559417;560134;560426;560537;560823;561016;561680;561715;562309;562386;562550;562677;563387;563492;564364;565215;565225;565318;566130;566929;567367;567464;568368;568587;568621;569034;569830;570765;571163;571436;571532;572031;572585;573070;573746;574313;574967;575152;575976;576707;576749;577442;577918;578181;578539;579012;579332;580127;580681;581462;581594;582193;583047;583696;584392;585067;585245;586202;587014;587693;588051;588644;589020;589719;590257;591134;592058;592929;593383;594336;595256;595619;596069;596730;596782;596965;597707;598316;598444;598575;599377;600278;600506;601177;601887;602408;603184;603651;604365;605082;605918;606645;607123;607692;608620;608871;609849;610046;610730;611721;612359;612968;613256;613739;614221;614234;614702;615309;615923;616796;616868;617311;617633;618294;618570;618969;619031;620024;620648;621419;621797;622602;622806;622845;622987;623244;623444;623983;624673;625638;625650;626377;626855;627752;627952;628491;629437;630026;630142;630877;630923;630940;631452;632015;632841;633382;634242;634537;634935;635264;635864;636579;636981;637122;637726;638373;638483;638884;639700;640599;640881;641446;641466;642065;642631;642936;643096;643731;644173;644266;644358;644845;645571;646052;646092;646719;646889;647070;647690;648633;649047;649584;650232;650259;650365;650578;651118;651885;651939;652076;652412;652975;653537;654430;654658;654969;655135;655144;655696;655875;656645;657090;657638;658605;659323;659364;659548;660271;660329;660414;660722;661129;661367;661680;661976;662363;663077;663802;664318;664653;665323;666260;666460;666879;667009;667718;667986;668273;668431;669304;669648;670123;670645;671074;671822;672173;672523;673444;674092;674279;674617;674886;675266;676145;677055;677744;678400;678531;679421;679962;680814;681581;682259;682276;683060;683719;684449;684790;684914;684993;685439;686240;686680;687163;687949;688642;689302;689893;690219;690492;690916;691575;691577;691894;691946;692569;692711;692800;693168;693307;693453;694194;694414;695021;695435;696012;696356;696727;697329;697606;698146;698217;698471;698856;699128;699539;700333;701082;701094;701861;702531;702876;702964;703695;704585;705262;706210;706945;707615;708240;708248;709195;709333;709602;710302;710773;711307;711812;711884;712831;713017;713590;713610;713625;714399;715008;715216;715635;716613;717586;718526;718965;719635;719708;720452;721047;722033;722990;723738;723769;724615;725064;725800;726195;726861;727442;727574;727677;728043;728828;729516;729599;729961;730702;731474;732321;732543;732984;733832;734155;734717;735618;736254;737141;737483;737564;737996;738743;739161;739494;740034;740193;740887;740936;741528;741747;742477;743178;743942;744021;744579;744612;744812;745183;745689;746606
PSUMG name=u32_n3000 dtype=u32 n=3000 in=4;3;0;1;4;5;2;3;2;1;8;3;6;1;4;3;2;1;0;9;2;9;0;3;0;3;8;9;8;9;0;7;2;3;4;1;2;3;8;1;4;1;0;9;8;5;0;1;8;7;8;5;0;5;4;9;2;1;4;1;0;7;4;7;8;7;8;5;2;1;6;1;2;5;4;3;8;9;2;1;0;3;2;3;0;5;4;1;2;5;6;1;2;3;8;5;6;5;8;3;2;3;2;7;0;7;4;5;6;3;4;7;8;1;8;1;0;1;0;9;6;1;2;7;2;7;2;7;2;3;8;1;8;3;8;1;8;9;2;5;6;9;6;1;2;1;2;7;8;9;4;5;2;5;2;3;8;5;0;3;4;3;4;3;6;9;2;5;6;7;4;3;4;1;6;3;4;7;8;3;2;7;6;3;2;7;6;1;2;1;0;3;6;1;4;5;8;3;2;9;4;7;4;3;6;5;4;9;8;1;4;3;2;5;8;5;0;5;4;5;2;9;6;3;2;7;4;9;2;9;6;5;6;7;8;5;0;9;6;1;8;3;8;9;2;5;0;5;4;3;6;5;6;9;8;1;0;1;8;7;6;3;6;9;6;1;2;3;6;7;8;3;2;7;2;7;0;7;8;1;2;1;2;3;2;9;0;1;8;1;6;1;0;7;8;1;4;3;0;5;2;3;2;1;6;5;8;3;4;7;2;5;8;7;4;7;8;1;2;9;6;1;4;3;0;7;8;5;2;3;2;1;0;7;6;3;4;7;2;1;6;1;6;7;6;5;4;7;8;5;0;9;2;7;8;1;4;7;2;1;2;1;0;9;2;3;4;1;2;5;0;7;4;7;2;3;6;5;2;1;2;9;6;3;0;1;0;3;4;1;2;1;4;5;2;7;2;5;2;5;6;3;2;3;2;1;4;1;8;1;0;3;4;3;4;3;0;3;4;9;4;1;8;3;6;1;6;7;4;9;6;3;6;9;6;3;2;5;6;7;6;1;2;1;6;9;6;1;8;1;2;5;4;3;6;5;0;1;0;1;4;5;4;5;0;5;0;5;0;1;2;7;6;3;8;9;8;3;8;5;8;5;0;5;0;7;2;3;6;3;0;7;0;9;2;7;8;3;6;3;8;1;4;5;0;3;2;1;2;5;2;5;6;9;0;7;6;3;0;7;6;1;4;3;8;5;6;5;6;3;8;1;0;3;2;1;6;5;0;1;8;9;8;1;8;3;8;3;8;7;4;9;8;7;2;9;8;3;4;5;8;9;0;5;2;3;6;5;4;9;0;1;6;5;6;9;6;5;8;5;4;7;6;7;0;1;2;9;4;9;6;9;6;9;2;7;4;7;4;1;8;9;0;1;4;1;4;5;4;9;6;7;4;5;6;1;2;3;2;9;8;9;6;5;4;1;0;7;2;7;0;5;0;9;2;9;2;3;6;3;8;7;6;1;6;5;2;5;4;9;2;5;2;7;4;9;2;3;0;7;6;5;4;3;4;9;2;9;8;7;8;9;6;5;8;5;2;5;2;1;6;3;2;9;6;5;0;9;4;9;0;7;8;1;6;5;8;5;4;7;8;3;8;7;2;7;0;9;6;5;8;9;6;1;2;5;4;3;4;9;6;3;2;5;6;1;6;9;6;9;4;1;2;3;4;9;0;3;8;1;4;3;6;9;0;3;0;7;2;1;0;3;6;3;6;9;8;1;0;3;6;1;4;5;6;1;8;5;8;9;0;1;0;3;4;1;0;7;0;1;2;5;4;9;8;3;6;7;6;9;8;9;8;5;4;7;2;7;2;7;6;3;8;1;2;9;8;3;0;5;0;1;4;7;2;5;4;7;2;3;4;3;2;7;4;3;8;1;2;3;0;7;8;9;8;1;2;3;2;9;4;1;2;3;6;7;6;5;2;9;8;3;0;5;6;7;0;5;2;9;6;1;4;1;0;7;0;3;2;3;2;7;6;9;8;9;4;1;4;9;2;1;8;3;2;7;4;5;4;7;2;7;8;1;6;5;0;1;6;1;0;7;2;5;4;3;0;3;8;9;0;7;6;9;2;3;6;3;6;1;8;9;6;3;8;5;2;1;0;9;2;9;4;3;0;1;4;3;0;1;4;1;2;7;0;3;6;7;4;7;0;7;2;1;2;1;6;5;6;1;4;7;8;7;6;7;2;5;4;9;8;1;8;3;6;1;6;5;2;7;8;7;8;3;8;5;6;9;2;3;8;3;4;9;2;7;4;7;4;3;6;9;0;7;0;7;0;1;8;1;4;3;8;3;4;1;0;7;8;5;2;5;8;7;2;5;4;9;2;9;4;1;2;7;6;9;0;9;8;7;8;3;8;3;8;3;2;3;6;1;4;9;8;9;6;1;0;9;2;3;2;9;8;7;8;7;2;3;6;7;0;9;6;3;8;5;4;9;8;5;6;5;2;7;0;1;2;3;6;5;0;3;6;3;6;3;2;3;0;9;2;1;2;9;8;3;8;1;6;5;8;5;4;9;4;7;0;3;6;9;4;1;2;1;4;3;4;3;0;5;6;9;2;1;6;3;2;7;6;3;0;5;8;5;4;9;6;1;6;5;8;3;2;5;4;9;0;7;2;1;0;7;2;1;8;7;4;9;4;3;4;9;6;5;2;7;2;1;8;5;0;1;0;1;6;5;2;5;0;9;6;7;6;5;4;5;8;7;0;5;4;9;0;3;6;5;8;5;6;7;0;3;2;5;2;7;2;5;2;3;4;1;6;1;6;5;4;7;8;3;0;1;2;5;8;1;0;1;0;1;6;3;4;5;0;3;0;1;2;7;8;7;6;7;2;7;2;3;2;7;0;3;6;9;0;1;8;1;2;9;0;9;8;3;8;5;0;3;0;7;6;3;2;7;8;9;6;9;8;3;0;9;2;7;4;7;0;9;6;9;8;7;8;7;4;7;4;1;4;3;8;3;2;3;6;5;2;1;2;9;8;5;4;7;8;3;8;3;4;7;6;7;8;1;0;7;8;5;2;5;6;5;6;3;6;3;0;3;6;3;4;9;0;1;2;7;2;1;4;3;0;7;0;1;4;7;6;7;0;7;2;3;2;3;8;1;2;1;0;1;4;7;0;1;8;5;0;1;4;9;6;1;0;7;2;1;0;1;8;7;4;5;0;5;2;7;2;9;0;7;6;5;2;9;6;5;2;5;4;1;0;7;4;5;4;9;2;9;6;5;4;1;8;7;4;7;8;5;8;9;2;7;4;5;2;9;6;7;0;7;0;1;0;5;8;9;0;9;8;9;2;5;4;9;6;7;6;3;8;5;6;3;0;1;4;7;4;7;8;1;2;1;8;7;6;7;0;3;4;3;8;7;0;5;4;3;6;1;2;1;6;3;4;3;4;7;6;7;4;9;8;1;0;7;4;1;0;5;4;1;0;1;4;9;0;1;6;9;6;9;2;3;4;1;0;3;6;9;6;1;8;5;4;5;6;9;6;1;2;1;8;5;0;1;2;1;6;3;8;9;0;3;0;3;6;1;6;5;4;9;6;1;6;5;2;5;6;9;2;5;0;5;8;3;2;9;2;5;4;3;2;9;2;1;0;1;8;5;0;3;6;5;4;1;6;1;0;9;2;3;4;7;8;1;6;7;4;5;6;3;6;5;4;5;8;3;6;9;0;7;4;7;2;9;2;3;8;9;8;7;0;9;6;7;0;7;4;3;2;5;2;9;2;1;2;1;4;9;0;9;2;7;0;1;2;3;0;9;6;3;0;7;0;5;0;5;8;9;4;9;8;5;2;1;2;1;0;7;8;9;8;9;2;9;4;9;2;5;6;9;0;9;0;5;8;1;6;9;8;5;4;1;4;3;6;1;6;9;4;1;0;9;6;7;6;7;4;3;6;7;6;9;4;9;2;7;4;9;2;9;8;5;4;7;6;9;8;7;4;9;2;1;6;3;6;9;4;7;6;9;6;1;8;3;4;1;8;7;8;9;0;9;4;3;2;9;0;5;6;7;4;9;8;3;2;7;6;3;8;5;4;7;6;3;4;5;4;9;6;9;2;3;0;7;6;3;8;1;4;1;2;7;6;3;2;3;8;9;2;5;8;5;2;7;8;7;8;1;4;3;8;9;0;1;4;5;6;5;0;5;6;3;0;3;6;3;0;7;6;9;6;9;0;1;0;7;2;1;8;9;2;9;2;3;4;3;0;3;8;1;2;5;8;7;4;1;0;7;2;9;4;9;8;9;8;1;2;1;0;5;2;1;6;5;0;7;0;9;2;7;2;7;2;9;6;1;2;7;0;1;4;1;8;1;4;5;2;7;4;3;4;1;0;3;6;9;2;9;6;1;0;5;8;3;4;1;6;3;0;1;6;7;6;5;0;7;0;3;4;5;4;9;2;9;4;7;8;9;0;1;8;7;8;3;0;9;4;5;2;5;2;5;6;9;4;3;0;9;4;1;2;9;8;9;6;3;0;3;8;7;2;7;4;7;6;7;4;9;8;3;4;5;2;3;8;5;0;5;2;9;4;9;0;5;2;5;4;9;2;5;6;7;6;7;4;5;0;1;0;9;4;1;2;1;0;5;4;5;2;1;8;9;8;7;4;3;0;1;2;5;2;9;6;1;8;5;0;7;2;7;2;1;8;3;0;7;6;7;6;7;0;9;6;7;2;1;0;5;4;1;0;5;8;7;2;5;4;1;2;1;2;1;2;7;8;7;4;9;0;3;2;5;4;7;8;7;6;1;2;5;4;7;0;5;0;7;2;9;6;3;6;1;8;3;8;3;2;7;6;5;0;5;2;9;6;9;4;3;8;1;2;5;0;3;0;3;6;5;0;1;6;1;6;5;2;1;2;9;0;3;8;9;0;5;0;5;2;5;2;1;8;5;0;7;0;3;2;5;2;9;8;9;6;3;2;1;8;9;8;1;6;1;4;5;4;5;8;1;8;5;8;5;6;1;4;3;2;3;2;1;4;1;2;9;4;5;8;9;2;1;0;9;2;1;4;3;2;1;8;5;2;5;8;5;0;9;6;7;0;9;4;1;6;7;4;3;0;3;0;1;6;9;8;1;6;5;6;3;8;5;8;5;8;7;0;1;2;3;4;7;0;7;2;3;4;3;2;5;0;1;2;1;8;9;4;1;8;9;8;5;6;3;4;1;4;5;4;5;0;3;2;9;2;5;4;5;8;7;6;3;8;3;0;3;4;5;4;1;4;7;2;3;8;5;0;7;8;9;2;9;6;1;6;1;0;9;0;9;2;1;4;5;8;3;4;3;6;3;4;9;0;1;2;9;6;3;8;7;8;7;4;9;2;5;6;9;4;3;4;7;4;9;2;3;6;1;2;9;4;9;4;7;2;3;6;1;2;7;0;7;8;9;4;9;8;7;2;9;0;3;0;3;4;7;8;5;0;1;2;1;4;3;8;7;2;3;2;5;0;5;8;5;2;5;4;1;6;9;0;9;8;7;2;3;6;7;8;7;0;1;8;9;0;9;2;5;0;3;8;3;0;7;4;9;2;9;2;9;8;3;6;3;6;1;6;3;0;3;0;1;8;9;4;9;2;9;4;7;8;9;0;1;0;9;8;9;2;9;4;9;6;1;2;9;2;5;0;5;6;5;6;5;8;7;8;1;6;1;6;9;6;1;8;5;0;7;0;7;8;9;6;9;4;1;8;5;6;9;8;5;2;7;2;7;6;9;0;3;2;5;2;5;8;7;4;5;8;7;0;7;2;7;6;7;2;5;4;1;6;1;6;9;6;5;6;7;8;5;4;1;4;1;0;1;6;1;0;9;2;3;6;3;0;1;8;5;4;5;2;9;4;3;0;7;8;3;6;3;6;5;6;5;2;5;0;3;0;9;4;3;4;9;0;5;6;9;8;3;6;7;2;3;0;7;2;7;8;3;8;9;2;9;6;7;6;3;2;3;6;5;4;7;4;7;6;7;8;9;0;9;8;7;0;5;2;3;8;5;8;9;8;9;8;5;4;5;4;3;6;9;4;3;6;7;0;1;2;1;8;1;8;3;8;9;0;5;2;3;8;7;4;9;4;9;0;3;8;5;4;9;8;5;0;5;2;7;2;9;0;9;6;7;6;5;8;1;6;9;2;5;8;5;2;5;6;7;0;7;0;5;8;3;0;1;6;3;2;9;6;1;0;1;2;5;8;3;2;1;6;7;2;9;6;1;0;7;4;9;2;1;4;5;4;9;4;9;4;5;6;9;8;7;2;5;0;3;6;7;8;5;0;1;4;3;0;5;8;3;0;7;0;7;2;9;4;9;0;9;4;5;0;3;2;3;0;5;0;7;8;7;8;3;2;3;2;1;2;3;2;1;6;3;8;1;2;3;8;5;6;5;6;7;6;9;8;9;0;9;6;1;2;7;0;7;6;7;4;1;0;1;0;5;6;9;2;1;0;3;4;3;4;1;8;1;8;3;2;9;4;5;0;5;6;3;0;3;4;7;6;7;2;9;8;3;6;1;8;5;8;5;8;7;0;5;0;5;6;1;2;7;0;7;2;9;8;1;4;5;6;5;0;3;6;1;4;9;2;5;8;9;2;1;8;3;2;7;4;3;6;9;4;1;8;3;0;9;4;7;6;5;6;5;8;3;0;1;6;5;0;1;4;9;6;3;6;7;2;3;2;9;4;9;0;9;0;1;2;3;6;3;8;5;2;1;6;5;8;9;4;7;0;7;4;5;4;9;4;7;2;5;2;1;4;9;2;7;4;3;8;7 out=4;7;7;8;12;17;19;22;24;25;33;36;42;43;47;50;52;53;53;62;64;73;73;76;76;79;87;96;104;113;113;120;122;125;129;130;132;135;143;144;148;149;149;158;166;171;171;172;180;187;195;200;200;205;209;218;220;221;225;226;226;233;237;244;252;259;267;272;274;275;281;282;284;289;293;296;304;313;315;316;316;319;321;324;324;329;333;334;336;341;347;348;350;353;361;366;372;377;385;388;390;393;395;402;402;409;413;418;424;427;431;438;446;447;455;456;456;457;457;466;472;473;475;482;484;491;493;500;502;505;513;514;522;525;533;534;542;551;553;558;564;573;579;580;582;583;585;592;600;609;613;618;620;625;627;630;638;643;643;646;650;653;657;660;666;675;677;682;688;695;699;702;706;707;713;716;720;727;735;738;740;747;753;756;758;765;771;772;774;775;775;778;784;785;789;794;802;805;807;816;820;827;831;834;840;845;849;858;866;867;871;874;876;881;889;894;894;899;903;908;910;919;925;928;930;937;941;950;952;961;967;972;978;985;993;998;998;1007;1013;1014;1022;1025;1033;1042;1044;1049;1049;1054;1058;1061;1067;1072;1078;1087;1095;1096;1096;1097;1105;1112;1118;1121;1127;1136;1142;1143;1145;1148;1154;1161;1169;1172;1174;1181;1183;1190;1190;1197;1205;1206;1208;1209;1211;1214;1216;1225;1225;1226;1234;1235;1241;1242;1242;1249;1257;1258;1262;1265;1265;1270;1272;1275;1277;1278;1284;1289;1297;1300;1304;1311;1313;1318;1326;1333;1337;1344;1352;1353;1355;1364;1370;1371;1375;1378;1378;1385;1393;1398;1400;1403;1405;1406;1406;1413;1419;1422;1426;1433;1435;1436;1442;1443;1449;1456;1462;1467;1471;1478;1486;1491;1491;1500;1502;1509;1517;1518;1522;1529;1531;1532;1534;1535;1535;1544;1546;1549;1553;1554;1556;1561;1561;1568;1572;1579;1581;1584;1590;1595;1597;1598;1600;1609;1615;1618;1618;1619;1619;1622;1626;1627;1629;1630;1634;1639;1641;1648;1650;1655;1657;1662;1668;1671;1673;1676;1678;1679;1683;1684;1692;1693;1693;1696;1700;1703;1707;1710;1710;1713;1717;1726;1730;1731;1739;1742;1748;1749;1755;1762;1766;1775;1781;1784;1790;1799;1805;1808;1810;1815;1821;1828;1834;1835;1837;1838;1844;1853;1859;1860;1868;1869;1871;1876;1880;1883;1889;1894;1894;1895;1895;1896;1900;1905;1909;1914;1914;1919;1919;1924;1924;1925;1927;1934;1940;1943;1951;1960;1968;1971;1979;1984;1992;1997;1997;2002;2002;2009;2011;2014;2020;2023;2023;2030;2030;2039;2041;2048;2056;2059;2065;2068;2076;2077;2081;2086;2086;2089;2091;2092;2094;2099;2101;2106;2112;2121;2121;2128;2134;2137;2137;2144;2150;2151;2155;2158;2166;2171;2177;2182;2188;2191;2199;2200;2200;2203;2205;2206;2212;2217;2217;2218;2226;2235;2243;2244;2252;2255;2263;2266;2274;2281;2285;2294;2302;2309;2311;2320;2328;2331;2335;2340;2348;2357;2357;2362;2364;2367;2373;2378;2382;2391;2391;2392;2398;2403;2409;2418;2424;2429;2437;2442;2446;2453;2459;2466;2466;2467;2469;2478;2482;2491;2497;2506;2512;2521;2523;2530;2534;2541;2545;2546;2554;2563;2563;2564;2568;2569;2573;2578;2582;2591;2597;2604;2608;2613;2619;2620;2622;2625;2627;2636;2644;2653;2659;2664;2668;2669;2669;2676;2678;2685;2685;2690;2690;2699;2701;2710;2712;2715;2721;2724;2732;2739;2745;2746;2752;2757;2759;2764;2768;2777;2779;2784;2786;2793;2797;2806;2808;2811;2811;2818;2824;2829;2833;2836;2840;2849;2851;2860;2868;2875;2883;2892;2898;2903;2911;2916;2918;2923;2925;2926;2932;2935;2937;2946;2952;2957;2957;2966;2970;2979;2979;2986;2994;2995;3001;3006;3014;3019;3023;3030;3038;3041;3049;3056;3058;3065;3065;3074;3080;3085;3093;3102;3108;3109;3111;3116;3120;3123;3127;3136;3142;3145;3147;3152;3158;3159;3165;3174;3180;3189;3193;3194;3196;3199;3203;3212;3212;3215;3223;3224;3228;3231;3237;3246;3246;3249;3249;3256;3258;3259;3259;3262;3268;3271;3277;3286;3294;3295;3295;3298;3304;3305;3309;3314;3320;3321;3329;3334;3342;3351;3351;3352;3352;3355;3359;3360;3360;3367;3367;3368;3370;3375;3379;3388;3396;3399;3405;3412;3418;3427;3435;3444;3452;3457;3461;3468;3470;3477;3479;3486;3492;3495;3503;3504;3506;3515;3523;3526;3526;3531;3531;3532;3536;3543;3545;3550;3554;3561;3563;3566;3570;3573;3575;3582;3586;3589;3597;3598;3600;3603;3603;3610;3618;3627;3635;3636;3638;3641;3643;3652;3656;3657;3659;3662;3668;3675;3681;3686;3688;3697;3705;3708;3708;3713;3719;3726;3726;3731;3733;3742;3748;3749;3753;3754;3754;3761;3761;3764;3766;3769;3771;3778;3784;3793;3801;3810;3814;3815;3819;3828;3830;3831;3839;3842;3844;3851;3855;3860;3864;3871;3873;3880;3888;3889;3895;3900;3900;3901;3907;3908;3908;3915;3917;3922;3926;3929;3929;3932;3940;3949;3949;3956;3962;3971;3973;3976;3982;3985;3991;3992;4000;4009;4015;4018;4026;4031;4033;4034;4034;4043;4045;4054;4058;4061;4061;4062;4066;4069;4069;4070;4074;4075;4077;4084;4084;4087;4093;4100;4104;4111;4111;4118;4120;4121;4123;4124;4130;4135;4141;4142;4146;4153;4161;4168;4174;4181;4183;4188;4192;4201;4209;4210;4218;4221;4227;4228;4234;4239;4241;4248;4256;4263;4271;4274;4282;4287;4293;4302;4304;4307;4315;4318;4322;4331;4333;4340;4344;4351;4355;4358;4364;4373;4373;4380;4380;4387;4387;4388;4396;4397;4401;4404;4412;4415;4419;4420;4420;4427;4435;4440;4442;4447;4455;4462;4464;4469;4473;4482;4484;4493;4497;4498;4500;4507;4513;4522;4522;4531;4539;4546;4554;4557;4565;4568;4576;4579;4581;4584;4590;4591;4595;4604;4612;4621;4627;4628;4628;4637;4639;4642;4644;4653;4661;4668;4676;4683;4685;4688;4694;4701;4701;4710;4716;4719;4727;4732;4736;4745;4753;4758;4764;4769;4771;4778;4778;4779;4781;4784;4790;4795;4795;4798;4804;4807;4813;4816;4818;4821;4821;4830;4832;4833;4835;4844;4852;4855;4863;4864;4870;4875;4883;4888;4892;4901;4905;4912;4912;4915;4921;4930;4934;4935;4937;4938;4942;4945;4949;4952;4952;4957;4963;4972;4974;4975;4981;4984;4986;4993;4999;5002;5002;5007;5015;5020;5024;5033;5039;5040;5046;5051;5059;5062;5064;5069;5073;5082;5082;5089;5091;5092;5092;5099;5101;5102;5110;5117;5121;5130;5134;5137;5141;5150;5156;5161;5163;5170;5172;5173;5181;5186;5186;5187;5187;5188;5194;5199;5201;5206;5206;5215;5221;5228;5234;5239;5243;5248;5256;5263;5263;5268;5272;5281;5281;5284;5290;5295;5303;5308;5314;5321;5321;5324;5326;5331;5333;5340;5342;5347;5349;5352;5356;5357;5363;5364;5370;5375;5379;5386;5394;5397;5397;5398;5400;5405;5413;5414;5414;5415;5415;5416;5422;5425;5429;5434;5434;5437;5437;5438;5440;5447;5455;5462;5468;5475;5477;5484;5486;5489;5491;5498;5498;5501;5507;5516;5516;5517;5525;5526;5528;5537;5537;5546;5554;5557;5565;5570;5570;5573;5573;5580;5586;5589;5591;5598;5606;5615;5621;5630;5638;5641;5641;5650;5652;5659;5663;5670;5670;5679;5685;5694;5702;5709;5717;5724;5728;5735;5739;5740;5744;5747;5755;5758;5760;5763;5769;5774;5776;5777;5779;5788;5796;5801;5805;5812;5820;5823;5831;5834;5838;5845;5851;5858;5866;5867;5867;5874;5882;5887;5889;5894;5900;5905;5911;5914;5920;5923;5923;5926;5932;5935;5939;5948;5948;5949;5951;5958;5960;5961;5965;5968;5968;5975;5975;5976;5980;5987;5993;6000;6000;6007;6009;6012;6014;6017;6025;6026;6028;6029;6029;6030;6034;6041;6041;6042;6050;6055;6055;6056;6060;6069;6075;6076;6076;6083;6085;6086;6086;6087;6095;6102;6106;6111;6111;6116;6118;6125;6127;6136;6136;6143;6149;6154;6156;6165;6171;6176;6178;6183;6187;6188;6188;6195;6199;6204;6208;6217;6219;6228;6234;6239;6243;6244;6252;6259;6263;6270;6278;6283;6291;6300;6302;6309;6313;6318;6320;6329;6335;6342;6342;6349;6349;6350;6350;6355;6363;6372;6372;6381;6389;6398;6400;6405;6409;6418;6424;6431;6437;6440;6448;6453;6459;6462;6462;6463;6467;6474;6478;6485;6493;6494;6496;6497;6505;6512;6518;6525;6525;6528;6532;6535;6543;6550;6550;6555;6559;6562;6568;6569;6571;6572;6578;6581;6585;6588;6592;6599;6605;6612;6616;6625;6633;6634;6634;6641;6645;6646;6646;6651;6655;6656;6656;6657;6661;6670;6670;6671;6677;6686;6692;6701;6703;6706;6710;6711;6711;6714;6720;6729;6735;6736;6744;6749;6753;6758;6764;6773;6779;6780;6782;6783;6791;6796;6796;6797;6799;6800;6806;6809;6817;6826;6826;6829;6829;6832;6838;6839;6845;6850;6854;6863;6869;6870;6876;6881;6883;6888;6894;6903;6905;6910;6910;6915;6923;6926;6928;6937;6939;6944;6948;6951;6953;6962;6964;6965;6965;6966;6974;6979;6979;6982;6988;6993;6997;6998;7004;7005;7005;7014;7016;7019;7023;7030;7038;7039;7045;7052;7056;7061;7067;7070;7076;7081;7085;7090;7098;7101;7107;7116;7116;7123;7127;7134;7136;7145;7147;7150;7158;7167;7175;7182;7182;7191;7197;7204;7204;7211;7215;7218;7220;7225;7227;7236;7238;7239;7241;7242;7246;7255;7255;7264;7266;7273;7273;7274;7276;7279;7279;7288;7294;7297;7297;7304;7304;7309;7309;7314;7322;7331;7335;7344;7352;7357;7359;7360;7362;7363;7363;7370;7378;7387;7395;7404;7406;7415;7419;7428;7430;7435;7441;7450;7450;7459;7459;7464;7472;7473;7479;7488;7496;7501;7505;7506;7510;7513;7519;7520;7526;7535;7539;7540;7540;7549;7555;7562;7568;7575;7579;7582;7588;7595;7601;7610;7614;7623;7625;7632;7636;7645;7647;7656;7664;7669;7673;7680;7686;7695;7703;7710;7714;7723;7725;7726;7732;7735;7741;7750;7754;7761;7767;7776;7782;7783;7791;7794;7798;7799;7807;7814;7822;7831;7831;7840;7844;7847;7849;7858;7858;7863;7869;7876;7880;7889;7897;7900;7902;7909;7915;7918;7926;7931;7935;7942;7948;7951;7955;7960;7964;7973;7979;7988;7990;7993;7993;8000;8006;8009;8017;8018;8022;8023;8025;8032;8038;8041;8043;8046;8054;8063;8065;8070;8078;8083;8085;8092;8100;8107;8115;8116;8120;8123;8131;8140;8140;8141;8145;8150;8156;8161;8161;8166;8172;8175;8175;8178;8184;8187;8187;8194;8200;8209;8215;8224;8224;8225;8225;8232;8234;8235;8243;8252;8254;8263;8265;8268;8272;8275;8275;8278;8286;8287;8289;8294;8302;8309;8313;8314;8314;8321;8323;8332;8336;8345;8353;8362;8370;8371;8373;8374;8374;8379;8381;8382;8388;8393;8393;8400;8400;8409;8411;8418;8420;8427;8429;8438;8444;8445;8447;8454;8454;8455;8459;8460;8468;8469;8473;8478;8480;8487;8491;8494;8498;8499;8499;8502;8508;8517;8519;8528;8534;8535;8535;8540;8548;8551;8555;8556;8562;8565;8565;8566;8572;8579;8585;8590;8590;8597;8597;8600;8604;8609;8613;8622;8624;8633;8637;8644;8652;8661;8661;8662;8670;8677;8685;8688;8688;8697;8701;8706;8708;8713;8715;8720;8726;8735;8739;8742;8742;8751;8755;8756;8758;8767;8775;8784;8790;8793;8793;8796;8804;8811;8813;8820;8824;8831;8837;8844;8848;8857;8865;8868;8872;8877;8879;8882;8890;8895;8895;8900;8902;8911;8915;8924;8924;8929;8931;8936;8940;8949;8951;8956;8962;8969;8975;8982;8986;8991;8991;8992;8992;9001;9005;9006;9008;9009;9009;9014;9018;9023;9025;9026;9034;9043;9051;9058;9062;9065;9065;9066;9068;9073;9075;9084;9090;9091;9099;9104;9104;9111;9113;9120;9122;9123;9131;9134;9134;9141;9147;9154;9160;9167;9167;9176;9182;9189;9191;9192;9192;9197;9201;9202;9202;9207;9215;9222;9224;9229;9233;9234;9236;9237;9239;9240;9242;9249;9257;9264;9268;9277;9277;9280;9282;9287;9291;9298;9306;9313;9319;9320;9322;9327;9331;9338;9338;9343;9343;9350;9352;9361;9367;9370;9376;9377;9385;9388;9396;9399;9401;9408;9414;9419;9419;9424;9426;9435;9441;9450;9454;9457;9465;9466;9468;9473;9473;9476;9476;9479;9485;9490;9490;9491;9497;9498;9504;9509;9511;9512;9514;9523;9523;9526;9534;9543;9543;9548;9548;9553;9555;9560;9562;9563;9571;9576;9576;9583;9583;9586;9588;9593;9595;9604;9612;9621;9627;9630;9632;9633;9641;9650;9658;9659;9665;9666;9670;9675;9679;9684;9692;9693;9701;9706;9714;9719;9725;9726;9730;9733;9735;9738;9740;9741;9745;9746;9748;9757;9761;9766;9774;9783;9785;9786;9786;9795;9797;9798;9802;9805;9807;9808;9816;9821;9823;9828;9836;9841;9841;9850;9856;9863;9863;9872;9876;9877;9883;9890;9894;9897;9897;9900;9900;9901;9907;9916;9924;9925;9931;9936;9942;9945;9953;9958;9966;9971;9979;9986;9986;9987;9989;9992;9996;10003;10003;10010;10012;10015;10019;10022;10024;10029;10029;10030;10032;10033;10041;10050;10054;10055;10063;10072;10080;10085;10091;10094;10098;10099;10103;10108;10112;10117;10117;10120;10122;10131;10133;10138;10142;10147;10155;10162;10168;10171;10179;10182;10182;10185;10189;10194;10198;10199;10203;10210;10212;10215;10223;10228;10228;10235;10243;10252;10254;10263;10269;10270;10276;10277;10277;10286;10286;10295;10297;10298;10302;10307;10315;10318;10322;10325;10331;10334;10338;10347;10347;10348;10350;10359;10365;10368;10376;10383;10391;10398;10402;10411;10413;10418;10424;10433;10437;10440;10444;10451;10455;10464;10466;10469;10475;10476;10478;10487;10491;10500;10504;10511;10513;10516;10522;10523;10525;10532;10532;10539;10547;10556;10560;10569;10577;10584;10586;10595;10595;10598;10598;10601;10605;10612;10620;10625;10625;10626;10628;10629;10633;10636;10644;10651;10653;10656;10658;10663;10663;10668;10676;10681;10683;10688;10692;10693;10699;10708;10708;10717;10725;10732;10734;10737;10743;10750;10758;10765;10765;10766;10774;10783;10783;10792;10794;10799;10799;10802;10810;10813;10813;10820;10824;10833;10835;10844;10846;10855;10863;10866;10872;10875;10881;10882;10888;10891;10891;10894;10894;10895;10903;10912;10916;10925;10927;10936;10940;10947;10955;10964;10964;10965;10965;10974;10982;10991;10993;11002;11006;11015;11021;11022;11024;11033;11035;11040;11040;11045;11051;11056;11062;11067;11075;11082;11090;11091;11097;11098;11104;11113;11119;11120;11128;11133;11133;11140;11140;11147;11155;11164;11170;11179;11183;11184;11192;11197;11203;11212;11220;11225;11227;11234;11236;11243;11249;11258;11258;11261;11263;11268;11270;11275;11283;11290;11294;11299;11307;11314;11314;11321;11323;11330;11336;11343;11345;11350;11354;11355;11361;11362;11368;11377;11383;11388;11394;11401;11409;11414;11418;11419;11423;11424;11424;11425;11431;11432;11432;11441;11443;11446;11452;11455;11455;11456;11464;11469;11473;11478;11480;11489;11493;11496;11496;11503;11511;11514;11520;11523;11529;11534;11540;11545;11547;11552;11552;11555;11555;11564;11568;11571;11575;11584;11584;11589;11595;11604;11612;11615;11621;11628;11630;11633;11633;11640;11642;11649;11657;11660;11668;11677;11679;11688;11694;11701;11707;11710;11712;11715;11721;11726;11730;11737;11741;11748;11754;11761;11769;11778;11778;11787;11795;11802;11802;11807;11809;11812;11820;11825;11833;11842;11850;11859;11867;11872;11876;11881;11885;11888;11894;11903;11907;11910;11916;11923;11923;11924;11926;11927;11935;11936;11944;11947;11955;11964;11964;11969;11971;11974;11982;11989;11993;12002;12006;12015;12015;12018;12026;12031;12035;12044;12052;12057;12057;12062;12064;12071;12073;12082;12082;12091;12097;12104;12110;12115;12123;12124;12130;12139;12141;12146;12154;12159;12161;12166;12172;12179;12179;12186;12186;12191;12199;12202;12202;12203;12209;12212;12214;12223;12229;12230;12230;12231;12233;12238;12246;12249;12251;12252;12258;12265;12267;12276;12282;12283;12283;12290;12294;12303;12305;12306;12310;12315;12319;12328;12332;12341;12345;12350;12356;12365;12373;12380;12382;12387;12387;12390;12396;12403;12411;12416;12416;12417;12421;12424;12424;12429;12437;12440;12440;12447;12447;12454;12456;12465;12469;12478;12478;12487;12491;12496;12496;12499;12501;12504;12504;12509;12509;12516;12524;12531;12539;12542;12544;12547;12549;12550;12552;12555;12557;12558;12564;12567;12575;12576;12578;12581;12589;12594;12600;12605;12611;12618;12624;12633;12641;12650;12650;12659;12665;12666;12668;12675;12675;12682;12688;12695;12699;12700;12700;12701;12701;12706;12712;12721;12723;12724;12724;12727;12731;12734;12738;12739;12747;12748;12756;12759;12761;12770;12774;12779;12779;12784;12790;12793;12793;12796;12800;12807;12813;12820;12822;12831;12839;12842;12848;12849;12857;12862;12870;12875;12883;12890;12890;12895;12895;12900;12906;12907;12909;12916;12916;12923;12925;12934;12942;12943;12947;12952;12958;12963;12963;12966;12972;12973;12977;12986;12988;12993;13001;13010;13012;13013;13021;13024;13026;13033;13037;13040;13046;13055;13059;13060;13068;13071;13071;13080;13084;13091;13097;13102;13108;13113;13121;13124;13124;13125;13131;13136;13136;13137;13141;13150;13156;13159;13165;13172;13174;13177;13179;13188;13192;13201;13201;13210;13210;13211;13213;13216;13222;13225;13233;13238;13240;13241;13247;13252;13260;13269;13273;13280;13280;13287;13291;13296;13300;13309;13313;13320;13322;13327;13329;13330;13334;13343;13345;13352;13356;13359;13367;13374
PSUMG name=u64_n3000 dtype=u64 n=3000 in=396;255;222;977;224;963;786;653;852;663;222;265;120;163;130;597;596;7;126;937;520;227;978;437;116;31;6;17;416;619;618;437;476;623;790;497;776;267;642;877;500;375;214;209;432;323;778;781;588;191;126;113;64;83;130;453;348;111;534;25;760;955;626;765;140;423;286;929;152;235;930;717;564;863;974;801;296;691;394;173;508;231;822;649;368;11;882;685;68;151;262;545;48;483;338;309;692;7;382;577;592;115;874;117;364;263;358;737;480;635;546;389;68;663;222;193;584;3;354;741;180;999;854;793;136;843;690;117;548;799;662;489;568;107;490;589;388;191;838;809;632;419;890;613;684;799;246;841;152;115;514;333;348;335;646;729;816;979;466;453;476;999;790;401;432;659;290;157;124;631;262;89;280;315;986;541;828;79;542;673;744;891;418;445;588;559;590;945;760;435;242;445;4;935;990;441;472;171;634;357;172;103;94;449;592;491;834;381;84;719;670;457;560;939;674;869;380;199;366;833;224;59;442;437;68;63;566;369;208;51;674;293;540;847;822;41;264;771;578;909;740;63;918;353;88;59;682;965;612;911;566;361;344;299;986;933;364;911;734;41;744;899;410;229;292;583;198;409;224;579;210;413;548;879;190;857;48;59;42;957;524;127;510;649;544;851;938;5;644;839;86;649;712;971;986;645;548;455;350;137;984;587;866;45;260;711;358;209;40;643;442;581;468;407;782;745;424;771;506;885;364;631;182;73;384;179;42;237;892;87;78;497;992;827;882;821;740;935;374;633;600;171;770;789;204;87;638;145;576;307;746;725;92;847;902;585;560;627;362;861;260;175;94;801;224;523;330;973;908;999;398;745;496;603;410;397;548;575;358;977;64;67;506;133;156;823;150;793;272;779;226;293;996;895;838;401;592;555;186;893;796;775;318;497;376;851;890;381;76;463;838;761;592;555;834;989;588;23;742;697;488;347;410;765;556;199;366;633;888;459;218;893;140;319;342;585;176;427;530;637;68;63;294;409;448;227;570;333;476;39;574;985;408;995;834;429;452;167;758;929;840;963;338;741;732;759;294;689;8;147;850;573;268;519;318;817;96;843;698;69;372;887;806;33;464;987;914;949;252;599;62;57;56;803;306;829;828;647;374;881;976;75;514;757;772;47;766;273;288;115;402;317;828;711;622;905;320;243;562;205;932;831;646;121;80;667;674;653;36;719;398;921;656;283;682;29;436;343;166;753;8;3;306;357;564;79;822;409;576;579;834;237;580;919;198;617;336;843;842;629;76;431;502;257;616;35;306;685;524;527;70;273;472;771;234;37;948;39;582;337;712;115;282;5;636;47;78;433;480;867;706;389;372;367;198;81;304;307;538;589;356;199;294;537;480;635;802;69;460;415;342;873;792;923;954;277;300;527;966;89;104;283;954;373;108;591;910;569;696;619;970;821;716;679;30;937;712;59;474;29;340;455;566;537;760;379;42;37;884;95;510;201;32;531;122;237;876;239;790;937;408;795;746;621;36;823;86;609;784;515;506;653;180;535;390;593;848;755;234;837;700;615;734;721;320;707;890;205;324;575;254;89;584;611;98;445;564;855;294;321;544;19;650;245;36;159;566;289;168;627;714;37;524;431;574;289;256;155;434;661;212;991;94;673;304;795;810;613;252;479;454;937;72;595;858;973;668;607;518;265;712;875;810;917;188;607;342;937;64;875;426;853;652;655;70;321;528;675;754;309;460;527;686;305;680;867;522;517;596;583;694;201;760;979;346;213;932;39;670;681;144;763;330;597;220;511;558;705;800;531;706;933;308;607;782;313;616;355;882;125;44;271;806;761;472;667;290;285;700;695;510;281;888;19;810;517;492;631;662;889;248;595;530;693;972;399;854;889;8;939;970;853;348;279;590;353;592;675;106;301;900;375;782;537;216;795;674;805;212;159;750;273;880;51;290;717;684;767;334;353;216;395;666;325;252;343;102;73;96;635;106;941;996;599;430;881;928;547;522;869;420;71;566;297;640;683;842;645;140;295;974;9;888;451;698;381;204;975;70;353;840;483;394;157;156;719;14;193;760;627;802;277;676;767;766;89;352;579;538;333;36;399;846;201;848;491;234;21;412;815;486;721;320;459;922;5;12;511;118;633;384;43;458;461;188;775;86;169;776;427;578;149;180;215;342;313;856;795;290;109;492;927;70;337;208;699;434;165;196;879;294;809;0;403;226;421;276;399;878;393;552;867;306;973;788;63;526;121;608;947;378;77;468;503;806;401;760;643;170;125;156;503;118;961;40;915;42;317;20;367;110;657;552;787;858;253;484;335;782;385;328;483;154;517;420;511;406;857;520;387;218;237;692;487;430;721;576;443;986;525;852;887;478;897;936;435;570;949;948;551;814;257;824;539;66;589;540;47;142;985;208;219;810;421;716;767;94;113;152;747;930;637;316;591;294;737;40;251;570;885;620;7;294;577;136;203;466;613;372;983;366;401;832;139;970;405;844;351;998;441;304;243;242;53;364;591;190;841;488;683;482;453;644;423;918;225;592;219;794;125;572;615;694;465;928;43;274;189;100;23;942;809;448;595;490;445;4;71;118;209;784;779;778;501;276;703;350;769;696;875;338;525;204;719;766;873;968;427;90;229;972;399;454;305;232;475;34;941;4;695;406;937;368;187;74;149;180;119;574;169;888;115;178;77;36;495;838;361;8;443;226;253;596;167;678;353;536;747;378;941;836;903;294;753;208;507;778;677;372;775;598;17;192;483;946;909;948;623;542;705;984;491;746;93;924;791;430;121;824;283;522;653;732;911;398;777;208;643;146;581;684;551;46;1;512;827;714;365;524;207;478;721;416;275;98;557;612;215;494;113;496;555;314;149;684;63;654;817;856;747;930;517;300;751;862;497;336;595;402;949;460;127;862;209;56;747;986;557;724;159;678;225;776;339;746;421;740;775;262;73;168;275;378;709;812;807;366;569;88;835;370;381;156;39;638;361;888;867;850;573;84;415;758;689;232;659;602;621;652;943;854;729;800;635;530;597;572;279;142;617;368;899;882;597;124;431;14;113;184;491;682;653;220;607;830;129;904;139;218;413;988;943;270;713;232;835;922;77;340;799;798;785;64;739;290;45;580;159;870;681;744;779;266;301;772;783;310;505;176;411;666;29;316;871;78;289;936;835;290;669;284;183;262;553;944;259;146;389;796;263;110;25;600;139;882;589;84;767;638;169;552;3;274;565;316;303;462;113;208;195;458;701;276;967;78;793;64;667;794;101;860;207;254;497;720;987;306;157;260;215;870;809;232;99;106;925;724;591;334;825;336;779;450;365;300;167;166;713;656;67;74;925;860;231;142;81;304;635;458;453;164;799;734;153;888;779;778;637;36;863;814;809;80;403;786;717;396;223;766;561;240;219;674;117;644;351;638;505;432;699;754;493;12;79;630;673;832;779;346;333;804;375;454;137;544;483;130;733;12;55;382;273;864;835;722;741;820;359;222;833;472;395;754;453;132;983;574;121;256;435;418;917;340;807;70;217;656;35;938;845;4;655;246;177;864;875;898;133;52;879;398;225;672;243;218;77;260;919;254;345;232;35;338;101;308;671;798;849;984;379;218;405;636;847;558;289;104;603;322;141;412;255;990;769;160;11;346;621;836;423;734;529;472;467;354;517;836;199;798;225;272;787;66;573;580;527;134;313;736;235;962;773;28;959;790;1;352;123;186;205;764;807;990;249;512;275;506;605;460;103;846;817;200;483;778;781;916;719;166;641;440;587;930;605;140;943;910;793;192;603;930;517;300;455;670;417;880;547;978;725;68;871;94;545;32;587;146;917;428;575;462;57;480;427;186;77;340;583;486;57;912;723;914;53;812;935;150;633;928;731;450;397;660;415;310;665;264;227;754;789;716;671;854;33;56;827;778;789;36;679;622;41;272;763;26;525;372;183;14;241;648;171;98;653;644;831;582;769;624;131;34;717;28;63;142;377;896;403;10;613;636;215;742;33;968;547;890;213;812;671;278;921;560;515;946;797;836;583;318;193;424;275;562;885;428;879;798;993;16;835;922;877;660;543;590;65;928;907;682;557;372;591;870;41;768;659;106;589;108;967;302;609;856;643;58;989;332;79;262;417;608;291;106;477;332;847;582;153;312;275;370;509;700;263;742;9;312;507;242;709;388;703;582;729;48;115;738;293;268;343;294;577;504;651;594;821;340;735;102;353;512;331;770;293;500;783;166;625;112;859;810;645;68;639;230;953;360;523;18;221;820;535;30;89;416;691;266;885;76;295;558;409;856;59;490;237;884;727;734;673;968;467;466;805;892;47;934;73;384;3;754;117;980;591;518;313;936;491;498;805;988;687;622;809;200;99;338;293;428;743;710;329;968;387;602;757;716;679;406;217;296;995;946;133;796;871;534;241;592;731;810;933;284;551;46;673;40;283;210;869;4;959;622;457;80;627;514;285;100;63;30;553;152;131;146;285;428;919;118;257;496;43;218;133;932;951;142;217;48;155;906;293;4;927;78;313;208;443;642;37;364;799;806;289;296;755;994;509;388;999;334;785;288;363;882;837;604;79;598;641;480;803;314;701;468;327;598;489;432;395;866;525;236;671;54;969;600;459;682;901;4;855;566;937;896;523;810;637;380;255;422;185;528;267;522;149;900;615;726;265;472;995;618;773;500;535;470;881;520;731;490;421;252;7;166;865;128;363;450;341;452;223;942;129;616;595;762;205;860;375;678;665;576;707;770;373;52;23;366;649;448;771;250;541;924;399;510;409;24;971;802;621;716;855;454;793;48;379;410;949;964;967;934;345;280;243;42;429;788;543;22;233;304;971;938;653;516;807;942;97;560;35;658;365;828;447;278;185;712;867;338;677;940;175;54;57;296;619;650;557;772;687;94;41;592;731;970;309;932;79;126;201;592;899;954;269;796;127;702;1;432;907;914;549;220;263;510;537;624;803;954;589;68;63;206;761;752;347;314;925;484;839;398;625;208;155;826;301;796;743;334;329;560;299;650;589;996;919;446;913;496;715;458;573;500;111;950;473;104;123;730;133;892;191;62;17;784;699;498;885;4;975;454;241;384;443;906;333;516;959;678;353;24;523;514;717;300;399;942;649;552;611;474;77;284;15;94;713;224;675;746;717;4;927;662;905;72;395;834;237;436;975;694;9;256;51;266;797;108;919;766;97;880;611;946;765;196;263;790;89;664;235;138;301;492;479;526;121;80;107;434;213;172;687;246;777;472;75;410;749;324;791;678;665;160;283;394;421;220;71;118;505;528;723;738;709;220;991;638;433;392;835;850;93;196;591;814;241;832;915;378;429;52;559;550;889;992;331;210;133;60;647;310;769;120;195;754;173;348;543;206;73;224;139;370;221;388;255;494;673;784;251;506;149;804;895;982;345;560;115;578;149;124;623;678;617;624;251;594;493;740;399;462;609;80;827;482;453;36;431;702;33;656;363;218;493;204;951;486;649;984;243;234;989;228;815;446;585;512;795;106;981;724;543;606;353;992;659;762;565;836;295;526;673;656;427;138;853;228;599;598;105;912;979;706;629;948;759;862;193;784;683;986;813;332;143;862;953;928;699;338;141;892;95;374;281;280;627;34;189;964;543;878;705;928;835;314;613;564;119;494;945;376;75;74;381;356;735;718;97;88;259;130;981;716;911;974;289;904;395;170;325;908;911;150;481;848;275;578;997;468;39;582;145;456;675;706;237;644;39;390;809;904;955;554;101;524;599;22;761;488;115;602;893;612;959;262;857;720;67;162;405;460;87;630;377;776;547;714;853;100;847;6;209;688;355;522;29;996;87;238;857;224;475;938;149;684;367;382;889;528;227;874;621;44;255;222;969;968;3;74;861;740;79;422;697;392;627;90;805;516;487;662;721;184;763;874;805;196;943;646;81;784;75;370;997;484;15;502;585;248;955;906;757;988;783;110;473;496;243;810;389;228;279;302;537;80;867;306;789;220;975;214;569;584;883;98;341;100;615;694;281;416;267;882;901;620;79;510;665;712;571;730;901;980;479;838;881;800;979;922;245;292;471;862;529;312;523;354;437;324;431;934;449;152;459;410;869;876;919;790;145;688;987;690;325;732;471;270;17;168;539;610;533;4;271;390;881;528;819;578;173;644;911;382;873;424;947;98;101;52;31;382;529;952;115;82;509;500;119;566;193;240;643;50;469;652;639;918;529;728;195;354;357;252;335;222;673;728;451;754;197;148;863;390;361;968;531;386;517;708;415;70;753;304;987;66;141;996;615;534;417;640;731;114;605;100;55;902;361;144;643;570;29;628;47;238;985;728;115;282;277;836;127;390;729;584;867;330;797;852;719;998;529;576;755;786;805;604;903;542;785;336;795;994;573;660;639;670;377;160;995;242;877;828;447;158;785;184;883;658;901;740;543;38;889;80;195;738;5;828;135;934;537;200;483;914;429;820;823;454;553;128;603;938;973;276;47;974;385;440;883;362;781;940;159;758;857;280;635;890;765;948;487;542;193;512;531;714;653;444;855;974;273;320;619;834;437;588;671;814;273;624;371;250;277;844;63;174;537;184;259;602;861;252;415;94;369;688;67;274;869;924;471;934;281;416;731;186;949;876;247;214;937;888;99;274;445;196;231;382;665;384;851;434;285;28;207;694;73;320;523;970;565;708;535;62;9;976;171;154;757;12;71;142;201;616;771;530;205;500;711;38;73;408;499;34;541;28;279;766;297;936;875;970;93;356;335;702;985;736;531;986;973;276;623;126;281;480;747;962;341;668;31;526;577;960;187;306;645 out=396;651;873;1850;2074;3037;3823;4476;5328;5991;6213;6478;6598;6761;6891;7488;8084;8091;8217;9154;9674;9901;10879;11316;11432;11463;11469;11486;11902;12521;13139;13576;14052;14675;15465;15962;16738;17005;17647;18524;19024;19399;19613;19822;20254;20577;21355;22136;22724;22915;23041;23154;23218;23301;23431;23884;24232;24343;24877;24902;25662;26617;27243;28008;28148;28571;28857;29786;29938;30173;31103;31820;32384;33247;34221;35022;35318;36009;36403;36576;37084;37315;38137;38786;39154;39165;40047;40732;40800;40951;41213;41758;41806;42289;42627;42936;43628;43635;44017;44594;45186;45301;46175;46292;46656;46919;47277;48014;48494;49129;49675;50064;50132;50795;51017;51210;51794;51797;52151;52892;53072;54071;54925;55718;55854;56697;57387;57504;58052;58851;59513;60002;60570;60677;61167;61756;62144;62335;63173;63982;64614;65033;65923;66536;67220;68019;68265;69106;69258;69373;69887;70220;70568;70903;71549;72278;73094;74073;74539;74992;75468;76467;77257;77658;78090;78749;79039;79196;79320;79951;80213;80302;80582;80897;81883;82424;83252;83331;83873;84546;85290;86181;86599;87044;87632;88191;88781;89726;90486;90921;91163;91608;91612;92547;93537;93978;94450;94621;95255;95612;95784;95887;95981;96430;97022;97513;98347;98728;98812;99531;100201;100658;101218;102157;102831;103700;104080;104279;104645;105478;105702;105761;106203;106640;106708;106771;107337;107706;107914;107965;108639;108932;109472;110319;111141;111182;111446;112217;112795;113704;114444;114507;115425;115778;115866;115925;116607;117572;118184;119095;119661;120022;120366;120665;121651;122584;122948;123859;124593;124634;125378;126277;126687;126916;127208;127791;127989;128398;128622;129201;129411;129824;130372;131251;131441;132298;132346;132405;132447;133404;133928;134055;134565;135214;135758;136609;137547;137552;138196;139035;139121;139770;140482;141453;142439;143084;143632;144087;144437;144574;145558;146145;147011;147056;147316;148027;148385;148594;148634;149277;149719;150300;150768;151175;151957;152702;153126;153897;154403;155288;155652;156283;156465;156538;156922;157101;157143;157380;158272;158359;158437;158934;159926;160753;161635;162456;163196;164131;164505;165138;165738;165909;166679;167468;167672;167759;168397;168542;169118;169425;170171;170896;170988;171835;172737;173322;173882;174509;174871;175732;175992;176167;176261;177062;177286;177809;178139;179112;180020;181019;181417;182162;182658;183261;183671;184068;184616;185191;185549;186526;186590;186657;187163;187296;187452;188275;188425;189218;189490;190269;190495;190788;191784;192679;193517;193918;194510;195065;195251;196144;196940;197715;198033;198530;198906;199757;200647;201028;201104;201567;202405;203166;203758;204313;205147;206136;206724;206747;207489;208186;208674;209021;209431;210196;210752;210951;211317;211950;212838;213297;213515;214408;214548;214867;215209;215794;215970;216397;216927;217564;217632;217695;217989;218398;218846;219073;219643;219976;220452;220491;221065;222050;222458;223453;224287;224716;225168;225335;226093;227022;227862;228825;229163;229904;230636;231395;231689;232378;232386;232533;233383;233956;234224;234743;235061;235878;235974;236817;237515;237584;237956;238843;239649;239682;240146;241133;242047;242996;243248;243847;243909;243966;244022;244825;245131;245960;246788;247435;247809;248690;249666;249741;250255;251012;251784;251831;252597;252870;253158;253273;253675;253992;254820;255531;256153;257058;257378;257621;258183;258388;259320;260151;260797;260918;260998;261665;262339;262992;263028;263747;264145;265066;265722;266005;266687;266716;267152;267495;267661;268414;268422;268425;268731;269088;269652;269731;270553;270962;271538;272117;272951;273188;273768;274687;274885;275502;275838;276681;277523;278152;278228;278659;279161;279418;280034;280069;280375;281060;281584;282111;282181;282454;282926;283697;283931;283968;284916;284955;285537;285874;286586;286701;286983;286988;287624;287671;287749;288182;288662;289529;290235;290624;290996;291363;291561;291642;291946;292253;292791;293380;293736;293935;294229;294766;295246;295881;296683;296752;297212;297627;297969;298842;299634;300557;301511;301788;302088;302615;303581;303670;303774;304057;305011;305384;305492;306083;306993;307562;308258;308877;309847;310668;311384;312063;312093;313030;313742;313801;314275;314304;314644;315099;315665;316202;316962;317341;317383;317420;318304;318399;318909;319110;319142;319673;319795;320032;320908;321147;321937;322874;323282;324077;324823;325444;325480;326303;326389;326998;327782;328297;328803;329456;329636;330171;330561;331154;332002;332757;332991;333828;334528;335143;335877;336598;336918;337625;338515;338720;339044;339619;339873;339962;340546;341157;341255;341700;342264;343119;343413;343734;344278;344297;344947;345192;345228;345387;345953;346242;346410;347037;347751;347788;348312;348743;349317;349606;349862;350017;350451;351112;351324;352315;352409;353082;353386;354181;354991;355604;355856;356335;356789;357726;357798;358393;359251;360224;360892;361499;362017;362282;362994;363869;364679;365596;365784;366391;366733;367670;367734;368609;369035;369888;370540;371195;371265;371586;372114;372789;373543;373852;374312;374839;375525;375830;376510;377377;377899;378416;379012;379595;380289;380490;381250;382229;382575;382788;383720;383759;384429;385110;385254;386017;386347;386944;387164;387675;388233;388938;389738;390269;390975;391908;392216;392823;393605;393918;394534;394889;395771;395896;395940;396211;397017;397778;398250;398917;399207;399492;400192;400887;401397;401678;402566;402585;403395;403912;404404;405035;405697;406586;406834;407429;407959;408652;409624;410023;410877;411766;411774;412713;413683;414536;414884;415163;415753;416106;416698;417373;417479;417780;418680;419055;419837;420374;420590;421385;422059;422864;423076;423235;423985;424258;425138;425189;425479;426196;426880;427647;427981;428334;428550;428945;429611;429936;430188;430531;430633;430706;430802;431437;431543;432484;433480;434079;434509;435390;436318;436865;437387;438256;438676;438747;439313;439610;440250;440933;441775;442420;442560;442855;443829;443838;444726;445177;445875;446256;446460;447435;447505;447858;448698;449181;449575;449732;449888;450607;450621;450814;451574;452201;453003;453280;453956;454723;455489;455578;455930;456509;457047;457380;457416;457815;458661;458862;459710;460201;460435;460456;460868;461683;462169;462890;463210;463669;464591;464596;464608;465119;465237;465870;466254;466297;466755;467216;467404;468179;468265;468434;469210;469637;470215;470364;470544;470759;471101;471414;472270;473065;473355;473464;473956;474883;474953;475290;475498;476197;476631;476796;476992;477871;478165;478974;478974;479377;479603;480024;480300;480699;481577;481970;482522;483389;483695;484668;485456;485519;486045;486166;486774;487721;488099;488176;488644;489147;489953;490354;491114;491757;491927;492052;492208;492711;492829;493790;493830;494745;494787;495104;495124;495491;495601;496258;496810;497597;498455;498708;499192;499527;500309;500694;501022;501505;501659;502176;502596;503107;503513;504370;504890;505277;505495;505732;506424;506911;507341;508062;508638;509081;510067;510592;511444;512331;512809;513706;514642;515077;515647;516596;517544;518095;518909;519166;519990;520529;520595;521184;521724;521771;521913;522898;523106;523325;524135;524556;525272;526039;526133;526246;526398;527145;528075;528712;529028;529619;529913;530650;530690;530941;531511;532396;533016;533023;533317;533894;534030;534233;534699;535312;535684;536667;537033;537434;538266;538405;539375;539780;540624;540975;541973;542414;542718;542961;543203;543256;543620;544211;544401;545242;545730;546413;546895;547348;547992;548415;549333;549558;550150;550369;551163;551288;551860;552475;553169;553634;554562;554605;554879;555068;555168;555191;556133;556942;557390;557985;558475;558920;558924;558995;559113;559322;560106;560885;561663;562164;562440;563143;563493;564262;564958;565833;566171;566696;566900;567619;568385;569258;570226;570653;570743;570972;571944;572343;572797;573102;573334;573809;573843;574784;574788;575483;575889;576826;577194;577381;577455;577604;577784;577903;578477;578646;579534;579649;579827;579904;579940;580435;581273;581634;581642;582085;582311;582564;583160;583327;584005;584358;584894;585641;586019;586960;587796;588699;588993;589746;589954;590461;591239;591916;592288;593063;593661;593678;593870;594353;595299;596208;597156;597779;598321;599026;600010;600501;601247;601340;602264;603055;603485;603606;604430;604713;605235;605888;606620;607531;607929;608706;608914;609557;609703;610284;610968;611519;611565;611566;612078;612905;613619;613984;614508;614715;615193;615914;616330;616605;616703;617260;617872;618087;618581;618694;619190;619745;620059;620208;620892;620955;621609;622426;623282;624029;624959;625476;625776;626527;627389;627886;628222;628817;629219;630168;630628;630755;631617;631826;631882;632629;633615;634172;634896;635055;635733;635958;636734;637073;637819;638240;638980;639755;640017;640090;640258;640533;640911;641620;642432;643239;643605;644174;644262;645097;645467;645848;646004;646043;646681;647042;647930;648797;649647;650220;650304;650719;651477;652166;652398;653057;653659;654280;654932;655875;656729;657458;658258;658893;659423;660020;660592;660871;661013;661630;661998;662897;663779;664376;664500;664931;664945;665058;665242;665733;666415;667068;667288;667895;668725;668854;669758;669897;670115;670528;671516;672459;672729;673442;673674;674509;675431;675508;675848;676647;677445;678230;678294;679033;679323;679368;679948;680107;680977;681658;682402;683181;683447;683748;684520;685303;685613;686118;686294;686705;687371;687400;687716;688587;688665;688954;689890;690725;691015;691684;691968;692151;692413;692966;693910;694169;694315;694704;695500;695763;695873;695898;696498;696637;697519;698108;698192;698959;699597;699766;700318;700321;700595;701160;701476;701779;702241;702354;702562;702757;703215;703916;704192;705159;705237;706030;706094;706761;707555;707656;708516;708723;708977;709474;710194;711181;711487;711644;711904;712119;712989;713798;714030;714129;714235;715160;715884;716475;716809;717634;717970;718749;719199;719564;719864;720031;720197;720910;721566;721633;721707;722632;723492;723723;723865;723946;724250;724885;725343;725796;725960;726759;727493;727646;728534;729313;730091;730728;730764;731627;732441;733250;733330;733733;734519;735236;735632;735855;736621;737182;737422;737641;738315;738432;739076;739427;740065;740570;741002;741701;742455;742948;742960;743039;743669;744342;745174;745953;746299;746632;747436;747811;748265;748402;748946;749429;749559;750292;750304;750359;750741;751014;751878;752713;753435;754176;754996;755355;755577;756410;756882;757277;758031;758484;758616;759599;760173;760294;760550;760985;761403;762320;762660;763467;763537;763754;764410;764445;765383;766228;766232;766887;767133;767310;768174;769049;769947;770080;770132;771011;771409;771634;772306;772549;772767;772844;773104;774023;774277;774622;774854;774889;775227;775328;775636;776307;777105;777954;778938;779317;779535;779940;780576;781423;781981;782270;782374;782977;783299;783440;783852;784107;785097;785866;786026;786037;786383;787004;787840;788263;788997;789526;789998;790465;790819;791336;792172;792371;793169;793394;793666;794453;794519;795092;795672;796199;796333;796646;797382;797617;798579;799352;799380;800339;801129;801130;801482;801605;801791;801996;802760;803567;804557;804806;805318;805593;806099;806704;807164;807267;808113;808930;809130;809613;810391;811172;812088;812807;812973;813614;814054;814641;815571;816176;816316;817259;818169;818962;819154;819757;820687;821204;821504;821959;822629;823046;823926;824473;825451;826176;826244;827115;827209;827754;827786;828373;828519;829436;829864;830439;830901;830958;831438;831865;832051;832128;832468;833051;833537;833594;834506;835229;836143;836196;837008;837943;838093;838726;839654;840385;840835;841232;841892;842307;842617;843282;843546;843773;844527;845316;846032;846703;847557;847590;847646;848473;849251;850040;850076;850755;851377;851418;851690;852453;852479;853004;853376;853559;853573;853814;854462;854633;854731;855384;856028;856859;857441;858210;858834;858965;858999;859716;859744;859807;859949;860326;861222;861625;861635;862248;862884;863099;863841;863874;864842;865389;866279;866492;867304;867975;868253;869174;869734;870249;871195;871992;872828;873411;873729;873922;874346;874621;875183;876068;876496;877375;878173;879166;879182;880017;880939;881816;882476;883019;883609;883674;884602;885509;886191;886748;887120;887711;888581;888622;889390;890049;890155;890744;890852;891819;892121;892730;893586;894229;894287;895276;895608;895687;895949;896366;896974;897265;897371;897848;898180;899027;899609;899762;900074;900349;900719;901228;901928;902191;902933;902942;903254;903761;904003;904712;905100;905803;906385;907114;907162;907277;908015;908308;908576;908919;909213;909790;910294;910945;911539;912360;912700;913435;913537;913890;914402;914733;915503;915796;916296;917079;917245;917870;917982;918841;919651;920296;920364;921003;921233;922186;922546;923069;923087;923308;924128;924663;924693;924782;925198;925889;926155;927040;927116;927411;927969;928378;929234;929293;929783;930020;930904;931631;932365;933038;934006;934473;934939;935744;936636;936683;937617;937690;938074;938077;938831;938948;939928;940519;941037;941350;942286;942777;943275;944080;945068;945755;946377;947186;947386;947485;947823;948116;948544;949287;949997;950326;951294;951681;952283;953040;953756;954435;954841;955058;955354;956349;957295;957428;958224;959095;959629;959870;960462;961193;962003;962936;963220;963771;963817;964490;964530;964813;965023;965892;965896;966855;967477;967934;968014;968641;969155;969440;969540;969603;969633;970186;970338;970469;970615;970900;971328;972247;972365;972622;973118;973161;973379;973512;974444;975395;975537;975754;975802;975957;976863;977156;977160;978087;978165;978478;978686;979129;979771;979808;980172;980971;981777;982066;982362;983117;984111;984620;985008;986007;986341;987126;987414;987777;988659;989496;990100;990179;990777;991418;991898;992701;993015;993716;994184;994511;995109;995598;996030;996425;997291;997816;998052;998723;998777;999746;1000346;1000805;1001487;1002388;1002392;1003247;1003813;1004750;1005646;1006169;1006979;1007616;1007996;1008251;1008673;1008858;1009386;1009653;1010175;1010324;1011224;1011839;1012565;1012830;1013302;1014297;1014915;1015688;1016188;1016723;1017193;1018074;1018594;1019325;1019815;1020236;1020488;1020495;1020661;1021526;1021654;1022017;1022467;1022808;1023260;1023483;1024425;1024554;1025170;1025765;1026527;1026732;1027592;1027967;1028645;1029310;1029886;1030593;1031363;1031736;1031788;1031811;1032177;1032826;1033274;1034045;1034295;1034836;1035760;1036159;1036669;1037078;1037102;1038073;1038875;1039496;1040212;1041067;1041521;1042314;1042362;1042741;1043151;1044100;1045064;1046031;1046965;1047310;1047590;1047833;1047875;1048304;1049092;1049635;1049657;1049890;1050194;1051165;1052103;1052756;1053272;1054079;1055021;1055118;1055678;1055713;1056371;1056736;1057564;1058011;1058289;1058474;1059186;1060053;1060391;1061068;1062008;1062183;1062237;1062294;1062590;1063209;1063859;1064416;1065188;1065875;1065969;1066010;1066602;1067333;1068303;1068612;1069544;1069623;1069749;1069950;1070542;1071441;1072395;1072664;1073460;1073587;1074289;1074290;1074722;1075629;1076543;1077092;1077312;1077575;1078085;1078622;1079246;1080049;1081003;1081592;1081660;1081723;1081929;1082690;1083442;1083789;1084103;1085028;1085512;1086351;1086749;1087374;1087582;1087737;1088563;1088864;1089660;1090403;1090737;1091066;1091626;1091925;1092575;1093164;1094160;1095079;1095525;1096438;1096934;1097649;1098107;1098680;1099180;1099291;1100241;1100714;1100818;1100941;1101671;1101804;1102696;1102887;1102949;1102966;1103750;1104449;1104947;1105832;1105836;1106811;1107265;1107506;1107890;1108333;1109239;1109572;1110088;1111047;1111725;1112078;1112102;1112625;1113139;1113856;1114156;1114555;1115497;1116146;1116698;1117309;1117783;1117860;1118144;1118159;1118253;1118966;1119190;1119865;1120611;1121328;1121332;1122259;1122921;1123826;1123898;1124293;1125127;1125364;1125800;1126775;1127469;1127478;1127734;1127785;1128051;1128848;1128956;1129875;1130641;1130738;1131618;1132229;1133175;1133940;1134136;1134399;1135189;1135278;1135942;1136177;1136315;1136616;1137108;1137587;1138113;1138234;1138314;1138421;1138855;1139068;1139240;1139927;1140173;1140950;1141422;1141497;1141907;1142656;1142980;1143771;1144449;1145114;1145274;1145557;1145951;1146372;1146592;1146663;1146781;1147286;1147814;1148537;1149275;1149984;1150204;1151195;1151833;1152266;1152658;1153493;1154343;1154436;1154632;1155223;1156037;1156278;1157110;1158025;1158403;1158832;1158884;1159443;1159993;1160882;1161874;1162205;1162415;1162548;1162608;1163255;1163565;1164334;1164454;1164649;1165403;1165576;1165924;1166467;1166673;1166746;1166970;1167109;1167479;1167700;1168088;1168343;1168837;1169510;1170294;1170545;1171051;1171200;1172004;1172899;1173881;1174226;1174786;1174901;1175479;1175628;1175752;1176375;1177053;1177670;1178294;1178545;1179139;1179632;1180372;1180771;1181233;1181842;1181922;1182749;1183231;1183684;1183720;1184151;1184853;1184886;1185542;1185905;1186123;1186616;1186820;1187771;1188257;1188906;1189890;1190133;1190367;1191356;1191584;1192399;1192845;1193430;1193942;1194737;1194843;1195824;1196548;1197091;1197697;1198050;1199042;1199701;1200463;1201028;1201864;1202159;1202685;1203358;1204014;1204441;1204579;1205432;1205660;1206259;1206857;1206962;1207874;1208853;1209559;1210188;1211136;1211895;1212757;1212950;1213734;1214417;1215403;1216216;1216548;1216691;1217553;1218506;1219434;1220133;1220471;1220612;1221504;1221599;1221973;1222254;1222534;1223161;1223195;1223384;1224348;1224891;1225769;1226474;1227402;1228237;1228551;1229164;1229728;1229847;1230341;1231286;1231662;1231737;1231811;1232192;1232548;1233283;1234001;1234098;1234186;1234445;1234575;1235556;1236272;1237183;1238157;1238446;1239350;1239745;1239915;1240240;1241148;1242059;1242209;1242690;1243538;1243813;1244391;1245388;1245856;1245895;1246477;1246622;1247078;1247753;1248459;1248696;1249340;1249379;1249769;1250578;1251482;1252437;1252991;1253092;1253616;1254215;1254237;1254998;1255486;1255601;1256203;1257096;1257708;1258667;1258929;1259786;1260506;1260573;1260735;1261140;1261600;1261687;1262317;1262694;1263470;1264017;1264731;1265584;1265684;1266531;1266537;1266746;1267434;1267789;1268311;1268340;1269336;1269423;1269661;1270518;1270742;1271217;1272155;1272304;1272988;1273355;1273737;1274626;1275154;1275381;1276255;1276876;1276920;1277175;1277397;1278366;1279334;1279337;1279411;1280272;1281012;1281091;1281513;1282210;1282602;1283229;1283319;1284124;1284640;1285127;1285789;1286510;1286694;1287457;1288331;1289136;1289332;1290275;1290921;1291002;1291786;1291861;1292231;1293228;1293712;1293727;1294229;1294814;1295062;1296017;1296923;1297680;1298668;1299451;1299561;1300034;1300530;1300773;1301583;1301972;1302200;1302479;1302781;1303318;1303398;1304265;1304571;1305360;1305580;1306555;1306769;1307338;1307922;1308805;1308903;1309244;1309344;1309959;1310653;1310934;1311350;1311617;1312499;1313400;1314020;1314099;1314609;1315274;1315986;1316557;1317287;1318188;1319168;1319647;1320485;1321366;1322166;1323145;1324067;1324312;1324604;1325075;1325937;1326466;1326778;1327301;1327655;1328092;1328416;1328847;1329781;1330230;1330382;1330841;1331251;1332120;1332996;1333915;1334705;1334850;1335538;1336525;1337215;1337540;1338272;1338743;1339013;1339030;1339198;1339737;1340347;1340880;1340884;1341155;1341545;1342426;1342954;1343773;1344351;1344524;1345168;1346079;1346461;1347334;1347758;1348705;1348803;1348904;1348956;1348987;1349369;1349898;1350850;1350965;1351047;1351556;1352056;1352175;1352741;1352934;1353174;1353817;1353867;1354336;1354988;1355627;1356545;1357074;1357802;1357997;1358351;1358708;1358960;1359295;1359517;1360190;1360918;1361369;1362123;1362320;1362468;1363331;1363721;1364082;1365050;1365581;1365967;1366484;1367192;1367607;1367677;1368430;1368734;1369721;1369787;1369928;1370924;1371539;1372073;1372490;1373130;1373861;1373975;1374580;1374680;1374735;1375637;1375998;1376142;1376785;1377355;1377384;1378012;1378059;1378297;1379282;1380010;1380125;1380407;1380684;1381520;1381647;1382037;1382766;1383350;1384217;1384547;1385344;1386196;1386915;1387913;1388442;1389018;1389773;1390559;1391364;1391968;1392871;1393413;1394198;1394534;1395329;1396323;1396896;1397556;1398195;1398865;1399242;1399402;1400397;1400639;1401516;1402344;1402791;1402949;1403734;1403918;1404801;1405459;1406360;1407100;1407643;1407681;1408570;1408650;1408845;1409583;1409588;1410416;1410551;1411485;1412022;1412222;1412705;1413619;1414048;1414868;1415691;1416145;1416698;1416826;1417429;1418367;1419340;1419616;1419663;1420637;1421022;1421462;1422345;1422707;1423488;1424428;1424587;1425345;1426202;1426482;1427117;1428007;1428772;1429720;1430207;1430749;1430942;1431454;1431985;1432699;1433352;1433796;1434651;1435625;1435898;1436218;1436837;1437671;1438108;1438696;1439367;1440181;1440454;1441078;1441449;1441699;1441976;1442820;1442883;1443057;1443594;1443778;1444037;1444639;1445500;1445752;1446167;1446261;1446630;1447318;1447385;1447659;1448528;1449452;1449923;1450857;1451138;1451554;1452285;1452471;1453420;1454296;1454543;1454757;1455694;1456582;1456681;1456955;1457400;1457596;1457827;1458209;1458874;1459258;1460109;1460543;1460828;1460856;1461063;1461757;1461830;1462150;1462673;1463643;1464208;1464916;1465451;1465513;1465522;1466498;1466669;1466823;1467580;1467592;1467663;1467805;1468006;1468622;1469393;1469923;1470128;1470628;1471339;1471377;1471450;1471858;1472357;1472391;1472932;1472960;1473239;1474005;1474302;1475238;1476113;1477083;1477176;1477532;1477867;1478569;1479554;1480290;1480821;1481807;1482780;1483056;1483679;1483805;1484086;1484566;1485313;1486275;1486616;1487284;1487315;1487841;1488418;1489378;1489565;1489871;1490516
