tree
version=v4
num_class=1
num_tree_per_iteration=1
label_index=0
max_feature_idx=11
objective=regression
feature_names=Column_0 Column_1 Column_2 Column_3 Column_4 Column_5 Column_6 Column_7 Column_8 Column_9 Column_10 Column_11
feature_infos=[0:31] [0:31] [0:31] [0:31] [0:31] [0:31] [0:31] [0:31] [0:31] [0:31] [0:31] [0:31]
tree_sizes=2600 2770 2776 2776 2779 2788 2797 2798 2800 2789 2810 2794 2824 2817 2816 2834 2845 2850 2853 2868 2882 2870 2867 2880 2873 2878 2896 2890 2898 2904 2896 2900 2913 2919 2930 2935 2931 2939 2942 2945 2953 2951 2958 2945 2960 2957 2952 2960 2964 2962 2951 2953 2955 2967 2974 2963 2962 2963 2956 2959 2959 2960 2966 2970 2975 2966 2962 2960 2959 2964 2955 2964 2974 2951 2965 2967 2967 2972 2953 2967 2972 2970 2958 2952 2963 2974 2974 2974 2970 2968 2958 2954 2941 2969 2989 2981 2976 2974 2982 2991

Tree=0
num_leaves=31
num_cat=0
split_feature=4 9 8 2 3 3 7 0 1 11 3 5 3 9 6 1 11 0 0 0 8 1 4 1 0 0 0 0 0 0
split_gain=217.553 160.715 42.3285 40.0783 40.4135 36.3552 24.2888 10.1552 8.75649 7.00696 4.91547 4.63489 5.58854 4.35516 6.31666 4.1777 3.44158 3.95054 3.34845 3.34845 2.83678 1.81794 1.2664 0.220416 0.1116 0.0654175 0.0487999 0.0124 0.0122992 0.00682613
threshold=19.500000000000004 28.500000000000004 2.5000000000000004 1.5000000000000002 9.5000000000000018 1.5000000000000002 1.5000000000000002 15.500000000000002 29.500000000000004 19.500000000000004 23.500000000000004 11.500000000000002 18.500000000000004 26.500000000000004 30.500000000000004 1.0000000180025095e-35 26.500000000000004 1.5000000000000002 14.500000000000002 27.500000000000004 29.500000000000004 16.500000000000004 12.500000000000002 7.5000000000000009 28.500000000000004 19.500000000000004 29.500000000000004 21.500000000000004 9.5000000000000018 25.500000000000004
decision_type=2 2 2 2 2 2 2 2 2 2 2 2 2 2 2 2 2 2 2 2 2 2 2 2 2 2 2 2 2 2
left_child=1 2 15 10 -5 19 29 18 9 13 -4 -8 16 14 20 -1 24 -18 -3 -2 22 -14 23 -6 -13 -24 -19 -27 -17 -7
right_child=5 7 3 4 8 6 11 -9 -10 -11 -12 12 21 -15 -16 28 17 26 -20 -21 -22 -23 25 -25 -26 27 -28 -29 -30 -31
leaf_value=5.0099319510459903 5.091931968212128 5.1429319434165954 5.0122600909620525 5.0198015147983162 5.0759319357872013 5.1290448602707155 5.1521859024550229 5.208931975841522 5.1359319739341736 5.1268290014797273 5.0519319586753841 5.1639319472312923 5.1859319739341734 5.1094278979435925 5.1179319428578021 5.0409319453239441 5.1619319491386415 5.194931941509247 5.1759319357872009 5.1249319598376752 5.1029319338798524 5.2094462365422931 5.0819319777488712 5.0675627115322994 5.1579319529533389 5.0849319510459896 5.1909319453239444 5.0869319491386413 5.0429319434165958 5.1275668544963242
leaf_weight=61 62 62 64 69 61 62 63 62 62 68 61 62 62 123 61 61 62 61 61 61 61 70 61 65 62 62 61 62 62 63
leaf_count=61 62 62 64 69 61 62 63 62 62 68 61 62 62 123 61 61 62 61 61 61 61 70 61 65 62 62 61 62 62 63
internal_value=5.11548 5.08991 5.07495 5.08407 5.09275 5.15801 5.16775 5.17593 5.10009 5.09653 5.03162 5.17755 5.18119 5.09282 5.08811 5.03133 5.17381 5.18249 5.1593 5.1083 5.08321 5.1984 5.07935 5.07161 5.16093 5.08461 5.19293 5.08593 5.04194 5.1283
internal_weight=2000 1249 1064 880 755 751 628 185 686 624 125 503 440 556 433 184 308 184 123 123 372 132 311 126 124 185 122 124 123 125
internal_count=2000 1249 1064 880 755 751 628 185 686 624 125 503 440 556 433 184 308 184 123 123 372 132 311 126 124 185 122 124 123 125
is_linear=0
shrinkage=1


Tree=1
num_leaves=31
num_cat=0
split_feature=4 9 8 2 3 3 7 0 1 11 3 5 3 9 6 1 11 0 0 0 8 0 4 1 0 0 0 0 0 0
split_gain=176.218 130.179 34.2861 32.4634 32.7349 29.4477 19.6739 8.22568 7.09275 5.67564 3.98153 3.75426 4.52671 3.52768 5.1165 3.38394 2.78768 3.19994 2.71225 2.71225 2.29779 1.7931 1.02579 0.178537 0.0903959 0.0529882 0.0395279 0.010044 0.00996235 0.00552916
threshold=19.500000000000004 28.500000000000004 2.5000000000000004 1.5000000000000002 9.5000000000000018 1.5000000000000002 1.5000000000000002 15.500000000000002 29.500000000000004 19.500000000000004 23.500000000000004 11.500000000000002 18.500000000000004 26.500000000000004 30.500000000000004 1.0000000180025095e-35 26.500000000000004 1.5000000000000002 14.500000000000002 27.500000000000004 29.500000000000004 25.500000000000004 12.500000000000002 7.5000000000000009 28.500000000000004 19.500000000000004 29.500000000000004 21.500000000000004 9.5000000000000018 25.500000000000004
decision_type=2 2 2 2 2 2 2 2 2 2 2 2 2 2 2 2 2 2 2 2 2 2 2 2 2 2 2 2 2 2
left_child=1 2 15 10 -5 19 29 18 9 13 -4 -8 16 14 20 -1 24 -18 -3 -2 22 -14 23 -6 -13 -24 -19 -27 -17 -7
right_child=5 7 3 4 8 6 11 -9 -10 -11 -12 12 21 -15 -16 28 17 26 -20 -21 -22 -23 25 -25 -26 27 -28 -29 -30 -31
leaf_value=-0.094993197917938241 -0.021193185448646547 0.024706792831420899 -0.092897873744368559 -0.086110592233961905 -0.03559321463108063 0.012208417442537124 0.033035354032402951 0.084106820821762088 0.018406820297241212 0.010214144703658189 -0.057193195819854742 0.043606796860694887 0.085432693740011945 -0.0054468481763591614 0.0022067923098802568 -0.067093205451965329 0.041806796193122865 0.071506792306900033 0.054406785964965822 0.0085068076848983775 -0.011293216049671173 0.062055367231369021 -0.030193176865577698 -0.043125515167529771 0.038206800818443298 -0.027493199706077578 0.067906796932220459 -0.025693202018737794 -0.065293204784393308 0.010878213305795005
leaf_weight=61 62 62 64 69 61 62 63 62 62 68 61 62 71 123 61 61 62 61 61 61 61 61 61 65 62 62 61 62 62 63
leaf_count=61 62 62 64 69 61 62 63 62 62 68 61 62 71 123 61 61 62 61 61 61 61 61 61 65 62 62 61 62 62 63
internal_value=3.12366e-10 -0.023017 -0.0364788 -0.0282705 -0.0204553 0.0382799 0.0470434 0.0544068 -0.0138515 -0.0170567 -0.075474 0.0558668 0.0591359 -0.0203919 -0.0246373 -0.0757361 0.0524958 0.0603057 0.0394361 -0.00646392 -0.0290392 0.0746295 -0.0325199 -0.0394789 0.0409068 -0.0277802 0.0697068 -0.0265932 -0.0661859 0.011538
internal_weight=2000 1249 1064 880 755 751 628 185 686 624 125 503 440 556 433 184 308 184 123 123 372 132 311 126 124 185 122 124 123 125
internal_count=2000 1249 1064 880 755 751 628 185 686 624 125 503 440 556 433 184 308 184 123 123 372 132 311 126 124 185 122 124 123 125
is_linear=0
shrinkage=0.1


Tree=2
num_leaves=31
num_cat=0
split_feature=4 9 8 2 3 3 7 0 1 11 5 1 3 9 6 1 7 3 0 0 8 4 0 1 0 0 0 0 0 0
split_gain=142.736 105.445 27.7717 26.2954 26.5153 23.8526 15.9359 6.6628 5.74513 4.59727 3.2529 7.02691 3.22504 2.85742 4.14436 2.74099 2.64093 2.42707 2.19692 2.19692 1.86121 0.830888 0.194737 0.144615 0.13545 0.0429204 0.00813562 0.0080695 0.00447862 0.00307464
threshold=19.500000000000004 28.500000000000004 2.5000000000000004 1.5000000000000002 9.5000000000000018 1.5000000000000002 1.5000000000000002 15.500000000000002 29.500000000000004 19.500000000000004 20.500000000000004 25.500000000000004 23.500000000000004 26.500000000000004 30.500000000000004 1.0000000180025095e-35 25.500000000000004 2.5000000000000004 27.500000000000004 14.500000000000002 29.500000000000004 12.500000000000002 23.500000000000004 7.5000000000000009 29.500000000000004 19.500000000000004 21.500000000000004 9.5000000000000018 25.500000000000004 12.500000000000002
decision_type=2 2 2 2 2 2 2 2 2 2 2 2 2 2 2 2 2 2 2 2 2 2 2 2 2 2 2 2 2 2
left_child=1 2 15 12 -5 18 28 19 9 13 16 -12 -4 14 20 -1 22 -18 -2 -3 21 23 -8 -6 -19 -23 -27 -17 -7 -15
right_child=5 7 3 4 8 6 10 -9 -10 -11 11 -13 -14 29 -16 27 17 24 -20 -21 -22 25 -24 -25 -26 26 -28 -29 -30 -31
leaf_value=-0.085493880510330203 -0.019073866307735443 0.022236113250255585 -0.08360809031873942 -0.07749953304511914 -0.032033893465995791 0.010987575736738021 0.037626117467880249 0.07569614052772522 0.016566137969493865 0.0091927305713076814 0.085476169245583669 0.039246115088462832 -0.051473873853683474 -0.0053980860859155662 0.0019861131906509402 -0.060383886098861694 0.034386122226715089 0.055352681002965788 0.0076561272144317627 0.048966106772422795 -0.010163895040750505 -0.027173858880996705 0.029731820216254586 -0.038812964145953838 0.061116117238998416 -0.024743880331516269 -0.023123882710933685 -0.058763885498046876 0.0097903920307992002 -0.0043981108814477926
leaf_weight=61 62 62 64 69 61 62 62 62 62 68 70 62 61 62 61 61 62 123 61 61 61 61 63 65 61 62 62 62 63 61
leaf_count=61 62 62 64 69 61 62 62 62 62 68 70 62 61 62 61 61 62 123 61 61 61 61 63 65 61 62 62 62 63 61
internal_value=8.01869e-11 -0.0207153 -0.0328309 -0.0254434 -0.0184098 0.0344519 0.0423391 0.0489661 -0.0124664 -0.015351 0.0502802 0.0637621 -0.0679266 -0.0183527 -0.0221736 -0.0681625 0.0454834 0.0514976 -0.00581753 0.0354925 -0.0261353 -0.0292679 0.0336474 -0.035531 0.0572634 -0.0250022 -0.0239339 -0.0595673 0.0103842 -0.00490216
internal_weight=2000 1249 1064 880 755 751 628 185 686 624 503 132 125 556 433 184 371 246 123 123 372 311 125 126 184 185 124 123 125 123
internal_count=2000 1249 1064 880 755 751 628 185 686 624 503 132 125 556 433 184 371 246 123 123 372 311 125 126 184 185 124 123 125 123
is_linear=0
shrinkage=0.1


Tree=3
num_leaves=31
num_cat=0
split_feature=4 9 8 3 2 3 7 0 1 11 5 1 9 6 1 7 3 0 0 0 8 4 0 1 0 0 0 0 0 0
split_gain=115.616 85.4105 22.4951 21.5565 22.3794 19.3206 12.9081 5.39687 4.65356 3.72379 2.63485 5.6918 2.31451 3.35693 2.2202 2.13915 1.96593 1.7795 1.7795 1.52207 1.50758 0.673019 0.157737 0.117138 0.109715 0.0347655 0.00658987 0.00653625 0.00362769 0.00299101
threshold=19.500000000000004 28.500000000000004 2.5000000000000004 9.5000000000000018 1.5000000000000002 1.5000000000000002 1.5000000000000002 15.500000000000002 29.500000000000004 19.500000000000004 20.500000000000004 25.500000000000004 26.500000000000004 30.500000000000004 1.0000000180025095e-35 25.500000000000004 2.5000000000000004 27.500000000000004 14.500000000000002 18.500000000000004 29.500000000000004 12.500000000000002 23.500000000000004 7.5000000000000009 29.500000000000004 19.500000000000004 21.500000000000004 9.5000000000000018 25.500000000000004 25.500000000000004
decision_type=2 2 2 2 2 2 2 2 2 2 2 2 2 2 2 2 2 2 2 2 2 2 2 2 2 2 2 2 2 2
left_child=1 2 14 -4 19 17 28 18 9 12 15 -12 13 20 -1 22 -17 -2 -3 -5 21 23 -8 -6 29 -23 -27 -16 -7 -18
right_child=5 7 3 4 8 6 10 -9 -10 -11 11 -13 -14 -15 27 16 24 -19 -20 -21 -22 25 -24 -25 -26 26 -28 -29 -30 -31
leaf_value=-0.076944494247436532 -0.017166480422019958 0.020012502372264863 -0.075730590417351529 -0.068575406074523934 -0.028830504417419436 0.0098888184875249863 0.033863505721092223 0.068126523494720467 0.014909523725509645 0.0082734575837521869 0.076928553240639824 0.035321503877639771 -0.0044119470063748402 0.0017875017598271371 -0.054345494508743292 0.030947509407997134 0.049328282475471497 0.0068905144929885869 0.044069495797157292 -0.046326488256454468 -0.0091475054621696483 -0.024456472694873811 0.026758639183309341 -0.034931667630489056 0.055004501342773439 -0.022269493341445925 -0.02081149369478226 -0.052887499332427979 0.0088113522245770407 0.050314563512802127
leaf_weight=61 62 62 71 62 61 62 62 62 62 68 70 62 123 61 61 62 62 61 61 61 61 61 63 65 61 62 62 62 63 61
leaf_count=61 62 62 71 62 61 62 62 62 62 68 70 62 123 61 61 62 62 61 61 61 61 61 63 65 61 62 62 62 63 61
internal_value=-2.2226e-10 -0.0186438 -0.0295478 -0.0228991 -0.0182624 0.0310067 0.0381052 0.0440695 -0.0112197 -0.0138159 0.0452521 0.0573858 -0.0165175 -0.0199562 -0.0613463 0.040935 0.0463478 -0.00523578 0.0319432 -0.0575414 -0.0235217 -0.0263411 0.0302827 -0.0319779 0.051537 -0.022502 -0.0215405 -0.0536106 0.00934578 0.0498174
internal_weight=2000 1249 1064 880 809 751 628 185 686 624 503 132 556 433 184 371 246 123 123 123 372 311 125 126 184 185 124 123 125 123
internal_count=2000 1249 1064 880 809 751 628 185 686 624 503 132 556 433 184 371 246 123 123 123 372 311 125 126 184 185 124 123 125 123
is_linear=0
shrinkage=0.1


Tree=4
num_leaves=31
num_cat=0
split_feature=4 9 8 2 3 3 7 0 1 11 3 5 1 9 6 1 7 3 0 0 8 4 0 1 0 0 0 0 0 0
split_gain=93.6492 69.1825 18.221 17.585 17.0039 15.6497 10.4555 4.37146 3.76938 3.01627 2.22209 2.13422 4.61036 1.87475 2.71912 1.79836 1.73271 1.5924 1.4414 1.4414 1.22114 0.545146 0.127767 0.0948818 0.0888689 0.0281601 0.00533778 0.00529439 0.00293842 0.00249046
threshold=19.500000000000004 28.500000000000004 2.5000000000000004 1.5000000000000002 9.5000000000000018 1.5000000000000002 1.5000000000000002 15.500000000000002 29.500000000000004 19.500000000000004 23.500000000000004 20.500000000000004 25.500000000000004 26.500000000000004 30.500000000000004 1.0000000180025095e-35 25.500000000000004 2.5000000000000004 27.500000000000004 14.500000000000002 29.500000000000004 12.500000000000002 23.500000000000004 7.5000000000000009 29.500000000000004 19.500000000000004 21.500000000000004 9.5000000000000018 25.500000000000004 12.500000000000002
decision_type=2 2 2 2 2 2 2 2 2 2 2 2 2 2 2 2 2 2 2 2 2 2 2 2 2 2 2 2 2 2
left_child=1 2 15 10 -5 18 28 19 9 13 -4 16 -13 14 20 -1 22 -18 -2 -3 21 23 -8 -6 -19 -23 -27 -17 -7 -15
right_child=5 7 3 4 8 6 11 -9 -10 -11 -12 12 -14 29 -16 27 17 24 -20 -21 -22 25 -24 -25 -26 26 -28 -29 -30 -31
leaf_value=-0.069250041246414193 -0.015449832379817964 0.018011251091957094 -0.068367377109825614 -0.062176522353421082 -0.025947454571723941 0.0088999364645250389 0.030477154254913333 0.06131387352943421 0.013418571650981904 0.0074461117790847577 -0.041693839430809024 0.069235694749014726 0.031789353489875792 -0.0044170826673507694 0.0016087517142295837 -0.048910948634147647 0.027852758765220642 0.044835672485149976 0.0062014628201723099 0.039662545919418341 -0.0082327544689178474 -0.022010825574398041 0.024082773616389622 -0.031438501660640425 0.049504053592681889 -0.02004254311323166 -0.018730345368385314 -0.047598749399185181 0.0079302174940941838 -0.0035171050578355792
leaf_weight=61 62 62 64 69 61 62 62 62 62 68 61 70 62 62 61 61 62 123 61 61 61 61 63 65 61 62 62 62 63 61
leaf_count=61 62 62 64 69 61 62 62 62 62 68 61 70 62 62 61 61 62 123 61 61 61 61 63 65 61 62 62 62 63 61
internal_value=-1.87871e-10 -0.0167794 -0.0265931 -0.0206092 -0.0148573 0.027906 0.0342947 0.0396626 -0.0100977 -0.0124343 -0.0553507 0.0407269 0.0516473 -0.0148657 -0.0179606 -0.0552116 0.0368415 0.041713 -0.0047122 0.0287489 -0.0211696 -0.023707 0.0272544 -0.0287801 0.0463833 -0.0202518 -0.0193864 -0.0482495 0.0084112 -0.00397075
internal_weight=2000 1249 1064 880 755 751 628 185 686 624 125 503 132 556 433 184 371 246 123 123 372 311 125 126 184 185 124 123 125 123
internal_count=2000 1249 1064 880 755 751 628 185 686 624 125 503 132 556 433 184 371 246 123 123 372 311 125 126 184 185 124 123 125 123
is_linear=0
shrinkage=0.1


Tree=5
num_leaves=31
num_cat=0
split_feature=4 9 8 2 3 3 7 9 0 9 3 8 5 1 7 3 0 0 1 2 1 6 0 4 0 0 0 0 0 0
split_gain=75.8559 56.0378 14.9133 20.3822 12.6763 9.18946 8.46898 3.55195 3.54089 2.507 2.21066 3.85866 1.72872 3.73439 1.4035 1.28985 1.16753 1.16753 0.936742 0.888077 0.866124 1.09715 0.319286 0.183869 0.103491 0.0868417 0.0719837 0.0316255 0.00242272 0.00238012
threshold=19.500000000000004 28.500000000000004 11.500000000000002 24.500000000000004 1.5000000000000002 10.500000000000002 1.5000000000000002 21.500000000000004 15.500000000000002 26.500000000000004 14.500000000000002 1.0000000180025095e-35 20.500000000000004 25.500000000000004 25.500000000000004 2.5000000000000004 27.500000000000004 14.500000000000002 27.500000000000004 1.0000000180025095e-35 11.500000000000002 1.0000000180025095e-35 10.500000000000002 12.500000000000002 23.500000000000004 18.500000000000004 29.500000000000004 22.500000000000004 25.500000000000004 25.500000000000004
decision_type=2 2 2 2 2 2 2 2 2 2 2 2 2 2 2 2 2 2 2 2 2 2 2 2 2 2 2 2 2 2
left_child=1 2 3 10 16 18 29 20 17 23 11 -1 14 -14 24 -16 -2 -3 -4 -12 -7 -22 -23 -5 -8 -21 28 -24 -17 -6
right_child=4 8 5 9 6 7 12 -9 -10 -11 19 -13 13 -15 15 26 -18 -19 -20 25 21 22 27 -25 -26 -27 -28 -29 -30 -31
leaf_value=-0.044019851088523868 -0.013904848694801332 0.016210126876831054 -0.04310685033981617 -0.027512206657538341 0.0080099429935216911 -0.018318313589462867 0.027429440617561342 0.017648763748315668 0.055182486772537231 -0.0035736769468076831 -0.054881125688552856 -0.078783166942311758 0.062312127479485106 0.028610420227050782 0.025067481398582461 0.039911887049674993 0.005581316724419594 0.035696291923522951 -0.025925421714782716 -0.042838874459266665 -0.01685730963945389 -0.0074094794690608978 0.0029988787876116855 -0.019809743762016298 0.021674497118071904 -0.03752445280551911 0.044553646445274354 -0.00019555985927581789 0.040799540281295781 0.0071371955767510434
leaf_weight=61 62 62 65 63 62 65 62 65 62 123 62 67 70 62 62 62 61 61 62 62 62 61 63 61 63 61 61 61 61 63
leaf_count=61 62 62 65 63 62 65 62 65 62 123 62 67 70 62 62 62 61 61 62 62 62 61 63 61 63 61 61 61 61 63
internal_value=2.06893e-10 -0.0151014 -0.0239338 -0.0351653 0.0251154 -0.0114543 0.0308652 -0.00361711 0.0356963 -0.0136892 -0.0521128 -0.0622163 0.0366542 0.0464825 0.0331574 0.0375417 -0.00424098 0.025874 -0.0347191 -0.0451223 -0.00804751 -0.00534466 -0.00148637 -0.0237231 0.0245289 -0.0402033 0.041745 0.00142742 0.0403521 0.00757008
internal_weight=2000 1249 1064 560 751 504 628 377 185 247 313 128 503 132 371 246 123 123 127 185 312 247 185 124 125 123 184 124 123 125
internal_count=2000 1249 1064 560 751 504 628 377 185 247 313 128 503 132 371 246 123 123 127 185 312 247 185 124 125 123 184 124 123 125
is_linear=0
shrinkage=0.1


Tree=6
num_leaves=31
num_cat=0
split_feature=4 9 8 2 3 3 7 9 0 9 6 3 8 0 0 5 1 3 0 2 1 6 0 4 0 0 0 0 0 0
split_gain=61.4433 45.3906 12.0798 16.5096 10.2678 7.44346 6.85988 2.87708 2.86812 2.03067 1.79877 1.79063 3.12552 0.945702 0.945702 0.901793 0.758761 0.729144 0.740585 0.719342 0.701561 0.888694 0.258622 0.148934 0.082008 0.0703417 0.0256167 0.00749826 0.00201727 0.00196241
threshold=19.500000000000004 28.500000000000004 11.500000000000002 24.500000000000004 1.5000000000000002 10.500000000000002 1.5000000000000002 21.500000000000004 15.500000000000002 26.500000000000004 12.500000000000002 14.500000000000002 1.0000000180025095e-35 27.500000000000004 14.500000000000002 11.500000000000002 27.500000000000004 2.5000000000000004 1.5000000000000002 1.0000000180025095e-35 11.500000000000002 1.0000000180025095e-35 10.500000000000002 12.500000000000002 29.500000000000004 18.500000000000004 22.500000000000004 24.500000000000004 12.500000000000002 25.500000000000004
decision_type=2 2 2 2 2 2 2 2 2 2 2 2 2 2 2 2 2 2 2 2 2 2 2 2 2 2 2 2 2 2
left_child=1 2 3 11 13 16 -6 20 14 23 15 12 -1 -2 -3 -8 -4 -17 -19 -13 -7 -22 -23 -5 27 -21 -24 -20 -11 -29
right_child=4 8 5 9 6 7 10 -9 -10 28 -12 19 -14 -15 -16 17 -18 18 24 25 21 22 26 -25 -26 -27 -28 29 -30 -31
leaf_value=-0.039617866277694702 -0.01251436471939087 0.014589112997055054 -0.03879616521872007 -0.024760985942113969 0.0068130702972412117 -0.016486482499883725 0.01950704720285204 0.015883887570637922 0.04966423809528351 -0.0036180067807435991 0.047739621115402441 -0.049393013119697571 -0.07090485131562646 0.0050231847912073141 0.032126662135124211 0.022560733556747439 -0.023332878947257996 0.024686495959758761 0.034960857033729552 -0.038554987311363226 -0.015171578526496888 -0.0066685311496257789 0.002698991024896266 -0.017828768491744997 0.040098282694816592 -0.033772009611129764 -0.00017600388964638116 0.03592069745063782 -0.0028080267831683161 0.036719587445259098
leaf_weight=61 62 62 65 63 125 65 63 65 62 62 71 62 67 61 61 62 62 62 61 62 62 61 63 61 61 61 61 62 61 61
leaf_count=61 62 62 65 63 125 65 63 65 62 62 71 62 67 61 61 62 62 62 61 62 62 61 63 61 61 61 61 62 61 61
internal_value=-4.55766e-12 -0.0135913 -0.0215404 -0.0316487 0.0226039 -0.0103089 0.0277787 -0.0032554 0.0321267 -0.0123203 0.0329888 -0.0469015 -0.0559946 -0.00381688 0.0232866 0.0305645 -0.0312472 0.0324523 0.03445 -0.0406101 -0.00724275 -0.00481019 -0.00133773 -0.0213508 0.0369208 -0.0361829 0.00128468 0.0358673 -0.00321631 0.0363169
internal_weight=2000 1249 1064 560 751 504 628 377 185 247 503 313 128 123 123 432 127 369 307 185 312 247 185 124 245 123 124 184 123 123
internal_count=2000 1249 1064 560 751 504 628 377 185 247 503 313 128 123 123 432 127 369 307 185 312 247 185 124 245 123 124 184 123 123
is_linear=0
shrinkage=0.1


Tree=7
num_leaves=31
num_cat=0
split_feature=4 9 8 2 3 3 7 9 0 9 6 3 8 0 0 5 1 3 0 2 1 6 0 4 0 0 0 0 0 0
split_gain=49.769 36.7664 9.78463 13.3727 8.3169 6.0292 5.5565 2.33043 2.32317 1.64484 1.457 1.45041 2.53167 0.766018 0.766018 0.730453 0.614596 0.590607 0.599874 0.582667 0.568264 0.719843 0.209483 0.120636 0.0664265 0.0569768 0.0207495 0.00607361 0.0019279 0.00163399
threshold=19.500000000000004 28.500000000000004 11.500000000000002 24.500000000000004 1.5000000000000002 10.500000000000002 1.5000000000000002 21.500000000000004 15.500000000000002 26.500000000000004 12.500000000000002 14.500000000000002 1.0000000180025095e-35 27.500000000000004 14.500000000000002 11.500000000000002 27.500000000000004 2.5000000000000004 1.5000000000000002 1.0000000180025095e-35 11.500000000000002 1.0000000180025095e-35 10.500000000000002 12.500000000000002 29.500000000000004 18.500000000000004 22.500000000000004 24.500000000000004 25.500000000000004 12.500000000000002
decision_type=2 2 2 2 2 2 2 2 2 2 2 2 2 2 2 2 2 2 2 2 2 2 2 2 2 2 2 2 2 2
left_child=1 2 3 11 13 16 28 20 14 23 15 12 -1 -2 -3 -8 -4 -17 -19 -13 -7 -22 -23 -5 27 -21 -24 -20 -6 -11
right_child=4 8 5 9 6 7 10 -9 -10 29 -12 19 -14 -15 -16 17 -18 18 24 25 21 22 26 -25 -26 -27 -28 -29 -30 -31
leaf_value=-0.035656079649925232 -0.011262927949428559 0.013130202889442444 -0.034916549370839045 -0.022284886903232999 0.0065276410671011101 -0.014837834462523462 0.017556342198735194 0.014295498247330006 0.044697812199592596 -0.0032562058418989185 0.042965659079417379 -0.044453710317611694 -0.063814369110918756 0.0045208662748336794 0.028913995623588564 0.02030466049909592 -0.020999591052532199 0.022217845916748049 0.031464770436286926 -0.034699487686157229 -0.013654421269893647 -0.006001678109169007 0.0024290918446485958 -0.016045892238616945 0.036088454723358157 -0.030394807457923889 -0.00015840349951758983 0.032685206188419004 0.0057421689705243195 -0.002527224086225033
leaf_weight=61 62 62 65 63 62 65 63 65 62 62 71 62 67 61 61 62 62 62 61 62 62 61 63 61 61 61 61 123 63 61
leaf_count=61 62 62 65 63 62 65 63 65 62 62 71 62 67 61 61 62 62 62 61 62 62 61 63 61 61 61 61 123 63 61
internal_value=-7.77713e-11 -0.0122322 -0.0193863 -0.0284839 0.0203435 -0.00927799 0.0250008 -0.00292986 0.028914 -0.0110882 0.0296899 -0.0422114 -0.0503952 -0.00343519 0.0209579 0.027508 -0.0281224 0.0292071 0.031005 -0.0365491 -0.00651848 -0.00432918 -0.00120396 -0.0192157 0.0332287 -0.0325646 0.00115621 0.0322806 0.00613176 -0.00289468
internal_weight=2000 1249 1064 560 751 504 628 377 185 247 503 313 128 123 123 432 127 369 307 185 312 247 185 124 245 123 124 184 125 123
internal_count=2000 1249 1064 560 751 504 628 377 185 247 503 313 128 123 123 432 127 369 307 185 312 247 185 124 245 123 124 184 125 123
is_linear=0
shrinkage=0.1


Tree=8
num_leaves=31
num_cat=0
split_feature=4 9 8 2 3 3 7 9 0 9 6 3 8 0 0 5 1 3 0 2 1 6 0 4 0 0 0 0 0 0
split_gain=40.3129 29.7808 7.92555 10.8319 6.73669 4.88365 4.50076 1.88765 1.88177 1.33232 1.18017 1.17484 2.05065 0.620475 0.620475 0.591667 0.497823 0.478391 0.485898 0.47196 0.460294 0.583072 0.169682 0.0977154 0.0538054 0.0461512 0.0168071 0.0049196 0.00158955 0.0015616
threshold=19.500000000000004 28.500000000000004 11.500000000000002 24.500000000000004 1.5000000000000002 10.500000000000002 1.5000000000000002 21.500000000000004 15.500000000000002 26.500000000000004 12.500000000000002 14.500000000000002 1.0000000180025095e-35 14.500000000000002 27.500000000000004 11.500000000000002 27.500000000000004 2.5000000000000004 1.5000000000000002 1.0000000180025095e-35 11.500000000000002 1.0000000180025095e-35 10.500000000000002 12.500000000000002 29.500000000000004 18.500000000000004 22.500000000000004 24.500000000000004 25.500000000000004 25.500000000000004
decision_type=2 2 2 2 2 2 2 2 2 2 2 2 2 2 2 2 2 2 2 2 2 2 2 2 2 2 2 2 2 2
left_child=1 2 3 11 14 16 29 20 13 23 15 12 -1 -3 -2 -8 -4 -17 -19 -13 -7 -22 -23 -5 27 -21 -24 -20 -29 -6
right_child=4 8 5 9 6 7 10 -9 -10 -11 -12 19 -14 -15 -16 17 -18 18 24 25 21 22 26 -25 -26 -27 -28 28 -30 -31
leaf_value=-0.032090473175048831 -0.010136634856462479 0.01181718185544014 -0.031424894470434922 -0.02005639873326771 0.0058748770625360559 -0.013354049909573335 0.015800708201196459 0.012865948722912716 0.0402280330657959 -0.0026052105020943697 0.038669092722342049 -0.040008339285850528 -0.057432931483681532 0.026022598147392273 0.0040687799453735353 0.018274194002151491 -0.018899632990360262 0.01999606192111969 0.028318294882774354 -0.031229537725448609 -0.012288979440927507 -0.0054015103727579122 0.0021861826890103874 -0.014441302418708802 0.032479608058929445 -0.02735532820224762 -0.00014256314607337118 0.029060107469558717 0.029779106378555298 0.0051679519906876583
leaf_weight=61 62 62 65 63 62 65 63 65 62 123 71 62 67 61 61 62 62 62 61 62 62 61 63 61 61 61 61 62 61 63
leaf_count=61 62 62 65 63 62 65 63 65 62 123 71 62 67 61 61 62 62 62 61 62 62 61 63 61 61 61 61 62 61 63
internal_value=-5.57455e-11 -0.0110089 -0.0174477 -0.0256355 0.0183092 -0.00835019 0.0225007 -0.00263688 0.0260226 -0.00997941 0.0267209 -0.0379903 -0.0453557 0.0188621 -0.00309167 0.0247572 -0.0253102 0.0262864 0.0279045 -0.0328942 -0.00586663 -0.00389626 -0.00108356 -0.0172941 0.0299058 -0.0293082 0.00104059 0.0290525 0.0294167 0.00551859
internal_weight=2000 1249 1064 560 751 504 628 377 185 247 503 313 128 123 123 432 127 369 307 185 312 247 185 124 245 123 124 184 123 125
internal_count=2000 1249 1064 560 751 504 628 377 185 247 503 313 128 123 123 432 127 369 307 185 312 247 185 124 245 123 124 184 123 125
is_linear=0
shrinkage=0.1


Tree=9
num_leaves=31
num_cat=0
split_feature=4 9 3 8 2 3 7 0 11 1 3 8 6 11 9 1 0 0 5 0 0 2 1 0 0 0 0 0 0 0
split_gain=32.6535 24.1224 7.04632 6.68045 6.2423 5.45672 3.64562 1.52424 1.18786 1.21596 1.0873 3.36997 0.701913 0.679138 0.529007 0.658036 0.502585 0.502585 0.445041 0.39874 0.360352 0.21649 0.185277 0.059227 0.0427805 0.0409573 0.0258267 0.00487033 0.00184604 0.00132353
threshold=19.500000000000004 28.500000000000004 9.5000000000000018 2.5000000000000004 1.5000000000000002 1.5000000000000002 1.5000000000000002 15.500000000000002 19.500000000000004 29.500000000000004 18.500000000000004 17.500000000000004 15.500000000000002 26.500000000000004 3.5000000000000004 2.5000000000000004 27.500000000000004 14.500000000000002 11.500000000000002 18.500000000000004 1.5000000000000002 8.5000000000000018 1.0000000180025095e-35 20.500000000000004 29.500000000000004 28.500000000000004 11.500000000000002 19.500000000000004 9.5000000000000018 12.500000000000002
decision_type=2 2 2 2 2 2 2 2 2 2 2 2 2 2 2 2 2 2 2 2 2 2 2 2 2 2 2 2 2 2
left_child=1 2 -1 22 19 16 -7 17 9 12 13 18 21 25 27 -16 -2 -3 -12 -5 -15 -6 -4 26 -22 -8 -17 -14 -24 -28
right_child=5 7 3 4 8 6 10 -9 -10 -11 11 -13 14 20 15 23 -18 -19 -20 -21 24 -23 28 -25 -26 -27 29 -29 -30 -31
leaf_value=-0.04613670557737351 -0.0091229714453220367 0.010635463893413544 -0.035231506824493407 -0.0360075056552887 -0.011060081422328949 0.0049667283087968831 0.012811939418315888 0.036205229163169865 0.0066490138447775019 0.0060073044151067734 0.014220636799221947 0.0476566420517106 -0.012997172772884369 0.01799645572900772 -0.013891260325908662 -0.0048613592982292182 0.0036619018763303758 0.023420336842536929 0.026106880415999702 -0.02461979389190674 0.025486463308334352 -0.019319848647484414 -0.028881424665451051 0.00041656200774014 0.029231646656990053 0.01644677519798279 -0.0026700643822550776 -0.011738621443510056 -0.028106585144996643 -0.0020139805972576143
leaf_weight=71 62 62 61 62 62 125 62 62 68 62 63 69 61 62 61 61 61 61 63 61 61 65 61 61 61 62 62 62 62 61
leaf_count=71 62 62 61 62 62 125 62 62 68 62 63 69 61 62 61 61 61 61 63 61 61 65 61 61 61 62 62 62 62 61
internal_value=-1.323e-10 -0.00990805 -0.0157029 -0.0135269 -0.00961523 0.0164782 0.0202506 0.0234203 -0.0058957 -0.00727602 0.0240488 0.029892 -0.00875725 0.0203494 -0.00682405 -0.0045977 -0.00278251 0.0169759 0.0201638 -0.0303599 0.0242043 -0.0152875 -0.0307255 -0.00228379 0.0273591 0.0146294 -0.00317902 -0.0123628 -0.0284909 -0.00234469
internal_weight=2000 1249 1064 993 809 751 628 185 686 618 503 195 556 308 429 306 123 123 126 123 184 127 184 245 122 124 184 123 123 123
internal_count=2000 1249 1064 993 809 751 628 185 686 618 503 195 556 308 429 306 123 123 126 123 184 127 184 245 122 124 184 123 123 123
is_linear=0
shrinkage=0.1


Tree=10
num_leaves=31
num_cat=0
split_feature=4 9 3 8 2 3 7 0 6 11 1 6 9 1 0 0 5 0 3 0 2 1 0 0 0 0 0 0 0 0
split_gain=26.4493 19.5392 5.70752 5.41117 5.05626 4.41994 2.95295 1.23463 1.08678 0.962168 0.984927 0.568549 0.428495 0.533009 0.407094 0.407094 0.357386 0.322979 0.281483 0.278975 0.175357 0.150074 0.0550265 0.0479739 0.0209197 0.00594597 0.00394497 0.00149529 0.00126489 0.00112765
threshold=19.500000000000004 28.500000000000004 9.5000000000000018 2.5000000000000004 1.5000000000000002 1.5000000000000002 1.5000000000000002 15.500000000000002 12.500000000000002 19.500000000000004 29.500000000000004 15.500000000000002 3.5000000000000004 2.5000000000000004 14.500000000000002 27.500000000000004 11.500000000000002 18.500000000000004 2.5000000000000004 1.5000000000000002 8.5000000000000018 1.0000000180025095e-35 29.500000000000004 20.500000000000004 11.500000000000002 25.500000000000004 19.500000000000004 9.5000000000000018 25.500000000000004 24.500000000000004
decision_type=2 2 2 2 2 2 2 2 2 2 2 2 2 2 2 2 2 2 2 2 2 2 2 2 2 2 2 2 2 2
left_child=1 2 -1 21 17 15 28 14 16 10 11 20 26 -14 -3 -2 -8 -5 -18 -20 -6 -4 25 24 -15 29 -13 -23 -7 -21
right_child=5 7 3 4 9 6 8 -9 -10 -11 -12 12 13 23 -16 -17 18 -19 19 22 -22 27 -24 -25 -26 -27 -28 -29 -30 -31
leaf_value=-0.041523034702724136 -0.0082106739282608032 0.0095719173550605774 -0.031708356738090519 -0.032406756281852724 -0.0099540732800960548 0.0047907166363250833 0.012798574235704211 0.032584705948829652 0.033109648483739776 0.0059841124669593928 0.0054065741598606117 -0.011697455495595933 -0.012502133846282959 -0.0043752234429121021 0.021078303456306458 0.0032957118004560471 0.014802096784114838 -0.022157815098762513 0.016196809709072113 0.022937817871570589 -0.017387863993644715 -0.025993281602859498 0.02630848288536072 0.00037490583490580321 -0.0021102205009722128 0.02203553169965744 -0.010564758628606797 -0.02529592514038086 0.0041544841513747261 0.023543408513069155
leaf_weight=71 62 62 61 62 62 62 63 62 71 68 62 61 61 61 61 61 62 61 62 61 65 61 61 61 123 61 62 62 63 62
leaf_count=71 62 62 61 62 62 62 63 62 71 68 62 61 61 61 61 61 62 61 62 61 65 61 61 61 123 61 62 62 63 62
internal_value=-2.76719e-11 -0.00891725 -0.0141326 -0.0121742 -0.00865371 0.0148304 0.0182256 0.0210783 0.021644 -0.00530613 -0.00654842 -0.00788153 -0.00614165 -0.00413793 0.0152783 -0.00250425 0.0197595 -0.0273239 0.020948 0.0221892 -0.0137588 -0.027653 0.0237056 -0.00205541 -0.00286112 0.0228427 -0.0111265 -0.0256418 0.00447006 0.0232431
internal_weight=2000 1249 1064 993 809 751 628 185 503 686 618 556 429 306 123 123 432 123 369 307 127 184 245 245 184 184 123 123 125 123
internal_count=2000 1249 1064 993 809 751 628 185 503 686 618 556 429 306 123 123 432 123 369 307 127 184 245 245 184 184 123 123 125 123
is_linear=0
shrinkage=0.1


Tree=11
num_leaves=31
num_cat=0
split_feature=4 9 8 2 3 7 8 3 9 3 11 0 9 3 0 0 1 6 0 2 1 0 6 1 4 0 0 1 0 0
split_gain=21.4239 15.8267 4.83774 6.01711 3.58015 2.44835 4.02825 2.02796 1.20033 1.18752 1.1405 1.00005 0.754247 0.366335 0.329746 0.329746 0.236604 0.284826 0.216638 0.152784 0.124189 0.113175 0.0890789 0.0847106 0.0705183 0.0197717 0.00566282 0.00391704 0.00351497 0.00121481
threshold=19.500000000000004 28.500000000000004 11.500000000000002 24.500000000000004 1.5000000000000002 22.500000000000004 21.500000000000004 10.500000000000002 21.500000000000004 13.500000000000002 29.500000000000004 15.500000000000002 26.500000000000004 29.500000000000004 14.500000000000002 27.500000000000004 11.500000000000002 1.0000000180025095e-35 18.500000000000004 23.500000000000004 27.500000000000004 1.5000000000000002 12.500000000000002 13.500000000000002 12.500000000000002 22.500000000000004 25.500000000000004 19.500000000000004 25.500000000000004 17.500000000000004
decision_type=2 2 2 2 2 2 2 2 2 2 2 2 2 2 2 2 2 2 2 2 2 2 2 2 2 2 2 2 2 2
left_child=1 2 3 9 15 10 13 20 16 -1 22 14 24 27 -3 -2 -9 -18 19 29 -4 -12 28 -19 -5 -25 -15 -7 -6 -11
right_child=4 11 7 12 5 6 -8 8 -10 18 21 -13 -14 26 -16 -17 17 23 -20 -21 -22 -23 -24 25 -26 -27 -28 -29 -30 -31
leaf_value=-0.040127151159208216 -0.0073896065354347234 0.0086147256195545207 -0.01959481796393028 -0.015297799167178928 0.0041987415403127674 0.012264747917652131 0.043958813211192257 -0.009873644228164967 0.010432338829223927 -0.028537520766258241 0.014577129483222963 0.02932623624801636 -0.001899198451783599 0.021189068257808686 0.018970473110675814 0.0029661403968930244 -0.008958666026592255 0.0018508250610755077 -0.01994203329086304 -0.02276633381843567 -0.013338898122310639 0.020644035935401917 0.008267066131035488 -0.0039377011358737949 -0.010527709871530533 -0.0013916194438934326 0.019831979274749757 0.013384360855533965 0.0031378752319142222 -0.029166078567504885
leaf_weight=67 62 62 65 63 61 62 69 65 65 61 62 62 123 62 61 61 62 63 61 62 62 61 63 61 61 61 61 63 64 62
leaf_count=67 62 62 65 63 61 62 69 65 65 61 62 62 123 62 61 61 62 63 61 62 62 61 63 61 61 61 61 63 64 62
internal_value=7.45291e-11 -0.00802552 -0.0127194 -0.0191163 0.0133474 0.016403 0.0225876 -0.00561167 -0.00193 -0.0283245 0.0100992 0.0189705 -0.00744758 0.0166415 0.0137505 -0.00225383 -0.00450548 -0.00309281 -0.02511 -0.026814 -0.0165407 0.0175859 0.00520092 -0.00112695 -0.0129512 -0.00266466 0.020516 0.012829 0.00365558 -0.0288544
internal_weight=2000 1249 1064 560 751 628 317 504 377 313 311 185 247 248 123 123 312 247 246 185 127 123 188 185 124 122 123 125 125 123
internal_count=2000 1249 1064 560 751 628 317 504 377 313 311 185 247 248 123 123 312 247 246 185 127 123 188 185 124 122 123 125 125 123
is_linear=0
shrinkage=0.1


Tree=12
num_leaves=31
num_cat=0
split_feature=4 9 3 8 2 3 8 1 7 0 11 1 11 6 9 1 7 0 0 0 0 1 2 0 0 0 0 0 0 0
split_gain=17.3534 12.8197 4.30796 3.30566 3.32406 3.07723 2.56749 1.65263 0.924427 0.810041 0.720237 0.58045 0.393063 0.392101 0.28433 0.314107 0.268814 0.267094 0.267094 0.211907 0.138828 0.134529 0.123759 0.0653218 0.0279737 0.00746034 0.00730939 0.00377795 0.00279854 0.00150357
threshold=19.500000000000004 28.500000000000004 9.5000000000000018 2.5000000000000004 1.5000000000000002 18.500000000000004 17.500000000000004 19.500000000000004 1.5000000000000002 15.500000000000002 19.500000000000004 29.500000000000004 26.500000000000004 15.500000000000002 3.5000000000000004 2.5000000000000004 25.500000000000004 14.500000000000002 27.500000000000004 18.500000000000004 1.5000000000000002 1.0000000180025095e-35 8.5000000000000018 28.500000000000004 12.500000000000002 20.500000000000004 11.500000000000002 9.5000000000000018 19.500000000000004 29.500000000000004
decision_type=2 2 2 2 2 2 2 2 2 2 2 2 2 2 2 2 2 2 2 2 2 2 2 2 2 2 2 2 2 2
left_child=1 2 -1 21 19 7 16 18 -9 17 11 13 23 22 28 -16 -7 -3 -2 -5 -14 -4 -6 -10 26 -26 -17 -23 -15 -22
right_child=5 9 3 4 10 6 -8 8 12 -11 -12 -13 20 14 15 24 -18 -19 -20 -21 29 27 -24 -25 25 -27 -28 -29 -30 -31
leaf_value=-0.035243788340561827 -0.0066506460309028632 0.0077532529830932617 -0.025683769583702089 -0.026249471306800845 -0.0080627992749214179 0.0098536357168967914 0.038296100238095161 0.0037846436890644759 0.0073930740356445319 0.026393610239028933 0.0054881091503535999 0.0038226827979087833 0.013119415938854219 -0.0094749391078948978 -0.0097221404314041145 -0.0035439308732748034 0.019020148307558091 0.017073425650596618 0.0026695264503359796 -0.017947830259799957 0.018579633533954622 -0.019381240010261536 -0.014307880057738379 0.011983451247215272 -0.0014116406440734864 0.00015233274316415191 -0.0020021159201860429 -0.020489700138568878 -0.0085209183394908908 0.019281753897666933
leaf_weight=71 62 62 61 62 62 65 69 123 62 62 68 62 62 61 61 61 63 61 61 61 61 61 65 62 61 61 62 62 62 61
leaf_count=71 62 62 61 62 62 65 69 123 62 62 68 62 62 61 61 61 63 61 61 61 61 61 65 62 61 61 62 62 62 61
internal_value=-4.44765e-11 -0.00722297 -0.0114474 -0.00974599 -0.00699436 0.0120126 0.0227471 0.0081955 0.0111132 0.0170734 -0.00428011 -0.00535493 0.0140399 -0.00637833 -0.00493344 -0.00330124 0.0143653 0.0123755 -0.00202845 -0.0221324 0.0169725 -0.0218442 -0.0112591 0.00968826 -0.00170257 -0.000629654 -0.00276676 -0.01994 -0.00899405 0.0189307
internal_weight=2000 1249 1064 993 809 751 197 554 431 185 686 618 308 556 429 306 128 123 123 123 184 184 127 124 245 122 123 123 123 122
internal_count=2000 1249 1064 993 809 751 197 554 431 185 686 618 308 556 429 306 128 123 123 123 184 184 127 124 245 122 123 123 123 122
is_linear=0
shrinkage=0.1


Tree=13
num_leaves=31
num_cat=0
split_feature=4 9 3 8 2 3 8 1 7 0 11 1 11 6 9 1 7 0 0 0 0 1 2 0 0 0 0 0 0 0
split_gain=14.0562 10.3839 3.48945 2.67759 2.69249 2.49256 2.07966 1.33863 0.748786 0.656133 0.583392 0.470165 0.318381 0.317601 0.230307 0.254426 0.217739 0.216346 0.216346 0.171644 0.112451 0.108968 0.100245 0.0529107 0.0226587 0.00604287 0.0059206 0.00306015 0.00226682 0.00121789
threshold=19.500000000000004 28.500000000000004 9.5000000000000018 2.5000000000000004 1.5000000000000002 18.500000000000004 17.500000000000004 19.500000000000004 1.5000000000000002 15.500000000000002 19.500000000000004 29.500000000000004 26.500000000000004 15.500000000000002 3.5000000000000004 2.5000000000000004 25.500000000000004 14.500000000000002 27.500000000000004 18.500000000000004 1.5000000000000002 1.0000000180025095e-35 8.5000000000000018 28.500000000000004 12.500000000000002 20.500000000000004 11.500000000000002 9.5000000000000018 19.500000000000004 29.500000000000004
decision_type=2 2 2 2 2 2 2 2 2 2 2 2 2 2 2 2 2 2 2 2 2 2 2 2 2 2 2 2 2 2
left_child=1 2 -1 21 19 7 16 18 -9 17 11 13 23 22 28 -16 -7 -3 -2 -5 -14 -4 -6 -10 26 -26 -17 -23 -15 -22
right_child=5 9 3 4 10 6 -8 8 12 -11 -12 -13 20 14 15 24 -18 -19 -20 -21 29 27 -24 -25 25 -27 -28 -29 -30 -31
leaf_value=-0.031719409842306465 -0.0059855815023183824 0.0069779276847839362 -0.023115392029285434 -0.023624524474143982 -0.0072565190494060516 0.0088682718689625083 0.034466490581415703 0.003406179154185745 0.0066537663340568544 0.023754251003265382 0.004939298490610193 0.0034404147416353227 0.011807474493980409 -0.0085274450480937961 -0.0087499268352985386 -0.0031895376741886139 0.017118132823989506 0.015366083383560181 0.002402573823928833 -0.016153046488761903 0.016721670329570771 -0.017443116009235381 -0.012877092223901015 0.01078510656952858 -0.0012704765424132348 0.0001370994606986642 -0.0018019044771790506 -0.01844073086977005 -0.0076688267290592194 0.017353577911853792
leaf_weight=71 62 62 61 62 62 65 69 123 62 62 68 62 62 61 61 61 63 61 61 61 61 61 65 62 61 61 62 62 62 61
leaf_count=71 62 62 61 62 62 65 69 123 62 62 68 62 62 61 61 61 63 61 61 61 61 61 65 62 61 61 62 62 62 61
internal_value=-9.16189e-12 -0.00650067 -0.0103027 -0.00877139 -0.00629493 0.0108114 0.0204724 0.00737595 0.0100019 0.0153661 -0.0038521 -0.00481944 0.0126359 -0.0057405 -0.0044401 -0.00297112 0.0129288 0.0111379 -0.0018256 -0.0199192 0.0152753 -0.0196598 -0.0101332 0.00871944 -0.00153231 -0.000566689 -0.00249008 -0.017946 -0.00809465 0.0170376
internal_weight=2000 1249 1064 993 809 751 197 554 431 185 686 618 308 556 429 306 128 123 123 123 184 184 127 124 245 122 123 123 123 122
internal_count=2000 1249 1064 993 809 751 197 554 431 185 686 618 308 556 429 306 128 123 123 123 184 184 127 124 245 122 123 123 123 122
is_linear=0
shrinkage=0.1


Tree=14
num_leaves=31
num_cat=0
split_feature=4 9 8 6 6 2 3 6 7 0 0 0 9 3 0 0 0 5 10 0 0 1 2 0 0 0 0 0 0 0
split_gain=11.3856 8.41098 3.06547 3.99321 2.16424 1.78682 1.39161 1.1757 0.836693 0.643922 0.531468 0.298147 0.250116 0.201719 0.17524 0.17524 0.11513 0.10401 0.133992 0.104561 0.0865243 0.081929 0.0811956 0.00230557 0.00100976 0.000967571 0.00070338 0.0006456 0.000498086 0.000122284
threshold=19.500000000000004 28.500000000000004 12.500000000000002 18.500000000000004 12.500000000000002 24.500000000000004 1.5000000000000002 16.500000000000004 1.5000000000000002 19.500000000000004 15.500000000000002 20.500000000000004 26.500000000000004 10.500000000000002 14.500000000000002 27.500000000000004 18.500000000000004 11.500000000000002 3.5000000000000004 1.5000000000000002 4.5000000000000009 13.500000000000002 23.500000000000004 28.500000000000004 22.500000000000004 24.500000000000004 12.500000000000002 17.500000000000004 30.500000000000004 16.500000000000004
decision_type=2 2 2 2 2 2 2 2 2 2 2 2 2 2 2 2 2 2 2 2 2 2 2 2 2 2 2 2 2 2
left_child=1 2 3 -1 6 9 15 13 28 16 14 -9 29 20 -3 -2 22 -10 23 -20 -4 -15 27 -19 -23 -21 -14 -5 -8 -7
right_child=4 10 7 5 -6 12 8 11 17 -11 -12 -13 26 21 -16 -17 -18 18 19 25 -22 24 -24 -25 -26 -27 -28 -29 -30 -31
leaf_value=-0.03629089664135661 -0.0053870234638452533 0.0062801353633403778 -0.0065822139382362369 -0.020803852379322054 0.026215705161707271 -0.0078749336302280423 0.0026704043630630739 0.009786513236476415 0.0084345376917294088 -0.0069019444286823276 0.021378825604915622 0.00012338951928541066 -0.001621713861823082 -0.006978338120075373 0.013829475641250611 0.0021623164415359498 -0.014537742733955384 0.010572522133588792 0.010626727342605592 0.01504950225353241 -0.011825851202011109 -0.0028705840930342676 -0.016596657037734986 0.0097065955400466933 -0.0022951982915401458 0.01553661879000625 -0.0011434288695454599 -0.021262072026729584 0.0030712444335222245 -0.0076747007668018343
leaf_weight=70 62 62 61 61 72 61 62 67 63 62 62 61 62 65 61 61 61 61 62 61 65 61 62 62 61 123 61 62 62 61
leaf_count=70 62 62 61 61 72 61 62 67 63 62 62 61 62 65 61 61 61 61 62 61 65 61 62 62 61 123 61 62 62 61
internal_value=2.76312e-11 -0.00585061 -0.00927243 -0.0137884 0.00973024 -0.01094 0.00798215 -0.00289269 0.0101115 -0.0160097 0.0138295 0.00518143 -0.00456662 -0.00619457 0.0100241 -0.00164304 -0.0183052 0.0121898 0.0128309 0.0141784 -0.00928726 -0.00411072 -0.0195474 0.010136 -0.00258289 0.0153751 -0.00138452 -0.0210348 0.00287082 -0.00777482
internal_weight=2000 1249 1064 623 751 553 679 441 556 308 185 128 245 313 123 123 246 432 369 246 126 187 185 123 122 184 123 123 124 122
internal_count=2000 1249 1064 623 751 553 679 441 556 308 185 128 245 313 123 123 246 432 369 246 126 187 185 123 122 184 123 123 124 122
is_linear=0
shrinkage=0.1


Tree=15
num_leaves=31
num_cat=0
split_feature=4 9 3 3 8 2 8 11 9 7 0 9 1 1 3 8 0 1 6 2 1 0 1 2 0 0 0 0 0 0
split_gain=9.2223 6.81289 2.80289 1.90568 1.69162 1.68759 1.67968 0.873564 0.764981 0.617813 0.430489 0.257778 0.232524 0.184962 0.165885 0.145412 0.141945 0.100882 0.12056 0.0657684 0.0614354 0.073921 0.0506011 0.00799918 0.00620644 0.00313756 0.000824738 0.000817905 0.000569738 0.000522939
threshold=19.500000000000004 28.500000000000004 9.5000000000000018 18.500000000000004 11.500000000000002 24.500000000000004 17.500000000000004 25.500000000000004 21.500000000000004 1.5000000000000002 15.500000000000002 26.500000000000004 18.500000000000004 9.5000000000000018 10.500000000000002 16.500000000000004 14.500000000000002 11.500000000000002 16.500000000000004 23.500000000000004 20.500000000000004 1.5000000000000002 13.500000000000002 30.500000000000004 27.500000000000004 18.500000000000004 29.500000000000004 22.500000000000004 12.500000000000002 17.500000000000004
decision_type=2 2 2 2 2 2 2 2 2 2 2 2 2 2 2 2 2 2 2 2 2 2 2 2 2 2 2 2 2 2
left_child=1 2 -1 7 5 13 15 12 14 -9 16 23 -2 19 -6 -5 -3 -16 22 29 -11 -22 -19 -7 -14 -15 -23 -24 -13 -4
right_child=3 10 4 6 8 11 -8 9 -10 20 -12 28 24 25 17 -17 -18 18 -20 -21 21 26 27 -25 -26 -27 -28 -29 -30 -31
leaf_value=-0.027539730491772503 -0.0048483211547136308 0.0056521214544773104 -0.018723466992378236 0.0071583583330114683 -0.0087621117158541619 -0.0085201565536760521 0.029781219136455785 0.0027783159711738913 0.0076695390389515802 0.0087359361350536346 0.019240942597389222 -0.0014595425687730314 0.0033668193966150286 -0.012069714814424516 -0.0066417412459850306 0.013902671635150909 0.012446527183055878 -0.0058330334722995758 0.0015615997612402435 -0.014936992526054384 0.0095640540122985847 0.013544552028179169 -0.0025835257023572923 -0.0069072306156158451 0.0019460847601294518 -0.013083967566490174 0.01406455785036087 -0.0020656784996390342 -0.0010290860198438167 -0.019135865569114688
leaf_weight=71 62 62 61 66 63 62 69 123 65 62 62 62 62 61 65 62 61 62 63 62 62 61 61 61 61 61 61 61 61 62
leaf_count=71 62 62 61 66 63 62 69 123 65 62 62 62 62 61 65 62 61 62 63 62 62 61 61 61 61 61 61 61 61 62
internal_value=-1.04221e-10 -0.00526555 -0.00834518 0.00875721 -0.00697276 -0.0106544 0.0172047 0.00575333 -0.00234562 0.00856501 0.0124465 -0.00448316 0.000145179 -0.0155994 -0.00408159 0.0104251 0.0090217 -0.00313648 -0.00221404 -0.0175927 0.0114584 0.0123757 -0.00350679 -0.00772025 0.00266223 -0.0125768 0.0138046 -0.0023246 -0.00124606 -0.0189313
internal_weight=2000 1249 1064 751 993 553 197 554 440 369 185 246 185 307 375 128 123 312 247 185 246 184 184 123 123 122 122 122 123 123
internal_count=2000 1249 1064 751 993 553 197 554 440 369 185 246 185 307 375 128 123 312 247 185 246 184 184 123 123 122 122 122 123 123
is_linear=0
shrinkage=0.1


Tree=16
num_leaves=31
num_cat=0
split_feature=4 9 3 6 8 2 3 9 7 0 9 1 3 0 0 10 5 1 6 0 2 1 2 0 0 0 0 0 0 0
split_gain=7.47007 5.51844 2.27034 1.80901 1.37021 1.36695 0.87085 0.619635 0.512229 0.348696 0.2088 0.149819 0.134367 0.114975 0.114975 0.0981229 0.106555 0.081714 0.0976532 0.0686024 0.0532724 0.0409869 0.00647933 0.00539978 0.00254143 0.000662503 0.000634823 0.00054234 0.000461488 0.000423579
threshold=19.500000000000004 28.500000000000004 9.5000000000000018 12.500000000000002 11.500000000000002 24.500000000000004 1.5000000000000002 21.500000000000004 1.5000000000000002 15.500000000000002 26.500000000000004 9.5000000000000018 10.500000000000002 14.500000000000002 27.500000000000004 3.5000000000000004 11.500000000000002 11.500000000000002 16.500000000000004 1.5000000000000002 23.500000000000004 13.500000000000002 30.500000000000004 28.500000000000004 18.500000000000004 22.500000000000004 24.500000000000004 25.500000000000004 12.500000000000002 17.500000000000004
decision_type=2 2 2 2 2 2 2 2 2 2 2 2 2 2 2 2 2 2 2 2 2 2 2 2 2 2 2 2 2 2
left_child=1 2 -1 6 5 11 14 12 27 13 22 20 -6 -3 -2 23 -17 -14 21 -18 29 -19 -7 -10 -13 -23 -21 -8 -12 -4
right_child=3 9 4 -5 7 10 8 -9 15 -11 28 24 17 -15 -16 16 19 18 -20 26 -22 25 -24 -25 -26 -27 -28 -29 -30 -31
leaf_value=-0.024785757652470763 -0.0043634887784719471 0.0050869096070528036 -0.016851121187210084 0.022953427557109132 -0.0078859003290297491 -0.0076681406207142339 0.0025149131193757061 0.0069025853534157473 0.0065371476113796241 0.017316848039627075 -0.0013135883025825025 -0.010862743109464647 -0.0059775670560506672 0.011201874911785127 0.0017514763399958612 0.0068752481350823061 0.0086076490581035621 -0.0052497301250696189 0.0014054397945680345 0.012190096825361253 -0.013443292677402498 -0.0023251730948686601 -0.0062165074050426483 0.0078623428940773014 -0.01177557185292244 -0.0018591105937957764 0.012584660995781908 0.0020965902164341915 -0.00092617738991975786 -0.017222279310226442
leaf_weight=71 62 62 61 72 63 62 61 65 61 62 62 61 65 61 61 63 62 62 63 61 62 61 61 62 61 61 123 63 61 62
leaf_count=71 62 62 61 72 63 62 61 65 61 62 62 61 65 61 61 63 62 62 63 61 62 61 61 62 61 61 123 63 61 62
internal_value=-5.68209e-11 -0.00473899 -0.00751067 0.00788149 -0.00627549 -0.00958895 0.00628329 -0.00211106 0.00796772 0.0112019 -0.00403484 -0.0140395 -0.00367343 0.00811953 -0.00133086 0.00959388 0.0105447 -0.00282283 -0.00199264 0.0114845 -0.0158334 -0.00315611 -0.00694822 0.00720513 -0.0113192 -0.00209214 0.0124539 0.00230238 -0.00112146 -0.0170382
internal_weight=2000 1249 1064 751 993 553 679 440 556 185 246 307 375 123 123 432 309 312 247 246 185 184 123 123 122 122 184 124 123 123
internal_count=2000 1249 1064 751 993 553 679 440 556 185 246 307 375 123 123 432 309 312 247 246 185 184 123 123 122 122 184 124 123 123
is_linear=0
shrinkage=0.1


Tree=17
num_leaves=31
num_cat=0
split_feature=11 9 6 8 6 2 0 3 0 7 6 1 9 1 0 0 0 10 0 0 2 1 0 3 0 0 2 0 0 0
split_gain=6.15464 5.80295 3.42986 1.94711 3.13273 0.980686 0.893997 0.638271 0.348966 0.344439 0.151541 0.18084 0.117181 0.103515 0.09313 0.0931299 0.066669 0.0934941 0.0611849 0.0580884 0.0431507 0.0160086 0.0151088 0.00854607 0.00293973 0.00232002 0.000631158 0.000373805 0.000343099 7.62569e-05
threshold=20.500000000000004 28.500000000000004 11.500000000000002 12.500000000000002 18.500000000000004 24.500000000000004 15.500000000000002 1.5000000000000002 19.500000000000004 1.5000000000000002 16.500000000000004 13.500000000000002 26.500000000000004 27.500000000000004 27.500000000000004 14.500000000000002 29.500000000000004 30.500000000000004 18.500000000000004 5.5000000000000009 23.500000000000004 23.500000000000004 3.5000000000000004 30.500000000000004 22.500000000000004 23.500000000000004 30.500000000000004 12.500000000000002 17.500000000000004 28.500000000000004
decision_type=2 2 2 2 2 2 2 2 2 2 2 2 2 2 2 2 2 2 2 2 2 2 2 2 2 2 2 2 2 2
left_child=1 3 7 4 -1 8 15 14 18 -9 11 -5 26 22 -2 -3 17 23 20 -15 28 -12 -13 25 -24 -11 -7 -14 -6 -27
right_child=2 6 -4 10 5 12 -8 9 -10 16 21 13 27 19 -16 -17 -18 -19 -20 -21 -22 -23 24 -25 -26 29 -28 -29 -30 -31
leaf_value=-0.030061134095821118 -0.0039271399378776554 0.0045782186090946196 0.028312813790722025 -0.0077719112830375555 -0.015166008472442628 -0.005143578276629486 0.021880489494651559 0.0022700792632815315 -0.0049498189240694051 0.0077468842267990118 -0.00018565339269116521 0.00073479483835399157 -0.0011822294443845751 -0.0064391247928142553 0.0015763286501169205 0.010081686824560166 0.011399636417627335 0.01125393807888031 -0.010598014295101167 -0.002092655748128891 -0.01209896355867386 0.002087098439889295 -0.00069144349545240407 0.005883432924747467 -0.0016731996089220048 0.006919267773628235 -0.005594856664538384 -0.00083355968818068507 -0.015500050783157349 0.0070761084556579595
leaf_weight=72 62 62 72 67 61 63 64 123 62 62 61 62 62 62 61 61 61 62 61 61 62 63 61 61 61 62 61 61 62 62
leaf_count=72 62 62 72 67 61 63 64 123 62 62 61 62 62 62 61 61 61 62 61 61 62 63 61 61 61 62 61 61 62 62
internal_value=-6.42438e-11 -0.00401711 0.00766053 -0.00672856 -0.0104362 -0.00789029 0.0122951 0.00524663 -0.0116547 0.00685447 -0.00206048 -0.00306492 -0.00319626 -0.00203767 -0.00119778 0.00730758 0.00837846 0.00778205 -0.0133445 -0.00428356 -0.0142501 0.000969051 -0.000536337 0.00691057 -0.00118232 0.00724742 -0.00536558 -0.00100931 -0.0153344 0.00699769
internal_weight=2000 1312 688 1125 627 555 187 616 308 493 498 374 247 307 123 123 370 309 246 123 185 124 184 247 122 186 124 123 123 124
internal_count=2000 1312 688 1125 627 555 187 616 308 493 498 374 247 307 123 123 370 309 246 123 185 124 184 247 122 186 124 123 123 124
is_linear=0
shrinkage=0.1


Tree=18
num_leaves=31
num_cat=0
split_feature=11 9 6 8 6 2 0 3 0 7 6 1 9 1 0 0 0 10 0 0 2 1 0 3 0 0 2 0 0 0
split_gain=4.98526 4.70039 2.77819 1.57716 2.53751 0.794356 0.724138 0.516999 0.282663 0.278996 0.122748 0.14648 0.0949169 0.0838472 0.0754353 0.0754353 0.0540019 0.0757303 0.0495598 0.0470516 0.0349521 0.0129669 0.0122381 0.00692232 0.00238118 0.00187922 0.000511238 0.000302782 0.000277908 6.17683e-05
threshold=20.500000000000004 28.500000000000004 11.500000000000002 12.500000000000002 18.500000000000004 24.500000000000004 15.500000000000002 1.5000000000000002 19.500000000000004 1.5000000000000002 16.500000000000004 13.500000000000002 26.500000000000004 27.500000000000004 27.500000000000004 14.500000000000002 29.500000000000004 30.500000000000004 18.500000000000004 5.5000000000000009 23.500000000000004 23.500000000000004 3.5000000000000004 30.500000000000004 22.500000000000004 23.500000000000004 30.500000000000004 12.500000000000002 17.500000000000004 28.500000000000004
decision_type=2 2 2 2 2 2 2 2 2 2 2 2 2 2 2 2 2 2 2 2 2 2 2 2 2 2 2 2 2 2
left_child=1 3 7 4 -1 8 15 14 18 -9 11 -5 26 22 -2 -3 17 23 20 -15 28 -12 -13 25 -24 -11 -7 -14 -6 -27
right_child=2 6 -4 10 5 12 -8 9 -10 16 21 13 27 19 -16 -17 -18 -19 -20 -21 -22 -23 24 -25 -26 29 -28 -29 -30 -31
leaf_value=-0.02705502086836431 -0.0035344261676073076 0.0041203964501619339 0.025481533197065195 -0.006994720014618404 -0.013649408519268037 -0.0046292203700258622 0.019692442007362844 0.0020430712483641578 -0.004454836994409561 0.0069721959531307224 -0.00016708804760128261 0.00066131534986197955 -0.0010640065185725689 -0.0057952120900154119 0.0014186957851052284 0.0090735182166099548 0.010259672999382019 0.01012854427099228 -0.0095382131636142734 -0.0018833901733160019 -0.010889066755771637 0.0018783885571691727 -0.00062229917384684088 0.0052950896322727205 -0.0015058795921504499 0.0062273409217596058 -0.0050353709608316425 -0.00075020371004939088 -0.013950045406818391 0.0063684977591037754
leaf_weight=72 62 62 72 67 61 63 64 123 62 62 61 62 62 62 61 61 61 62 61 61 62 63 61 61 61 62 61 61 62 62
leaf_count=72 62 62 72 67 61 63 64 123 62 62 61 62 62 62 61 61 61 62 61 61 62 63 61 61 61 62 61 61 62 62
internal_value=7.60192e-12 -0.0036154 0.00689448 -0.0060557 -0.0093926 -0.00710126 0.0110656 0.00472197 -0.0104892 0.00616902 -0.00185443 -0.00275843 -0.00287664 -0.0018339 -0.001078 0.00657682 0.00754062 0.00700385 -0.01201 -0.0038552 -0.0128251 0.000872146 -0.000482703 0.00621951 -0.00106409 0.00652268 -0.00482902 -0.000908381 -0.0138009 0.00629792
internal_weight=2000 1312 688 1125 627 555 187 616 308 493 498 374 247 307 123 123 370 309 246 123 185 124 184 247 122 186 124 123 123 124
internal_count=2000 1312 688 1125 627 555 187 616 308 493 498 374 247 307 123 123 370 309 246 123 185 124 184 247 122 186 124 123 123 124
is_linear=0
shrinkage=0.1


Tree=19
num_leaves=31
num_cat=0
split_feature=4 6 9 6 1 2 3 6 11 7 0 9 8 0 0 0 10 0 0 2 0 0 3 0 1 0 0 0 0 0
split_gain=4.04868 3.47964 2.26019 2.15557 0.642154 0.840211 0.338397 0.332145 0.248732 0.218518 0.153482 0.0835799 0.0626573 0.0687714 0.0611026 0.0486373 0.0639225 0.0438953 0.0327119 0.0325543 0.0118002 0.00572816 0.0052503 0.00185519 0.00120767 0.000245253 7.3428e-05 9.47106e-06 5.00347e-06 5.36373e-07
threshold=18.500000000000004 13.500000000000002 28.500000000000004 12.500000000000002 10.500000000000002 24.500000000000004 1.5000000000000002 1.5000000000000002 17.500000000000004 1.5000000000000002 14.500000000000002 26.500000000000004 29.500000000000004 4.5000000000000009 27.500000000000004 29.500000000000004 30.500000000000004 18.500000000000004 15.500000000000002 23.500000000000004 6.5000000000000009 7.5000000000000009 30.500000000000004 1.5000000000000002 8.5000000000000018 12.500000000000002 28.500000000000004 19.500000000000004 16.500000000000004 30.500000000000004
decision_type=2 2 2 2 2 2 2 2 2 2 2 2 2 2 2 2 2 2 2 2 2 2 2 2 2 2 2 2 2 2
left_child=1 -1 4 6 5 17 14 -8 12 29 -4 28 13 -6 -2 16 22 19 -12 24 -14 -15 23 -11 -3 -13 -25 -23 -7 -9
right_child=3 2 10 -5 8 11 7 9 -10 15 18 25 20 21 -16 -17 -18 -19 -20 -21 -22 27 -24 26 -26 -27 -28 -29 -30 -31
leaf_value=-0.024721364757499181 -0.0031809832900762561 -0.012284467369318009 0.0037083569914102554 0.021830725222060535 -0.00056006922386586666 -0.0044913310557603836 -0.0021062211990947764 0.0018321067094802857 0.0041149688639438176 0.0062749758362770081 0.0081661663949489597 -0.00095760589465498924 -0.0016950512304902078 -0.0052156906574964525 0.0012768262065947058 0.0092337056994438171 0.0091156899929046627 -0.008584391325712204 0.011427870392799378 -0.0098001606762409214 0.00026396061293780803 -0.0040648531168699263 0.0047655805945396425 0.0055981825492004075 -0.0129063013009727 -0.00067518334835767755 0.0057316478341817856 -0.0040093533694744114 -0.0045318339020013814 0.0018453143537044527
leaf_weight=74 62 61 62 73 61 61 63 61 66 62 61 62 61 62 61 61 62 61 62 62 62 61 61 123 64 61 62 62 61 62
leaf_count=74 62 61 62 73 61 61 63 61 66 62 61 62 61 62 61 61 62 61 62 62 62 61 61 123 64 61 62 62 61 62
internal_value=3.87081e-12 -0.00372359 -0.00232751 0.00543653 -0.00433955 -0.00681052 0.00381927 0.00477406 -0.00153912 0.00555647 0.00776531 -0.00265702 -0.00255042 -0.00347184 -0.0009702 0.00661744 0.00618611 -0.0109138 0.00981028 -0.0116736 -0.000707582 -0.00443194 0.00559639 0.00580157 -0.0126028 -0.000817543 0.00564291 -0.00403688 -0.00451158 0.00183876
internal_weight=2000 1187 1113 813 928 493 740 617 435 554 185 245 369 246 123 431 370 248 123 187 123 185 308 247 125 123 185 123 122 123
internal_count=2000 1187 1113 813 928 493 740 617 435 554 185 245 369 246 123 431 370 248 123 187 123 185 308 247 125 123 185 123 122 123
is_linear=0
shrinkage=0.1


Tree=20
num_leaves=31
num_cat=0
split_feature=11 9 6 3 0 1 2 3 7 8 9 2 0 0 0 1 2 0 10 0 1 3 0 0 0 0 0 0 0 0
split_gain=3.47106 3.23757 2.18816 2.03863 0.530007 0.513505 0.734627 0.339213 0.183058 0.115325 0.0676997 0.0540821 0.0494931 0.0494931 0.0476096 0.0462274 0.0367765 0.0354272 0.0496816 0.0308706 0.0158148 0.00454369 0.00368132 0.00128601 0.0012315 0.000242719 0.000198655 4.00719e-05 1.01944e-05 4.05284e-06
threshold=20.500000000000004 28.500000000000004 11.500000000000002 8.5000000000000018 15.500000000000002 10.500000000000002 24.500000000000004 1.5000000000000002 1.5000000000000002 12.500000000000002 26.500000000000004 20.500000000000004 14.500000000000002 27.500000000000004 9.5000000000000018 27.500000000000004 1.0000000180025095e-35 29.500000000000004 30.500000000000004 5.5000000000000009 26.500000000000004 30.500000000000004 18.500000000000004 22.500000000000004 23.500000000000004 21.500000000000004 12.500000000000002 28.500000000000004 20.500000000000004 16.500000000000004
decision_type=2 2 2 2 2 2 2 2 2 2 2 2 2 2 2 2 2 2 2 2 2 2 2 2 2 2 2 2 2 2
left_child=1 3 7 -1 12 6 14 13 -9 20 29 15 -3 -2 -5 23 -16 18 21 -17 -7 24 -18 25 -10 28 -12 -26 -11 -8
right_child=2 4 -4 5 -6 9 10 8 17 11 26 -13 -14 -15 16 19 22 -19 -20 -21 -22 -23 -24 -25 27 -27 -28 -29 -30 -31
leaf_value=-0.021443592321494939 -0.0028628850355744365 0.003337521106004715 0.022248590321073104 -0.012424631795057884 0.016547900694422423 -0.0033842758130049333 -0.0040421977639198301 0.0016548877430519436 0.0056474786251783371 -0.0005040623247623444 -0.00086184525862336163 0.0016299206645242752 0.0073495499789714815 0.0011491435579955578 -0.011264410614967347 -0.0046941217035055167 -0.0088201440870761868 0.0083103351294994358 0.0082041211426258087 -0.0015255460515618325 -0.005607368284836412 0.0042890228331089022 -0.0077259525656700138 -0.001144669484347105 0.0050447884947061542 -0.00077595757320523271 -0.00060766497626900677 0.0051584828644990928 -0.0005618761293590069 -0.0040786504745483404
leaf_weight=71 62 62 72 65 64 64 61 123 62 61 62 63 61 61 62 62 62 61 62 61 64 61 61 61 62 62 61 62 61 61
leaf_count=71 62 62 72 65 64 64 61 123 62 61 62 63 61 61 62 62 62 61 62 61 64 61 61 61 62 62 61 62 61 61
internal_value=3.35276e-11 -0.00301678 0.00575292 -0.00504207 0.00916746 -0.00393722 -0.00628283 0.00382486 0.00499699 -0.00186016 -0.00239132 -0.00107741 0.00532723 -0.00087318 -0.0100965 -0.0015409 -0.00927852 0.00610801 0.00567324 -0.00312271 -0.00449582 0.00503796 -0.0082775 -0.000746761 0.00528358 -0.000614846 -0.000735788 0.00510164 -0.000532969 -0.00406042
internal_weight=2000 1312 688 1125 187 1054 495 616 493 559 245 431 123 123 250 368 185 370 309 123 128 247 123 245 186 184 123 124 122 122
internal_count=2000 1312 688 1125 187 1054 495 616 493 559 245 431 123 123 250 368 185 370 309 123 128 247 123 245 186 184 123 124 122 122
is_linear=0
shrinkage=0.1


Tree=21
num_leaves=31
num_cat=0
split_feature=4 6 6 9 1 2 11 3 7 0 9 8 0 0 10 0 1 0 0 0 0 1 4 3 0 0 0 0 0 0
split_gain=2.97627 2.77314 2.67348 1.58032 0.320345 0.411699 0.237672 0.261494 0.125887 0.0882469 0.0637913 0.0704079 0.0400894 0.0396713 0.0525729 0.0311838 0.0145934 0.0133296 0.012493 0.0108148 0.00717979 0.0105668 0.00654757 0.00368038 0.00356825 0.00210473 0.000997518 0.000890523 0.000160911 3.24581e-05
threshold=16.500000000000004 18.500000000000004 14.500000000000002 28.500000000000004 1.5000000000000002 1.5000000000000002 20.500000000000004 1.5000000000000002 1.5000000000000002 14.500000000000002 20.500000000000004 3.5000000000000004 27.500000000000004 29.500000000000004 30.500000000000004 18.500000000000004 24.500000000000004 21.500000000000004 15.500000000000002 9.5000000000000018 6.5000000000000009 12.500000000000002 13.500000000000002 30.500000000000004 22.500000000000004 16.500000000000004 23.500000000000004 10.500000000000002 12.500000000000002 28.500000000000004
decision_type=2 2 2 2 2 2 2 2 2 2 2 2 2 2 2 2 2 2 2 2 2 2 2 2 2 2 2 2 2 2
left_child=2 6 -1 4 19 15 17 12 -9 -5 22 27 -8 14 16 -6 23 -2 -11 -4 -13 28 25 26 -19 -7 -10 -12 -22 -28
right_child=1 -3 3 9 5 10 7 8 13 18 11 20 -14 -15 -16 -17 -18 24 -20 -21 21 -23 -24 -25 -26 -27 29 -29 -30 -31
leaf_value=-0.021958665019908064 0.00055647054687142379 0.02268383775938403 -0.0098135575652122508 0.0030037691816687585 -0.010137970000505448 -0.0044948732332577785 -0.0025765966624021531 0.0014893989858588553 0.0050827305763959888 0.0066145949065685274 -0.00309763103723526 -0.0013729914091527462 0.0010342292487621307 0.00747930184006691 0.0073837086558341987 -0.0069533571600914005 0.0028069755062460899 -0.00069836182519793515 0.008630293607711793 -0.0079381301999092106 -0.00077566076070070269 0.00093038646811028085 -0.0028440490310458703 0.0038601204752922061 -0.0017669648700763309 -0.0036707855761051178 0.0045403096824884418 -0.0036379780620336534 -0.00054689850658178334 0.0046426344662904738
leaf_weight=74 62 74 61 62 62 63 62 123 62 61 61 61 61 61 62 61 61 62 62 62 62 63 64 61 63 61 62 61 61 62
leaf_count=74 62 74 61 62 62 63 62 123 62 61 61 61 61 61 62 61 61 62 62 62 62 63 64 61 63 61 62 61 61 62
internal_value=-6.00412e-11 0.00410471 -0.00362544 -0.0022523 -0.00417195 -0.00332248 0.00251344 0.00338512 0.00431117 0.00608001 -0.0021662 -0.00140234 -0.000785862 0.00511645 0.0047269 -0.00855861 0.00419209 -0.000642332 0.00763064 -0.00886822 -0.000431538 -0.000122782 -0.0036655 0.00453417 -0.00123694 -0.00408948 0.00475522 -0.0033678 -0.00066221 0.00459147
internal_weight=2000 938 1062 988 803 680 864 677 554 185 557 369 123 431 370 123 308 187 123 123 247 186 188 247 125 124 186 122 123 124
internal_count=2000 938 1062 988 803 680 864 677 554 185 557 369 123 431 370 123 308 187 123 123 247 186 188 247 125 124 186 122 123 124
is_linear=0
shrinkage=0.1


Tree=22
num_leaves=31
num_cat=0
split_feature=8 6 3 9 7 2 6 3 6 0 11 6 6 0 0 10 0 0 6 0 0 4 0 1 0 0 0 5 0 0
split_gain=2.59387 3.1609 2.83719 1.33207 0.34643 0.335621 0.31115 0.170948 0.158867 0.07148 0.0477884 0.0375122 0.0373851 0.0331987 0.0324724 0.0291682 0.0279028 0.0252589 0.0250235 0.0128989 0.0101193 0.00344812 0.00152506 0.00131196 0.000921623 0.00036092 0.000304295 0.000282297 7.42647e-05 5.71369e-05
threshold=15.500000000000002 16.500000000000004 13.500000000000002 28.500000000000004 11.500000000000002 1.5000000000000002 14.500000000000002 1.5000000000000002 8.5000000000000018 14.500000000000002 29.500000000000004 19.500000000000004 26.500000000000004 11.500000000000002 27.500000000000004 3.5000000000000004 24.500000000000004 18.500000000000004 15.500000000000002 1.5000000000000002 15.500000000000002 30.500000000000004 28.500000000000004 26.500000000000004 19.500000000000004 30.500000000000004 20.500000000000004 9.5000000000000018 22.500000000000004 21.500000000000004
decision_type=2 2 2 2 2 2 2 2 2 2 2 2 2 2 2 2 2 2 2 2 2 2 2 2 2 2 2 2 2 2
left_child=2 6 -1 4 11 17 7 14 15 -5 21 -4 13 -7 -2 22 -17 -6 -8 -12 -11 23 -9 25 -14 -10 -26 29 -29 -15
right_child=1 -3 3 9 5 12 18 8 10 20 19 -13 24 27 -16 16 -18 -19 -20 -21 -22 -23 -24 -25 26 -27 -28 28 -30 -31
leaf_value=-0.02272696558179127 -0.0023189369589090348 0.023342958165449092 -0.010472561791539194 0.0027033923193812374 -0.0091241732239723209 -0.0032741803675889972 -0.0040453860329257114 0.0034741085022687913 0.0010051421430562772 0.0059531357139348991 0.0045744575560092929 -0.0070351792469857235 -0.0033037070184946064 -0.00049220863729715347 0.00093080634251236922 0.0040862787514925007 0.0066880048048205496 -0.0062580212950706484 -0.0012155388556082825 0.0025262778624892237 0.007767263799905777 0.00050082346424460409 0.0041783712804317474 0.0017422104254364969 -0.002985585480928421 0.0013463541865348816 -0.0026722810711831816 -0.00069809467531740672 -0.0008535061031579972 -0.00062852567061781888
leaf_weight=72 62 75 64 62 62 61 63 61 62 61 62 63 61 61 61 62 123 61 62 61 62 62 62 61 62 62 62 62 61 62
leaf_count=72 62 75 64 62 62 61 63 61 62 61 62 63 61 61 61 62 123 61 62 61 62 62 62 61 62 62 62 62 61 62
internal_value=-2.29265e-11 0.0035977 -0.0036049 -0.00211969 -0.0040125 -0.0030306 0.00199846 0.00272259 0.00334483 0.00547201 0.00194821 -0.0087674 -0.00186256 -0.00118588 -0.000707276 0.00502258 0.00581607 -0.00770275 -0.00264178 0.00355869 0.00686757 0.00114623 0.0038291 0.00136253 -0.00298548 0.00117575 -0.00282893 -0.000668045 -0.000775169 -0.000560921
internal_weight=2000 1001 999 927 742 615 926 801 678 185 370 127 492 307 123 308 185 123 125 123 123 247 123 185 185 124 124 246 123 123
internal_count=2000 1001 999 927 742 615 926 801 678 185 370 127 492 307 123 308 185 123 125 123 123 247 123 185 185 124 124 246 123 123
is_linear=0
shrinkage=0.1


Tree=23
num_leaves=31
num_cat=0
split_feature=4 6 6 9 1 2 6 3 7 0 9 4 0 0 10 0 1 8 1 0 0 0 0 3 5 0 0 0 0 0
split_gain=2.26355 2.59479 2.17913 1.01587 0.214519 0.276963 0.149858 0.171867 0.0816787 0.0578988 0.0521651 0.0501232 0.0263027 0.0261464 0.0343793 0.0204597 0.0156864 0.0118852 0.00957474 0.00819667 0.00555533 0.00519303 0.0025803 0.0024147 0.00206806 0.00119767 0.00065447 0.00025205 3.93412e-05 2.12959e-05
threshold=17.500000000000004 12.500000000000002 14.500000000000002 28.500000000000004 1.5000000000000002 1.5000000000000002 1.5000000000000002 1.5000000000000002 1.5000000000000002 14.500000000000002 20.500000000000004 8.5000000000000018 27.500000000000004 29.500000000000004 30.500000000000004 18.500000000000004 2.5000000000000004 30.500000000000004 24.500000000000004 15.500000000000002 9.5000000000000018 9.5000000000000018 22.500000000000004 30.500000000000004 7.5000000000000009 7.5000000000000009 23.500000000000004 19.500000000000004 11.500000000000002 28.500000000000004
decision_type=2 2 2 2 2 2 2 2 2 2 2 2 2 2 2 2 2 2 2 2 2 2 2 2 2 2 2 2 2 2
left_child=2 6 -1 4 20 15 22 12 -9 -5 21 16 -8 14 18 -6 -12 25 23 -11 -4 -7 -2 26 27 -18 -10 -23 -27 -28
right_child=1 -3 3 9 5 10 7 8 13 19 11 -13 -14 -15 -16 -17 17 -19 -20 -21 -22 24 -24 -25 -26 28 29 -29 -30 -31
leaf_value=-0.01955578598269337 -0.00056567308492958544 0.021727974408281014 -0.0077849455177783971 0.0024330530315637591 -0.0082117557525634762 -0.0036408474521031457 -0.0020870432257652284 0.0012227455631080198 0.0041170116513967519 0.0053578220307827001 -0.0029467623680830002 0.0015852805212258347 0.00083772568032145509 0.0060625709593296051 0.0059765372425317764 -0.0056322194635868078 -0.0011141384020447731 -0.0023527620360255241 0.0022736500948667528 0.0069905377924442298 -0.0064407989382743837 -0.0029733361676335338 -0.0014743810320006949 0.0031266976147890091 -0.0021244626802702743 -0.00051517137326300149 0.0036776509135961533 -0.0026870269328355791 -0.0006282852031290532 0.003760534152388573
leaf_weight=74 62 74 61 62 62 63 62 123 62 61 61 63 61 61 62 61 61 62 61 62 62 61 63 61 63 61 62 62 62 62
leaf_count=74 62 74 61 62 62 63 62 123 62 61 61 63 61 61 62 61 61 62 61 62 62 61 63 61 63 61 62 62 62 62
internal_value=-4.28408e-12 0.00381075 -0.00296995 -0.00180104 -0.00323952 -0.00259834 0.00215754 0.00274492 0.00349567 0.00492481 -0.00173712 -0.000984034 -0.000636548 0.00414433 0.00382808 -0.00693247 -0.00151129 -0.00115534 0.0033956 0.00618082 -0.00710741 -0.00285616 -0.00102366 0.00367268 -0.00259038 -0.000751856 0.00385173 -0.00282902 -0.000572188 0.00371909
internal_weight=2000 876 1124 1050 865 742 802 677 554 185 619 370 123 431 370 123 307 246 308 123 123 249 125 247 186 184 186 123 123 124
internal_count=2000 876 1124 1050 865 742 802 677 554 185 619 370 123 431 370 123 307 246 308 123 123 249 125 247 186 184 186 123 123 124
is_linear=0
shrinkage=0.1


Tree=24
num_leaves=31
num_cat=0
split_feature=8 6 3 9 7 2 6 3 4 7 0 3 6 6 0 10 0 0 6 4 0 1 2 0 0 0 0 2 0 0
split_gain=1.87832 2.58338 2.2541 0.881621 0.235214 0.217901 0.203621 0.111859 0.123158 0.0505577 0.046898 0.0459014 0.0269927 0.0243949 0.0224161 0.0281053 0.0211104 0.0165724 0.0164702 0.00777926 0.00663931 0.00301753 0.00208 0.00050459 0.000261465 0.000108689 5.94829e-05 3.47989e-05 8.57045e-06 1.52008e-06
threshold=15.500000000000002 16.500000000000004 13.500000000000002 28.500000000000004 11.500000000000002 1.5000000000000002 14.500000000000002 1.0000000180025095e-35 30.500000000000004 1.5000000000000002 14.500000000000002 1.5000000000000002 19.500000000000004 26.500000000000004 29.500000000000004 30.500000000000004 11.500000000000002 18.500000000000004 15.500000000000002 29.500000000000004 15.500000000000002 19.500000000000004 7.5000000000000009 19.500000000000004 3.5000000000000004 20.500000000000004 28.500000000000004 4.5000000000000009 12.500000000000002 30.500000000000004
decision_type=2 2 2 2 2 2 2 2 2 2 2 2 2 2 2 2 2 2 2 2 2 2 2 2 2 2 2 2 2 2
left_child=2 6 -1 4 12 17 7 -2 9 29 -5 -11 -4 16 15 19 -7 -6 -8 21 -12 22 -13 -15 -23 -25 -26 -18 -29 -9
right_child=1 -3 3 10 5 13 18 8 -10 11 20 14 -14 23 -16 -17 27 -19 -20 -21 -22 24 -24 25 26 -27 -28 28 -30 -31
leaf_value=-0.020111853602833841 -0.0018783388659358025 0.020912056292096776 -0.0086481397389434281 0.0021897478029131892 -0.007390580326318741 -0.0026520861312747004 -0.0032767627269975723 0.0011116785928606987 -0.001722056232392788 0.00075395312160253525 0.0048220396041870122 0.0033098857849836352 -0.0057322935275142158 -0.0026760024949908259 0.0054563138633966449 0.0053788837045431141 -0.00050910576246678831 -0.005068997293710709 -0.00098094156597770994 0.0020462851971387863 0.0062914840877056127 0.0037053104490041735 0.0024907589920105475 -0.00241832435131073 0.0035235680639743808 -0.0022310784026499716 0.0033844806253910068 -0.00056545669212937355 -0.00061111659742891795 0.0010894441977143288
leaf_weight=72 62 75 64 62 62 61 63 61 62 61 61 62 63 61 61 62 62 61 62 61 62 62 62 62 61 62 62 62 122 62
leaf_count=72 62 75 64 62 62 61 63 61 62 61 61 62 63 61 61 62 62 61 62 61 62 62 62 62 61 62 62 62 122 62
internal_value=-6.10016e-12 0.00306151 -0.00306764 -0.00174381 -0.00328369 -0.0024746 0.00161573 0.00220152 0.00254381 0.00293448 0.00443233 0.00334167 -0.0072017 -0.00153345 0.00366185 0.00340847 -0.000986829 -0.00623923 -0.00213804 0.00307829 0.00556274 0.00328202 0.00290032 -0.00244054 0.00353786 -0.0023247 0.00345346 -0.000573899 -0.000595731 0.00110047
internal_weight=2000 1001 999 927 742 615 926 801 739 677 185 554 127 492 493 432 307 123 125 370 123 309 124 185 185 124 123 246 184 123
internal_count=2000 1001 999 927 742 615 926 801 739 677 185 554 127 492 493 432 307 123 125 370 123 309 124 185 185 124 123 246 184 123
is_linear=0
shrinkage=0.1


Tree=25
num_leaves=31
num_cat=0
split_feature=4 6 6 9 1 2 6 3 1 7 1 0 9 4 0 0 10 0 1 1 0 0 0 0 3 5 0 0 0 0
split_gain=1.63635 2.11799 1.7962 0.66776 0.13327 0.179635 0.100012 0.113002 0.0600423 0.0537968 0.0419299 0.0379874 0.0373975 0.0337638 0.0172572 0.0170538 0.0224183 0.0134236 0.0115325 0.00637081 0.00537784 0.00338869 0.00259204 0.00191149 0.00141467 0.00132465 0.000481494 0.000429399 0.00016537 1.39722e-05
threshold=17.500000000000004 12.500000000000002 14.500000000000002 28.500000000000004 1.5000000000000002 1.5000000000000002 1.5000000000000002 1.5000000000000002 30.500000000000004 1.5000000000000002 29.500000000000004 14.500000000000002 20.500000000000004 8.5000000000000018 27.500000000000004 29.500000000000004 30.500000000000004 18.500000000000004 2.5000000000000004 24.500000000000004 15.500000000000002 9.5000000000000018 9.5000000000000018 22.500000000000004 30.500000000000004 7.5000000000000009 11.500000000000002 23.500000000000004 19.500000000000004 28.500000000000004
decision_type=2 2 2 2 2 2 2 2 2 2 2 2 2 2 2 2 2 2 2 2 2 2 2 2 2 2 2 2 2 2
left_child=2 6 -1 4 22 17 23 14 10 -9 12 -5 21 18 -8 16 19 -6 -14 24 -13 -7 -4 -2 27 28 -20 -11 -23 -29
right_child=1 -3 3 11 5 8 7 9 -10 15 -12 20 13 -15 -16 -17 -18 -19 26 -21 -22 25 -24 -25 -26 -27 -28 29 -30 -31
leaf_value=-0.017583382799214609 -0.00045819520018994811 0.019427622760318827 -0.006141636893153191 0.0019707730039954185 -0.0066515222191810613 -0.0029490863756527976 -0.0016905050724744797 0.00099042389178421444 0.0015475311316549779 0.0033347796648740772 -0.004208691418170929 0.0043398357927799227 -0.0023868774995207788 0.0014195366341265897 0.00067855780944228174 0.0049106825143098833 0.0048409953713417055 -0.0045620977878570558 -0.00090463040396571159 0.0018416566774249077 0.0056623354554176334 -0.0024084022268652918 -0.0052234895527362825 -0.0012403169535987434 0.0025649517774581909 -0.0017276281054826486 -0.00050891102291643624 0.0029788970947265628 -0.0021764919161796569 0.0030460326001048089
leaf_weight=74 62 74 61 62 62 63 62 123 61 62 62 61 61 63 61 61 62 61 61 61 62 61 62 63 61 63 62 62 62 62
leaf_count=74 62 74 61 62 62 63 62 123 61 62 62 61 61 63 61 61 62 61 61 61 62 61 62 63 61 63 62 62 62 62
internal_value=-1.56695e-11 0.00324007 -0.00252518 -0.00146393 -0.00263018 -0.00212482 0.00174645 0.00222629 -0.00143123 0.00283506 -0.00175686 0.0039891 -0.00145039 -0.000578557 -0.000515604 0.00336148 0.00310607 -0.0056153 -0.00126269 0.00275683 0.00500646 -0.00231521 -0.00567883 -0.000852385 0.00298285 -0.00210051 -0.000705162 0.0031199 -0.0022915 0.00301246
internal_weight=2000 876 1124 1050 865 742 802 677 619 554 558 185 496 247 123 431 370 123 184 308 123 249 123 125 247 186 123 186 123 124
internal_count=2000 876 1124 1050 865 742 802 677 619 554 558 185 496 247 123 431 370 123 184 308 123 249 123 125 247 186 123 186 123 124
is_linear=0
shrinkage=0.1


Tree=26
num_leaves=31
num_cat=0
split_feature=11 3 6 9 0 0 9 1 5 3 2 2 7 0 0 0 0 2 0 10 1 3 0 0 0 0 0 0 0 0
split_gain=1.42567 2.88638 1.60058 0.984745 0.288263 0.163065 0.124593 0.187093 0.0974267 0.0962076 0.0889478 0.086328 0.0513908 0.0226287 0.015528 0.014797 0.0139783 0.0102962 0.00997775 0.0138604 0.00736732 0.00114588 0.00108948 0.000853705 0.000347813 0.000154747 1.13175e-05 1.11859e-05 1.65474e-06 1.23126e-06
threshold=20.500000000000004 8.5000000000000018 11.500000000000002 29.500000000000004 4.5000000000000009 15.500000000000002 26.500000000000004 10.500000000000002 26.500000000000004 1.5000000000000002 20.500000000000004 24.500000000000004 1.5000000000000002 13.500000000000002 9.5000000000000018 21.500000000000004 27.500000000000004 1.0000000180025095e-35 29.500000000000004 30.500000000000004 28.500000000000004 30.500000000000004 18.500000000000004 19.500000000000004 23.500000000000004 12.500000000000002 28.500000000000004 20.500000000000004 22.500000000000004 30.500000000000004
decision_type=2 2 2 2 2 2 2 2 2 2 2 2 2 2 2 2 2 2 2 2 2 2 2 2 2 2 2 2 2 2
left_child=1 -1 9 4 -3 -5 7 11 10 16 15 14 29 25 -6 20 -2 -16 19 21 23 24 -19 -9 -14 -8 -26 -25 -17 -11
right_child=2 3 -4 5 6 -7 13 8 -10 12 -12 -13 18 -15 17 28 -18 22 -20 -21 -22 -23 -24 27 26 -27 -28 -29 -30 -31
leaf_value=-0.021542897904422924 -0.0015214544720947743 0.0049295496195554738 0.017795055023291047 0.0039058521389961245 -0.006732332832538164 0.011131567868869752 -0.00045801992528140547 -0.0023840138688683513 0.0022356335953988421 0.00090146828442811972 -0.0053578194463625552 -0.0021578758955001832 0.0030013015493750572 0.0017736956477165224 -0.0059863697737455373 -0.00041237566620111465 0.00061070201918482785 -0.0047011405229568483 0.0044196143746376036 0.004356895759701729 -0.0008141673170030117 0.0023084565997123717 -0.0041058879345655446 -0.0019588425755500795 0.0026810074225068095 -0.00068235783837735655 0.0027414292097091677 -0.0018985273316502573 -0.00043557398021221161 0.00088145742192864425
leaf_weight=71 62 61 72 61 65 64 62 62 65 61 64 122 62 62 62 62 61 62 61 62 61 61 61 62 62 61 62 61 61 62
leaf_count=71 62 61 72 61 65 64 62 62 65 61 64 122 62 62 62 62 61 62 61 62 61 61 61 62 62 61 62 61 61 62
internal_value=-3.28873e-13 -0.0019334 0.00368695 -0.000811501 -0.00175426 0.00760542 -0.00214071 -0.00264184 -0.0013744 0.00203795 -0.00191633 -0.00433857 0.00266217 0.000215935 -0.00540275 -0.00131943 -0.000464044 -0.00493559 0.00325084 0.00302011 -0.0017672 0.00268457 -0.00440593 -0.00208144 0.00280791 -0.000569277 0.00271122 -0.00192893 -0.000423881 0.000891382
internal_weight=2000 1312 688 1241 1116 125 1055 870 498 616 433 372 493 185 250 369 123 185 370 309 246 247 123 185 186 123 124 123 123 123
internal_count=2000 1312 688 1241 1116 125 1055 870 498 616 433 372 493 185 250 369 123 185 370 309 246 247 123 185 186 123 124 123 123 123
is_linear=0
shrinkage=0.1


Tree=27
num_leaves=31
num_cat=0
split_feature=8 6 3 9 7 2 6 4 7 0 1 11 0 1 6 6 0 0 0 6 0 0 0 0 2 0 0 0 2 0
split_gain=1.27864 2.22207 1.82433 0.441166 0.132794 0.114334 0.110561 0.084601 0.0720515 0.0257718 0.028799 0.0230219 0.0191378 0.0173552 0.0167208 0.0129068 0.0109817 0.010786 0.00880724 0.00870661 0.00701425 0.00257383 0.000816743 0.000672528 0.000226763 0.000211098 0.000182581 1.82912e-05 3.97707e-06 2.97638e-06
threshold=15.500000000000002 16.500000000000004 13.500000000000002 28.500000000000004 11.500000000000002 1.5000000000000002 14.500000000000002 21.500000000000004 29.500000000000004 1.5000000000000002 17.500000000000004 24.500000000000004 14.500000000000002 15.500000000000002 19.500000000000004 26.500000000000004 1.0000000180025095e-35 11.500000000000002 18.500000000000004 15.500000000000002 29.500000000000004 27.500000000000004 24.500000000000004 15.500000000000002 26.500000000000004 19.500000000000004 30.500000000000004 20.500000000000004 4.5000000000000009 26.500000000000004
decision_type=2 2 2 2 2 2 2 2 2 2 2 2 2 2 2 2 2 2 2 2 2 2 2 2 2 2 2 2 2 2
left_child=2 6 -1 4 14 18 7 13 9 16 -11 29 -5 -2 -4 17 -9 -7 -6 -8 -10 -13 -15 -14 28 -17 -23 -27 -19 -12
right_child=1 -3 3 12 5 15 19 8 20 10 11 21 23 22 -16 25 -18 24 -20 -21 -22 26 -24 -25 -26 27 -28 -29 -30 -31
leaf_value=-0.017864564228026816 0.0021357790226974186 0.019081233114004136 -0.0065116755256894978 0.001596326008439064 -0.0053877327591180801 -0.001932402141392231 -0.0024088743305395524 0.00081132147461175923 0.0024672864004969598 0.0020776109769940379 -0.0013383232057094575 -0.00012201457284390927 0.003515266999602318 0.0044365946203470232 -0.0042167408244004325 -0.0019517743960022927 0.0027011714875698092 -0.00037113812286406758 -0.0036952991038560869 -0.0007396550954229409 0.0039776530116796497 0.00054963179863989355 0.0039212062954902651 0.0039829451590776442 -0.00061412206850945954 -0.0017629584297537805 0.00079331165179610255 -0.0016861444786040775 -0.00040219938382506375 -0.0013693090528249742
leaf_weight=72 63 75 64 62 62 61 63 61 62 61 62 61 61 61 63 61 62 62 61 62 61 61 62 62 61 62 62 62 123 62
leaf_count=72 63 75 64 62 62 61 63 61 62 61 62 61 61 61 63 61 62 62 61 62 61 61 62 62 61 62 62 62 123 62
internal_value=5.36675e-12 0.00252595 -0.00253101 -0.00134005 -0.00242935 -0.00182142 0.00118508 0.00161673 0.00105155 0.000510354 9.24961e-05 -0.00030066 0.0030289 0.00348549 -0.00537324 -0.00113968 0.00176393 -0.000742082 -0.0045484 -0.00158094 0.00321633 0.000409076 0.00417681 0.00375101 -0.000446921 -0.00179947 0.000672462 -0.00172455 -0.00039179 -0.00135382
internal_weight=2000 1001 999 927 742 615 926 801 615 492 369 308 185 186 127 492 123 307 123 125 123 184 123 123 246 185 123 124 185 124
internal_count=2000 1001 999 927 742 615 926 801 615 492 369 308 185 186 127 492 123 307 123 125 123 184 123 123 246 185 123 124 185 124
is_linear=0
shrinkage=0.1


Tree=28
num_leaves=31
num_cat=0
split_feature=4 6 6 9 1 1 2 1 6 3 1 9 4 0 0 0 0 10 0 0 1 0 0 0 5 0 0 0 0 0
split_gain=1.10223 2.14367 1.54302 0.326817 0.155039 0.0559794 0.062643 0.0870864 0.0496471 0.0525905 0.0410729 0.0223852 0.0228463 0.0155016 0.0101093 0.00917117 0.00889521 0.00820056 0.00756785 0.00713386 0.00611849 0.00208667 0.00183788 0.00142591 0.000593873 0.000544748 0.00047664 0.000378188 0.000252892 8.8793e-05
threshold=17.500000000000004 12.500000000000002 14.500000000000002 28.500000000000004 30.500000000000004 29.500000000000004 1.5000000000000002 1.5000000000000002 1.5000000000000002 1.5000000000000002 21.500000000000004 20.500000000000004 8.5000000000000018 14.500000000000002 1.5000000000000002 27.500000000000004 1.0000000180025095e-35 3.5000000000000004 24.500000000000004 18.500000000000004 2.5000000000000004 30.500000000000004 9.5000000000000018 22.500000000000004 7.5000000000000009 15.500000000000002 9.5000000000000018 28.500000000000004 11.500000000000002 19.500000000000004
decision_type=2 2 2 2 2 2 2 2 2 2 2 2 2 2 2 2 2 2 2 2 2 2 2 2 2 2 2 2 2 2
left_child=2 8 -1 4 5 6 19 26 23 15 17 22 20 -5 16 -10 -12 27 -19 -4 -13 -16 -9 -2 29 -15 -8 -11 -22 -24
right_child=1 -3 3 13 -6 -7 7 11 9 10 14 12 -14 25 21 -17 -18 18 -20 -21 28 -23 24 -25 -26 -27 -28 -29 -30 -31
leaf_value=-0.01602910957928445 -0.00033402431290596724 0.018944578116910683 -0.0048489592969417575 0.0014366935007274152 0.0029556710273027421 -0.0051601637154817586 -0.0042030721902847294 -0.0021679868123361044 -0.0012323781847953796 0.0018698498606681824 0.00073018935509026059 -0.0017391618341207505 0.0012860474590626028 0.0031637404114007953 -0.00010981311788782477 0.00049466863274574282 0.0024310542270541192 0.0021993286907672884 0.0035542799720192347 -0.0033257693052291871 -0.00065878508612513551 0.00071398052386939526 -0.001756596937775612 -0.0010095396862616615 -0.00129338385064214 0.0035846509039402009 -0.0038093525916337969 0.0022205578163266185 -0.0003719979897141457 -0.0015866626054048538
leaf_weight=74 62 74 62 62 61 62 61 63 62 61 61 61 63 61 61 61 62 62 123 61 61 62 61 63 63 62 62 62 62 62
leaf_count=74 62 74 62 62 61 62 61 63 62 61 61 61 63 61 61 61 62 62 123 61 61 62 61 63 63 62 62 62 62 62
internal_value=-6.04778e-12 0.0026592 -0.00207247 -0.00108886 -0.00190476 -0.00227353 -0.00203232 -0.00162274 0.00115656 0.00149464 0.00190994 -0.00103208 -0.000357561 0.00272601 0.000946484 -0.000375875 0.00158754 0.00267945 0.00310019 -0.00409356 -0.000920319 0.000305432 -0.00170117 -0.000674484 -0.00154306 0.00337591 -0.00400461 0.00204663 -0.000514226 -0.00167094
internal_weight=2000 876 1124 1050 865 804 742 619 802 677 554 496 247 185 246 123 123 308 185 123 184 123 249 125 186 123 123 123 123 123
internal_count=2000 876 1124 1050 865 804 742 619 802 677 554 496 247 185 246 123 123 308 185 123 184 123 249 125 186 123 123 123 123 123
is_linear=0
shrinkage=0.1


Tree=29
num_leaves=31
num_cat=0
split_feature=8 6 3 9 4 6 7 2 3 1 9 7 0 6 0 0 0 0 10 0 0 0 0 2 0 0 2 0 0 0
split_gain=0.956677 1.86342 1.49794 0.293498 0.140522 0.159376 0.091988 0.0738468 0.0425983 0.0332691 0.0234642 0.0126121 0.0125563 0.00836924 0.00818854 0.00742865 0.00720512 0.00673642 0.00664246 0.00612996 0.00577843 0.00367729 0.0016902 0.000682275 0.000441246 0.000306332 0.000117558 1.82813e-05 7.93562e-06 3.62087e-06
threshold=15.500000000000002 16.500000000000004 13.500000000000002 28.500000000000004 1.0000000180025095e-35 12.500000000000002 11.500000000000002 1.5000000000000002 1.5000000000000002 21.500000000000004 18.500000000000004 10.500000000000002 14.500000000000002 26.500000000000004 1.5000000000000002 27.500000000000004 1.0000000180025095e-35 11.500000000000002 3.5000000000000004 24.500000000000004 18.500000000000004 5.5000000000000009 30.500000000000004 26.500000000000004 15.500000000000002 28.500000000000004 25.500000000000004 22.500000000000004 29.500000000000004 21.500000000000004
decision_type=2 2 2 2 2 2 2 2 2 2 2 2 2 2 2 2 2 2 2 2 2 2 2 2 2 2 2 2 2 2
left_child=2 4 -1 6 -2 8 11 20 15 18 -7 -4 -5 17 16 -6 -11 -9 25 -20 -8 -12 -16 27 -14 -10 -15 29 -21 -19
right_child=1 -3 3 12 5 10 7 13 9 14 21 -13 24 26 22 -17 -18 23 19 28 -22 -23 -24 -25 -26 -27 -28 -29 -30 -31
leaf_value=-0.016083629936393767 0.005595846101641655 0.017345383723576864 -0.0054220423962061219 0.0012930241413414479 -0.0011091403663158418 -0.0035010161693207922 -0.0043640635907649999 -0.0015652457252144814 0.0016828648746013643 0.00065717040561139592 -0.0016879264265298845 -0.0034284174442291262 0.0028473662212491037 -0.0014194292016327381 -9.8831811919808393e-05 0.00044520176015794277 0.0021879488602280618 -0.00033479819539934398 0.0019793959334492685 0.0031736575067043307 -0.0029931921511888505 -0.00059878750433844908 0.00064258244819939139 -0.000681314617395401 0.0032261855900287632 0.0019985020160675051 -0.001588303715951981 -0.00025084270164370536 0.0032244596630334856 -0.00030062186997383835
leaf_weight=72 61 75 65 62 62 64 62 61 61 61 62 62 61 123 61 61 62 62 62 62 61 62 62 61 62 62 62 61 61 62
leaf_count=72 61 75 65 62 62 64 62 61 61 61 62 62 61 123 61 61 62 62 62 62 61 62 62 61 62 62 62 61 61 62
internal_value=-1.8836e-11 0.00218491 -0.00218928 -0.00111011 0.000957009 0.000629878 -0.00199859 -0.00149262 0.00134518 0.00171894 -0.00194596 -0.00444878 0.00245341 -0.00094472 0.000851836 -0.000338288 0.00142878 -0.000624553 0.0024115 0.00279017 -0.0036842 -0.00114336 0.000274889 -0.000391291 0.00303832 0.00184197 -0.00147602 -0.000295662 0.00319885 -0.00031771
internal_weight=2000 1001 999 927 926 865 742 615 677 554 188 127 185 492 246 123 123 307 308 185 123 124 123 246 123 123 185 185 123 124
internal_count=2000 1001 999 927 926 865 742 615 677 554 188 127 185 492 246 123 123 307 308 185 123 124 123 246 123 123 185 185 123 124
is_linear=0
shrinkage=0.1


Tree=30
num_leaves=31
num_cat=0
split_feature=11 3 6 11 9 1 1 7 3 9 8 2 5 7 6 0 0 8 0 10 0 0 2 3 0 7 0 0 0 0
split_gain=0.825856 2.57325 1.2664 0.858081 0.228738 0.225492 0.126919 0.0587496 0.0415283 0.0388265 0.0424081 0.0246752 0.0262623 0.0222297 0.0138269 0.0101706 0.0060172 0.00467176 0.00427879 0.0058808 0.00370138 0.00225995 0.00124434 0.000516049 0.000357409 0.000311933 0.000299054 0.000132584 9.1756e-07 9.16611e-07
threshold=20.500000000000004 8.5000000000000018 11.500000000000002 1.5000000000000002 28.500000000000004 30.500000000000004 29.500000000000004 22.500000000000004 1.5000000000000002 25.500000000000004 11.500000000000002 30.500000000000004 5.5000000000000009 1.5000000000000002 15.500000000000002 14.500000000000002 27.500000000000004 14.500000000000002 29.500000000000004 30.500000000000004 11.500000000000002 19.500000000000004 22.500000000000004 30.500000000000004 15.500000000000002 10.500000000000002 12.500000000000002 23.500000000000004 20.500000000000004 28.500000000000004
decision_type=2 2 2 2 2 2 2 2 2 2 2 2 2 2 2 2 2 2 2 2 2 2 2 2 2 2 2 2 2 2
left_child=1 -1 8 -3 5 6 7 9 16 10 11 12 -5 -10 -12 -6 -2 -9 19 23 -11 -16 -14 27 -17 -24 -22 -15 -23 -29
right_child=2 3 -4 4 15 -7 -8 17 13 20 14 -13 22 18 21 24 -18 -19 -20 -21 26 28 25 -25 -26 -27 -28 29 -30 -31
leaf_value=-0.019986817786391355 -0.00099822627380490307 0.010958307762704199 0.015355334597633273 -0.0054126253817230463 0.0011637217365205287 0.0042684670537710195 -0.0063786856830120092 -0.00029608761182143574 0.00058483541375253269 -0.0014087211340665818 -0.0027178249378321754 -0.0014221069402992727 -0.0026938730850815775 0.001969153992831707 -0.00053302785381674771 0.0025626296177506448 0.00040068160742521289 0.00092663894061960524 0.0029020136222243312 0.0028562916442751887 -0.0003013183828443289 -0.0012860533781349659 -0.0034015266313439326 0.0015145784243941309 0.0029035670682787899 -0.0030855756253004075 -0.00061318315565586092 0.0017814563587307932 -0.0012687787413597107 0.0017986517399549485
leaf_weight=71 62 63 72 64 62 61 62 63 123 61 66 61 61 62 61 61 61 62 61 62 62 62 63 61 62 62 61 62 61 62
leaf_count=71 62 63 72 64 62 61 62 63 123 61 66 61 61 62 61 61 61 62 61 62 62 62 63 61 62 62 61 62 61 62
internal_value=1.11933e-11 -0.00147151 0.00280614 -0.000412218 -0.00102032 -0.00162178 -0.0020073 -0.00169578 0.00133936 -0.00203238 -0.00244582 -0.00322535 -0.00366534 0.00174948 -0.00147609 0.00220807 -0.000304459 0.000310385 0.00213664 0.00198555 -0.000771836 -0.00103068 -0.00306413 0.00176698 0.00273448 -0.00324481 -0.000455983 0.00184975 -0.00127749 0.00179005
internal_weight=2000 1312 688 1241 1178 993 932 870 616 745 561 311 250 493 250 185 123 125 370 309 184 184 186 247 123 125 123 186 123 124
internal_count=2000 1312 688 1241 1178 993 932 870 616 745 561 311 250 493 250 185 123 125 370 309 184 184 186 247 123 125 123 186 123 124
is_linear=0
shrinkage=0.1


Tree=31
num_leaves=31
num_cat=0
split_feature=4 6 6 9 1 1 1 8 2 0 3 1 0 7 3 0 9 0 10 0 2 3 0 0 0 0 0 0 0 0
split_gain=0.770108 2.17374 1.45354 0.171676 0.178184 0.106229 0.058177 0.0353104 0.0332214 0.0261052 0.0233307 0.0297854 0.0219365 0.0132226 0.0127825 0.00823818 0.00456679 0.00346582 0.00476345 0.00208036 0.00252782 0.000417999 0.000289501 0.000242233 0.000107393 5.14522e-05 1.84544e-05 7.4321e-07 7.4245e-07 5.30019e-07
threshold=17.500000000000004 12.500000000000002 14.500000000000002 28.500000000000004 30.500000000000004 29.500000000000004 24.500000000000004 18.500000000000004 24.500000000000004 19.500000000000004 1.0000000180025095e-35 14.500000000000002 5.5000000000000009 1.5000000000000002 1.5000000000000002 14.500000000000002 26.500000000000004 29.500000000000004 30.500000000000004 18.500000000000004 11.500000000000002 30.500000000000004 15.500000000000002 12.500000000000002 23.500000000000004 9.5000000000000018 22.500000000000004 20.500000000000004 28.500000000000004 30.500000000000004
decision_type=2 2 2 2 2 2 2 2 2 2 2 2 2 2 2 2 2 2 2 2 2 2 2 2 2 2 2 2 2 2
left_child=2 6 -1 4 5 7 10 8 9 19 -2 26 -9 29 -15 -5 -10 18 21 20 -4 24 -17 -18 -16 -22 -12 -11 -26 -13
right_child=1 -3 3 15 -6 -7 -8 12 16 27 11 13 -14 14 17 22 23 -19 -20 -21 25 -23 -24 -25 28 -27 -28 -29 -30 -31
leaf_value=-0.015278242805318252 -0.00089840367436409005 0.018621970461429778 -0.0036128253927306523 0.0010473495349287987 0.0038416203111410144 -0.0057408168911933901 -0.0022074139662205229 -0.0012473513372242451 -0.0012738726101815701 -0.0011574479751288891 -0.00024095091503113509 0.00053296983242034912 0.0013919113109295723 0.00036061343271285299 0.0017722386866807938 0.0023063667118549346 -0.00027118653524667026 0.0026118122041225433 0.002570662647485733 -0.0024244857951998713 -0.0029004082083702088 0.0013631206005811692 0.0026132103055715563 -0.00055186483077704904 0.0016033107414841652 -0.0027715602505301671 -0.0003184223081916571 -0.0011419009417295456 0.0016187865287065506 0.00051984065212309363
leaf_weight=74 62 74 63 62 61 62 63 62 122 62 62 61 64 61 62 61 62 61 62 61 61 61 62 61 62 63 61 61 62 62
leaf_count=74 62 74 63 62 61 62 63 62 122 62 62 61 64 61 62 61 62 61 62 61 61 61 62 61 62 63 61 61 62 62
internal_value=3.89991e-12 0.00222276 -0.00173233 -0.000777661 -0.001369 -0.00176434 0.000709612 -0.00143207 -0.00174406 -0.00234084 0.000958289 0.00112833 9.32265e-05 0.00144087 0.00170185 0.00198726 -0.000840366 0.00192298 0.00178699 -0.00293159 -0.00309701 0.00159028 0.00246104 -0.000410385 0.00166478 -0.00283495 -0.000279372 -0.00114974 0.00161105 0.000526352
internal_weight=2000 876 1124 1050 865 804 802 742 616 371 739 677 126 554 431 185 245 370 309 248 187 247 123 123 186 124 123 123 124 123
internal_count=2000 876 1124 1050 865 804 802 742 616 371 739 677 126 554 431 185 245 370 309 248 187 247 123 123 186 124 123 123 124 123
is_linear=0
shrinkage=0.1


Tree=32
num_leaves=31
num_cat=0
split_feature=7 8 6 4 9 11 1 6 1 1 0 3 2 1 0 0 9 0 10 6 0 1 1 0 0 0 0 0 0 0
split_gain=0.699813 2.5925 1.69129 0.223146 0.137527 0.143682 0.175133 0.0772753 0.0764541 0.0679627 0.0556666 0.038394 0.0200841 0.0308215 0.0182866 0.00667292 0.00408338 0.0039426 0.00394136 0.00292579 0.00170179 0.00202323 0.000912654 0.000234496 0.0002135 0.000196209 0.000143685 3.75477e-05 2.95932e-05 2.31357e-05
threshold=21.500000000000004 21.500000000000004 9.5000000000000018 1.0000000180025095e-35 28.500000000000004 21.500000000000004 30.500000000000004 14.500000000000002 29.500000000000004 24.500000000000004 1.0000000180025095e-35 28.500000000000004 24.500000000000004 10.500000000000002 27.500000000000004 14.500000000000002 26.500000000000004 28.500000000000004 30.500000000000004 4.5000000000000009 18.500000000000004 8.5000000000000018 28.500000000000004 15.500000000000002 26.500000000000004 12.500000000000002 25.500000000000004 9.5000000000000018 19.500000000000004 16.500000000000004
decision_type=2 2 2 2 2 2 2 2 2 2 2 2 2 2 2 2 2 2 2 2 2 2 2 2 2 2 2 2 2 2
left_child=2 11 -1 -4 5 6 7 -5 12 10 -7 14 13 20 19 -6 29 -16 26 -2 21 27 28 -17 -21 -18 -13 -9 -15 -14
right_child=1 -3 3 4 15 9 -8 8 -10 -11 -12 18 16 22 17 23 25 -19 -20 24 -22 -23 -24 -25 -26 -27 -28 -29 -30 -31
leaf_value=-0.016180966825534902 -0.0002514345266636673 0.020909470633736681 0.0054682549089193344 -0.0053515889806978745 0.00094261458143591887 0.00047967284917831425 0.0034574583172798158 -0.002610367350280285 -0.0051667355000972748 -0.0014037407003343106 0.0046701389618895271 0.0014429796487092973 -0.0011404617689549923 -0.0011390194089876281 0.00032455208711326124 0.0020757300779223444 -0.00024406788870692255 0.0014569079503417015 0.0023135963827371599 -0.0010709962552233089 -0.0021820371970534326 -0.0032515428428139003 -0.00061891619116067893 0.0023518893867731094 -0.00080856326967477805 -0.00049667833372950558 0.0012268085032701493 -0.0024998620152473453 -0.0010417032055556775 -0.0012272045902547337
leaf_weight=72 123 70 61 67 62 61 61 61 62 61 66 62 61 63 61 61 62 62 62 62 61 63 61 62 62 61 61 62 62 62
leaf_count=72 123 70 61 67 62 61 61 61 62 61 66 62 61 63 61 61 62 62 62 62 61 63 61 62 62 61 61 62 62 62
internal_value=-7.32252e-12 0.00277452 -0.00126114 -0.000436718 -0.000726737 -0.00116697 -0.00170926 -0.00209932 -0.00180526 0.00133969 0.0026574 0.000487225 -0.00149832 -0.00190825 -0.0001009 0.00178853 -0.000776766 0.000895333 0.00166348 -0.000597001 -0.00264039 -0.0027907 -0.000936009 0.00221493 -0.00093978 -0.000369346 0.00133577 -0.00255467 -0.00109075 -0.00118419
internal_weight=2000 625 1375 1303 1242 1057 869 808 741 188 127 555 679 433 370 185 246 123 185 247 247 186 186 123 124 123 123 123 125 123
internal_count=2000 625 1375 1303 1242 1057 869 808 741 188 127 555 679 433 370 185 246 123 185 247 247 186 186 123 124 123 123 123 125 123
is_linear=0
shrinkage=0.1


Tree=33
num_leaves=31
num_cat=0
split_feature=2 3 10 2 9 2 4 0 1 7 3 10 8 0 8 3 0 0 4 0 0 0 3 0 0 0 0 0 0 0
split_gain=0.621834 1.3439 1.25966 0.928573 0.166595 0.0992334 0.156138 0.141497 0.127252 0.112625 0.152035 0.0498263 0.0473626 0.0331893 0.0134926 0.011496 0.00939132 0.00863452 0.00596151 0.00303809 0.00257479 0.00194506 0.00290457 0.00149074 0.00136221 0.000534711 0.000199394 0.000131866 3.27217e-05 1.4948e-05
threshold=5.5000000000000009 23.500000000000004 23.500000000000004 6.5000000000000009 30.500000000000004 29.500000000000004 1.0000000180025095e-35 11.500000000000002 30.500000000000004 7.5000000000000009 12.500000000000002 20.500000000000004 22.500000000000004 1.5000000000000002 5.5000000000000009 1.0000000180025095e-35 19.500000000000004 10.500000000000002 30.500000000000004 21.500000000000004 12.500000000000002 29.500000000000004 1.5000000000000002 1.0000000180025095e-35 5.5000000000000009 25.500000000000004 4.5000000000000009 28.500000000000004 9.5000000000000018 22.500000000000004
decision_type=2 2 2 2 2 2 2 2 2 2 2 2 2 2 2 2 2 2 2 2 2 2 2 2 2 2 2 2 2 2
left_child=1 -1 4 -4 5 6 -2 8 9 13 -11 12 14 23 20 -16 -3 28 24 -18 -9 22 -17 -8 26 -24 -15 -27 -12 -21
right_child=2 16 3 -5 -6 -7 7 11 -10 10 17 -13 -14 18 15 21 19 -19 -20 29 -22 -23 25 -25 -26 27 -28 -29 -30 -31
leaf_value=-0.016390453761114792 0.0049214292317628864 -0.0019638333469629288 0.0012986816465854645 0.018104129119643143 0.0050518602783244763 -0.0040829106426191709 0.00043170554563403134 -0.00021966109052300455 0.0031117124482989314 -0.0073409284958068062 -0.002349330671131611 0.0035029224696613496 0.003119145522988032 -0.0012633666396141053 -0.0007277069613337517 0.00029209686908870935 -0.00092914082125071594 -0.0008517894187882063 -0.0020772034302353861 -0.00019171237945556641 -0.0011204439466102765 0.00025968393310904503 0.00084835309535264975 0.0011280008591711521 -0.00055702459067106245 0.0011041277088224889 -0.0010087142698466777 0.0013112171553075315 -0.0022465779579111506 -0.00026143663562834264
leaf_weight=68 61 61 62 70 63 63 61 62 61 68 61 63 63 61 62 61 123 62 62 62 65 61 62 62 61 61 62 62 63 61
leaf_count=68 61 61 62 70 63 63 61 62 61 68 61 63 63 61 62 61 123 62 62 62 65 61 62 62 61 61 62 62 63 61
internal_value=2.20025e-12 -0.00367057 0.000847054 0.0102107 1.91932e-05 -0.000202526 -2.3693e-05 -0.000254667 -0.00124726 -0.00167406 -0.00329464 0.000836862 0.000536394 -0.000558538 0.000208343 0.000514325 -0.000853133 -0.00181535 -0.00122915 -0.000577716 -0.000680692 0.000765159 0.0008905 0.000782684 -0.000943392 0.00108781 -0.00113501 0.00120851 -0.00229713 -0.000226291
internal_weight=2000 375 1625 132 1493 1430 1367 1306 684 623 254 622 559 369 496 369 307 186 246 246 127 307 246 123 184 185 123 123 124 123
internal_count=2000 375 1625 132 1493 1430 1367 1306 684 623 254 622 559 369 496 369 307 186 246 246 127 307 246 123 184 185 123 123 124 123
is_linear=0
shrinkage=0.1


Tree=34
num_leaves=31
num_cat=0
split_feature=8 6 3 4 9 6 10 3 9 2 0 1 0 0 6 0 1 0 10 3 1 0 0 0 2 0 0 0 0 0
split_gain=0.530995 1.83436 1.3575 0.105519 0.0834487 0.0620844 0.0508352 0.0120043 0.00899846 0.0077925 0.00645695 0.00608337 0.00367959 0.00264843 0.00174931 0.00243992 0.00161868 0.00153492 0.0011853 0.00277389 0.00238615 0.000508138 0.000188018 0.000106811 8.15177e-05 7.499e-05 2.69667e-05 1.02933e-05 4.46533e-06 1.96142e-06
threshold=15.500000000000002 16.500000000000004 13.500000000000002 1.0000000180025095e-35 28.500000000000004 11.500000000000002 16.500000000000004 1.0000000180025095e-35 24.500000000000004 1.5000000000000002 30.500000000000004 27.500000000000004 2.5000000000000004 14.500000000000002 26.500000000000004 11.500000000000002 15.500000000000002 18.500000000000004 3.5000000000000004 1.5000000000000002 23.500000000000004 5.5000000000000009 19.500000000000004 28.500000000000004 26.500000000000004 24.500000000000004 15.500000000000002 22.500000000000004 29.500000000000004 21.500000000000004
decision_type=2 2 2 2 2 2 2 2 2 2 2 2 2 2 2 2 2 2 2 2 2 2 2 2 2 2 2 2 2 2
left_child=2 3 -1 -2 6 7 8 -5 -4 17 16 12 -7 -6 15 -11 -9 -8 19 -18 25 -13 -16 -21 27 -20 -15 29 -27 -17
right_child=1 -3 4 5 13 11 9 10 -10 14 -12 21 -14 26 22 24 18 -19 20 23 -22 -23 -24 -25 -26 28 -28 -29 -30 -31
leaf_value=-0.014858037215243612 0.0044292863458395004 0.016669603208700815 -0.0037029453158152828 -0.00065493625588715083 0.00076351780444383621 -0.0011370299383997918 -0.0010609123855829239 0.0011688134633004667 -0.0020252179354429247 -0.00094123668968677527 0.0017740387469530106 -0.00090784281492233281 -0.0022183731800088516 0.0015178647823631765 -0.00062149749137461194 -0.00019769498612731695 0.00026288719382137063 -0.0017674500122666359 0.00038853501901030545 0.0009937149472534657 0.0010152007453143597 -0.00050132209435105324 -0.00083622677266840043 0.001180095411837101 -0.00033496611285954714 0.00027182374615222218 0.0016115143895149232 -0.00023529296740889551 0.00023371553979814055 -0.00017254113918170334
leaf_weight=72 61 75 66 62 62 61 62 62 62 61 62 62 65 61 61 62 61 61 61 61 62 61 123 62 61 62 62 61 61 62
leaf_count=72 61 75 66 62 62 61 62 62 62 61 62 62 65 61 61 62 61 61 61 61 62 61 123 62 61 62 62 61 61 62
internal_value=-7.29924e-12 0.00162778 -0.00163104 0.000409491 -0.0006037 0.000126014 -0.00107746 0.000664646 -0.0028903 -0.000699534 0.000812325 -0.00120651 -0.00169487 0.00129644 -0.000521228 -0.000375101 0.000691134 -0.00141131 0.000622259 0.000814232 0.00047867 -0.000706235 -0.000765039 0.00108766 -0.000234717 0.000297882 0.00156507 -0.000201662 0.000252925 -0.000185118
internal_weight=2000 1001 999 926 927 865 742 616 128 614 554 249 126 185 491 307 492 123 430 184 246 123 184 123 246 184 123 185 123 124
internal_count=2000 1001 999 926 927 865 742 616 128 614 554 249 126 185 491 307 492 123 430 184 246 123 184 123 246 184 123 185 123 124
is_linear=0
shrinkage=0.1


Tree=35
num_leaves=31
num_cat=0
split_feature=9 1 1 1 8 4 0 1 6 0 8 0 3 1 4 0 0 1 10 3 0 0 0 0 0 0 0 0 0 0
split_gain=0.536275 3.07774 1.22756 0.60101 0.0742226 0.0800665 0.0531426 0.0503397 0.0405796 0.0132962 0.0117712 0.00933208 0.00557097 0.00557182 0.00361981 0.00286424 0.00214523 0.00161373 0.00198683 0.00224685 0.00150698 0.000893746 0.000130822 8.65172e-05 6.07419e-05 4.6931e-05 2.1843e-05 1.89927e-05 9.80741e-06 3.61692e-06
threshold=22.500000000000004 14.500000000000002 8.5000000000000018 29.500000000000004 13.500000000000002 1.0000000180025095e-35 13.500000000000002 24.500000000000004 10.500000000000002 10.500000000000002 10.500000000000002 30.500000000000004 1.0000000180025095e-35 14.500000000000002 30.500000000000004 19.500000000000004 14.500000000000002 15.500000000000002 3.5000000000000004 1.5000000000000002 11.500000000000002 5.5000000000000009 4.5000000000000009 28.500000000000004 24.500000000000004 12.500000000000002 15.500000000000002 9.5000000000000018 22.500000000000004 29.500000000000004
decision_type=2 2 2 2 2 2 2 2 2 2 2 2 2 2 2 2 2 2 2 2 2 2 2 2 2 2 2 2 2 2
left_child=2 6 -1 4 10 -6 9 8 11 27 -4 12 -7 28 21 -12 -8 -15 19 -19 -11 22 -9 -21 -20 -22 -18 -2 -14 -26
right_child=1 -3 3 -5 5 7 16 14 -10 20 15 -13 13 17 -16 -17 26 18 24 23 25 -23 -24 -25 29 -27 -28 -29 -30 -31
leaf_value=-0.013939930185276485 -0.0017441030591726304 0.022238543294370177 -0.0025785609690555885 -0.0098239779239520444 0.0039863578975200655 -0.00058944262564182288 0.00068716602399945261 -0.001023327000439167 0.0029729892081324606 -0.0008471129462122918 -0.0015907051041722299 0.0015966348350048066 -0.00015528702642768623 0.0010519321076571941 -0.0016476457938551905 -0.00075260408684550749 0.0013660782948136331 0.00023659847211092712 0.00034968149848282339 0.00089434338733553889 -0.00017792548751458526 -0.00045118988491594792 -0.00081705851480364802 0.0010620858520269394 0.00024464137386530637 -0.00030146948993206026 0.0014503628946840764 -0.0018226962536573412 -0.00021176368463784458 0.00021034397650510073
leaf_weight=70 61 70 67 64 61 62 62 61 69 61 61 62 62 62 62 123 61 61 61 61 62 61 62 62 62 61 62 62 61 61
leaf_count=70 61 70 67 64 61 62 62 61 69 61 61 62 62 62 62 123 61 61 61 61 62 61 62 62 62 61 62 62 61 61
internal_value=-2.50293e-11 0.00261933 -0.00102369 -0.000362769 0.000101585 0.000469927 -0.000172022 0.000253695 0.000662765 -0.000978802 -0.00144369 0.000427306 0.000309423 0.0004102 -0.000986818 -0.00103045 0.0011668 0.000579967 0.000500451 0.000732809 -0.000440733 -0.000764148 -0.000919354 0.000978896 0.000268094 -0.000239195 0.00140856 -0.00178372 -0.000183296 0.000227632
internal_weight=2000 562 1438 1368 1304 1053 492 992 746 307 251 677 615 553 246 184 185 430 368 184 184 184 123 123 184 123 123 123 123 123
internal_count=2000 562 1438 1368 1304 1053 492 992 746 307 251 677 615 553 246 184 185 430 368 184 184 184 123 123 184 123 123 123 123 123
is_linear=0
shrinkage=0.1


Tree=36
num_leaves=31
num_cat=0
split_feature=4 5 5 9 1 8 0 1 6 2 1 5 3 0 0 1 0 10 3 0 0 0 1 0 1 0 0 0 0 0
split_gain=0.537275 1.85757 1.12199 0.152222 0.15519 0.118625 0.0875909 0.0452841 0.0325616 0.0189341 0.00974086 0.00810112 0.00757351 0.00575058 0.00449078 0.00120925 0.00114797 0.00110303 0.00181995 0.00104641 0.000906711 0.00165959 0.000652472 0.000647488 0.00047889 7.00789e-05 4.92009e-05 1.5384e-05 2.92971e-06 2.24967e-06
threshold=9.5000000000000018 22.500000000000004 21.500000000000004 19.500000000000004 6.5000000000000009 30.500000000000004 4.5000000000000009 30.500000000000004 11.500000000000002 30.500000000000004 1.5000000000000002 10.500000000000002 1.0000000180025095e-35 17.500000000000004 30.500000000000004 15.500000000000002 14.500000000000002 3.5000000000000004 1.5000000000000002 11.500000000000002 19.500000000000004 18.500000000000004 23.500000000000004 22.500000000000004 28.500000000000004 28.500000000000004 24.500000000000004 9.5000000000000018 29.500000000000004 10.500000000000002
decision_type=2 2 2 2 2 2 2 2 2 2 2 2 2 2 2 2 2 2 2 2 2 2 2 2 2 2 2 2 2 2
left_child=1 -1 3 8 16 6 -3 10 11 13 27 23 -13 -10 15 -14 -5 18 -17 24 21 -15 26 -2 29 -20 -19 -8 -28 -12
right_child=2 5 -4 4 -6 -7 7 -9 9 -11 19 12 14 20 -16 17 -18 22 25 -21 -22 -23 -24 -25 -26 -27 28 -29 -30 -31
leaf_value=-0.017660843707870324 -0.00013975832844153048 0.003587722033262253 0.01325599496615016 0.00061844945885241036 0.0068745572941706469 -0.0046005316078662874 -0.0015696927905082703 0.0020624905824661254 -0.001920548032009692 0.00083464533090591439 -0.00073535265401005747 -0.00053049838170409207 0.00094673894345760352 -0.00069696507416665558 0.0014369714073836804 0.00021293861791491509 0.0012294705025851728 0.00031471336260437968 0.00080490903928875923 -0.00016013294225558639 -0.00067734367676018702 -0.0014316345565021039 0.00061638178303837778 -0.00059677798830483472 -0.00040607093833386901 0.00095587726682424547 0.00022017725277692082 -0.001640426553785801 0.00018930959049612284 -0.00076240166090428834
leaf_weight=71 62 61 72 62 68 62 61 61 66 61 62 62 62 62 62 61 61 61 61 62 123 61 62 62 61 62 62 62 61 61
leaf_count=71 62 61 72 62 68 62 61 61 66 61 62 62 62 62 62 61 61 61 61 62 123 61 62 62 61 62 62 62 61 61
internal_value=-3.03262e-12 -0.00243389 0.00110374 0.000432755 0.0030409 -0.000478887 4.15648e-05 -0.000461495 -1.48235e-05 -0.000776669 -0.000878739 0.000369188 0.000517637 -0.0010917 0.000634937 0.000533868 0.000921476 0.000474338 0.000659528 -0.000515435 -0.000869329 -0.00106131 0.000335821 -0.000368268 -0.000635156 0.000881007 0.000241285 -0.00160535 0.000204869 -0.000748767
internal_weight=2000 624 1376 1304 191 553 491 430 1113 373 369 740 616 312 554 492 123 430 184 246 246 123 246 124 184 123 184 123 123 123
internal_count=2000 624 1376 1304 191 553 491 430 1113 373 369 740 616 312 554 492 123 430 184 246 246 123 246 124 184 123 184 123 123 123
is_linear=0
shrinkage=0.1


Tree=37
num_leaves=31
num_cat=0
split_feature=7 5 5 4 8 1 2 4 8 3 0 0 0 0 10 0 0 0 0 1 0 0 0 0 0 2 0 0 0 0
split_gain=0.525397 2.55842 1.62692 0.0931564 0.0738561 0.038319 0.0301699 0.028611 0.0165989 0.0103133 0.0126221 0.00770427 0.0044085 0.00350803 0.00171976 0.0013747 0.00107762 0.000734436 0.00134427 0.000488897 0.000331 0.000669707 0.000250759 0.000226653 0.000116401 5.36741e-05 1.23571e-05 2.18452e-06 1.82223e-06 8.80451e-07
threshold=13.500000000000002 16.500000000000004 18.500000000000004 1.0000000180025095e-35 30.500000000000004 30.500000000000004 5.5000000000000009 30.500000000000004 2.5000000000000004 13.500000000000002 27.500000000000004 1.5000000000000002 13.500000000000002 21.500000000000004 30.500000000000004 28.500000000000004 11.500000000000002 19.500000000000004 18.500000000000004 28.500000000000004 14.500000000000002 15.500000000000002 9.5000000000000018 1.0000000180025095e-35 16.500000000000004 7.5000000000000009 4.5000000000000009 25.500000000000004 10.500000000000002 20.500000000000004
decision_type=2 2 2 2 2 2 2 2 2 2 2 2 2 2 2 2 2 2 2 2 2 2 2 2 2 2 2 2 2 2
left_child=2 6 -1 -4 5 7 13 8 22 10 -8 23 -11 17 20 -12 19 18 -2 26 -14 -22 -5 -10 -23 -26 -13 -27 -28 -19
right_child=1 -3 3 4 -6 -7 9 -9 11 12 15 16 14 -15 -16 -17 -18 29 -20 -21 21 24 -24 -25 25 27 28 -29 -30 -31
leaf_value=-0.016024467394360014 -0.00062726857140660286 0.019401372138668809 0.0032289497554302219 -0.0014127233996987345 -0.0041404783725738524 0.0018562415614724161 -0.0011855541403885143 -0.0028084807097911836 0.00028324201703071593 0.0015873280729377462 0.00019164475379511716 -0.00072893947362899785 0.00055660447105765343 -0.00012832515905194773 0.00019815950654447081 0.00086028957739472391 -0.00014411964220926166 -0.0006180013529956341 -0.0012884710915386677 -0.00036546383053064351 0.0011065234430134296 0.00061787092126905927 -0.0016960767708951608 0.00055474359542131426 0.00085206506773829462 0.00075118076056241996 -0.00066181742586195473 0.00072441818192601213 -0.00068616149947047238 -0.0006010796409100295
leaf_weight=74 62 74 61 61 62 61 66 62 61 62 61 61 62 123 62 62 62 62 61 61 61 62 64 62 62 61 62 61 61 61
leaf_count=74 62 74 61 61 62 61 66 62 61 62 61 61 62 123 62 62 62 62 61 61 61 62 64 62 62 61 62 61 61 61
internal_value=1.11118e-11 0.00142941 -0.00183781 -0.000527184 -0.000836811 -0.000534706 0.000164019 -0.000771088 -0.000543488 0.000558119 -6.9938e-05 -0.00024863 0.000798895 -0.000564372 0.000685478 0.000528685 -0.000516556 -0.000782396 -0.000955182 -0.000610805 0.000767358 0.00080992 -0.0015578 0.000420096 0.000736372 0.000776302 -0.00069214 0.000737799 -0.000673891 -0.000609609
internal_weight=2000 1125 875 801 740 678 1051 617 555 682 189 430 493 369 431 123 307 246 123 245 369 307 125 123 246 184 184 122 123 123
internal_count=2000 1125 875 801 740 678 1051 617 555 682 189 430 493 369 431 123 307 246 123 245 369 307 125 123 246 184 184 122 123 123
is_linear=0
shrinkage=0.1


Tree=38
num_leaves=31
num_cat=0
split_feature=4 11 5 9 2 0 1 1 0 6 2 3 0 4 1 5 3 0 3 10 0 1 0 0 0 0 0 0 3 0
split_gain=0.464588 1.09217 0.918548 0.115144 0.182681 0.095034 0.0631239 0.105632 0.0575166 0.0175706 0.0292164 0.0361528 0.00675013 0.00757331 0.00588001 0.00416541 0.00389121 0.00146065 0.000863504 0.00142069 0.000619896 0.00112308 0.000461119 0.000449542 0.000307774 0.000594705 0.000218737 9.61056e-05 5.74945e-05 7.13165e-07
threshold=8.5000000000000018 8.5000000000000018 21.500000000000004 19.500000000000004 27.500000000000004 4.5000000000000009 30.500000000000004 29.500000000000004 30.500000000000004 7.5000000000000009 13.500000000000002 12.500000000000002 8.5000000000000018 5.5000000000000009 24.500000000000004 10.500000000000002 1.0000000180025095e-35 10.500000000000002 1.5000000000000002 30.500000000000004 19.500000000000004 9.5000000000000018 22.500000000000004 1.0000000180025095e-35 14.500000000000002 15.500000000000002 5.5000000000000009 16.500000000000004 30.500000000000004 20.500000000000004
decision_type=2 2 2 2 2 2 2 2 2 2 2 2 2 2 2 2 2 2 2 2 2 2 2 2 2 2 2 2 2 2
left_child=1 5 3 8 -5 -1 7 12 9 15 11 -11 26 -14 23 22 -17 -15 -18 28 21 -13 -2 -12 -6 -26 -7 -25 -20 -22
right_child=2 -3 -4 4 24 6 -8 -9 -10 10 14 20 13 17 -16 16 18 -19 19 -21 29 -23 -24 27 25 -27 -28 -29 -30 -31
leaf_value=0.0029060548171401025 -0.00011294997530058027 -0.014221527088312029 0.01196137738103668 0.0067769142090162229 0.00050094402395188813 -0.00059563568793237216 0.001670617237687111 -0.0055315641538491332 0.0028957210481166842 -0.0033423587425865913 0.00025491781998425721 -0.00056454171426594262 -0.0023204023529204629 -0.001306776236742735 -0.00065604550763964653 -0.00035889311693608765 0.00017248027725145221 -0.00061754537746310238 0.00077055955771356823 0.00017834356985986234 -0.0005562012549489737 -0.0011664415889930341 -0.00049862872749086354 0.00049926922656595707 0.00099587105214595808 0.00055608381517231471 -0.00032891745213419203 0.00067606270313262944 0.00065197632648050785 -0.00054097170941531665
leaf_weight=61 62 69 72 67 62 62 61 63 62 66 61 62 62 62 61 62 61 61 124 62 62 62 62 62 61 62 61 61 61 61
leaf_count=61 62 69 72 67 62 62 61 63 62 66 61 62 62 62 61 62 61 61 124 62 62 62 62 62 61 62 61 61 61 61
internal_value=-1.20199e-11 -0.00243798 0.000952813 0.000372567 0.00230293 -0.000788763 -0.00131049 -0.00180064 -6.41029e-05 -0.000238541 -0.000623073 -0.00126326 -0.0010375 -0.00141922 0.000194799 0.000195808 0.000363911 -0.000964963 0.000509411 0.00059262 -0.000707711 -0.000865492 -0.000305789 0.000476872 0.000682615 0.00077419 -0.000463361 0.000586947 0.000731459 -0.000548648
internal_weight=2000 562 1438 1366 252 493 432 371 1114 1052 558 313 308 185 245 494 370 123 308 247 247 124 124 184 185 123 123 123 185 123
internal_count=2000 562 1438 1366 252 493 432 371 1114 1052 558 313 308 185 245 494 370 123 308 247 247 124 124 184 185 123 123 123 185 123
is_linear=0
shrinkage=0.1


Tree=39
num_leaves=31
num_cat=0
split_feature=9 1 8 1 4 1 2 0 4 0 6 0 3 0 3 0 0 2 3 10 0 0 0 0 0 0 3 0 0 0
split_gain=0.480883 2.18301 0.970284 0.222599 0.0862965 0.0699133 0.0373903 0.118296 0.0388637 0.0326926 0.021835 0.00489418 0.0046053 0.00220429 0.0021265 0.00259682 0.00124484 0.00118685 0.000699438 0.00115076 0.000290718 0.000148707 0.000129073 0.000478436 0.000132374 5.7448e-05 4.65705e-05 9.08901e-06 3.43852e-06 5.77661e-07
threshold=22.500000000000004 14.500000000000002 9.5000000000000018 9.5000000000000018 30.500000000000004 29.500000000000004 12.500000000000002 10.500000000000002 1.0000000180025095e-35 11.500000000000002 7.5000000000000009 1.5000000000000002 24.500000000000004 12.500000000000002 1.0000000180025095e-35 23.500000000000004 10.500000000000002 10.500000000000002 1.5000000000000002 30.500000000000004 5.5000000000000009 1.0000000180025095e-35 15.500000000000002 14.500000000000002 13.500000000000002 9.5000000000000018 30.500000000000004 4.5000000000000009 22.500000000000004 20.500000000000004
decision_type=2 2 2 2 2 2 2 2 2 2 2 2 2 2 2 2 2 2 2 2 2 2 2 2 2 2 2 2 2 2
left_child=2 9 -1 -4 5 6 10 8 -8 16 14 21 17 -11 -5 28 25 -12 -17 26 27 -10 23 24 -15 -2 -20 -13 -16 -14
right_child=1 -3 3 4 -6 -7 7 -9 11 13 12 20 29 22 15 18 -18 -19 19 -21 -22 -23 -24 -25 -26 -27 -28 -29 -30 -31
leaf_value=-0.012367282609756985 -0.001039410848170519 0.019003515643998981 -0.005912032246967589 -0.00032300380989909173 -0.0037237703800201416 -0.0031732741743326189 0.002615449391305447 0.0049076447489135198 0.0002294260310009122 0.001292445044964552 -0.0010429798625409604 -0.0005904409568756819 -0.00050058108754456041 0.00065833758562803277 -0.00010165497660636903 0.00015523225301876666 -0.00055579082109034059 -0.0016618122716271688 0.00069350360427051789 0.00016050920821726323 -0.00029602569993585352 0.00044934228062629703 0.00050047542899847033 0.00089628398418426522 0.00045084962621331218 -0.0011760985478758814 0.00058677871711552152 -0.00053607211448252205 -6.8214116618037229e-05 -0.00048687453381717209
leaf_weight=71 61 70 69 62 62 62 61 66 61 62 61 61 62 61 62 61 61 63 124 62 61 62 62 61 62 62 61 62 61 61
leaf_count=71 61 70 69 62 62 62 61 66 61 62 61 61 62 61 62 61 61 63 124 62 61 62 62 61 62 62 61 62 61 61
internal_value=-3.30037e-12 0.00248037 -0.000969379 -0.000377388 -8.31734e-05 9.94456e-05 0.000272281 0.00100919 0.000310015 0.000129513 -0.000159909 -0.000148068 -0.000927333 0.000759564 0.000224582 0.000303353 -0.000925138 -0.00135739 0.00045847 0.000533358 -0.000474516 0.000340278 0.00062526 0.000667308 0.00055375 -0.00110831 0.000658313 -0.000563036 -8.50705e-05 -0.000493784
internal_weight=2000 562 1438 1367 1298 1236 1174 434 368 492 740 307 247 308 493 431 184 124 308 247 184 123 246 184 123 123 185 123 123 123
internal_count=2000 562 1438 1367 1298 1236 1174 434 368 492 740 307 247 308 493 431 184 124 308 247 184 123 246 184 123 123 185 123 123 123
is_linear=0
shrinkage=0.1


Tree=40
num_leaves=31
num_cat=0
split_feature=7 5 9 4 4 8 2 9 1 6 0 1 3 0 0 10 6 1 0 0 0 0 0 0 0 0 0 0 0 0
split_gain=0.498281 2.47301 1.31882 0.0589593 0.0412792 0.0337434 0.0285295 0.027564 0.0177088 0.0087799 0.00779395 0.00276972 0.00162045 0.00233446 0.000996225 0.000762874 0.000497553 0.000219458 0.000189026 0.000120453 0.000104549 0.000387533 0.000107223 5.18411e-05 4.65329e-05 2.62243e-05 9.84799e-06 6.56705e-06 2.7852e-06 9.68406e-07
threshold=12.500000000000002 17.500000000000004 14.500000000000002 1.0000000180025095e-35 30.500000000000004 30.500000000000004 12.500000000000002 12.500000000000002 7.5000000000000009 28.500000000000004 1.5000000000000002 1.5000000000000002 28.500000000000004 28.500000000000004 19.500000000000004 30.500000000000004 5.5000000000000009 28.500000000000004 26.500000000000004 1.0000000180025095e-35 15.500000000000002 14.500000000000002 13.500000000000002 7.5000000000000009 9.5000000000000018 25.500000000000004 27.500000000000004 4.5000000000000009 22.500000000000004 10.500000000000002
decision_type=2 2 2 2 2 2 2 2 2 2 2 2 2 2 2 2 2 2 2 2 2 2 2 2 2 2 2 2 2 2
left_child=2 6 -1 -4 5 10 7 9 20 12 19 24 13 16 -11 25 18 27 28 -5 21 22 -8 -19 -12 -14 -18 -13 -2 -29
right_child=1 -3 3 4 -6 -7 8 -9 -10 14 11 17 15 -15 -16 -17 26 23 -20 -21 -22 -23 -24 -25 -26 -27 -28 29 -30 -31
leaf_value=-0.014542517706751823 -9.1489480109885338e-05 0.019007298393124664 0.0023539043962955476 0.0002064834348857403 -0.0033513933420181276 -0.0028559466823935512 0.00059250383637845518 -0.0021425582256845454 0.0024417724933416124 -0.00093868188560009003 -0.00093546975404024124 -0.00053139687515795235 0.00062045222148299217 0.00062785428017377856 -0.00044440519428107803 0.00014445828273892402 8.311566198244692e-05 -0.00026642312295734885 -0.00029070342425256966 0.00040440806187689308 0.00045042787678539753 0.00080665554851293568 0.00040576467290520668 -0.0003967959899455309 -0.0010584887117147447 0.00052810083143413073 0.00013970902655273678 -0.00048246490769088268 -6.1392708448693154e-05 -0.00050021172501146793
leaf_weight=75 62 74 61 61 62 62 61 66 63 61 61 61 62 62 123 62 62 61 62 62 62 61 62 61 62 61 61 62 61 61
leaf_count=75 62 74 61 61 62 62 61 66 63 61 61 61 62 62 123 62 62 61 62 62 62 61 62 61 62 61 61 62 61 61
internal_value=-8.11706e-12 0.00130494 -0.0019092 -0.000623589 -0.000892269 -0.000643953 0.000129025 -0.00018451 0.000945839 -9.63648e-06 -0.000395504 -0.000596707 0.000188829 6.8004e-05 -0.000608269 0.000430479 -4.46932e-05 -0.000435612 -0.000148329 0.00030625 0.000562734 0.000600577 0.000498375 -0.00033161 -0.000997479 0.000574652 0.000111182 -0.00050457 -7.65634e-05 -0.000491266
internal_weight=2000 1188 812 737 676 614 1114 805 309 739 552 429 555 370 184 185 308 306 185 123 246 184 123 122 123 123 123 184 123 123
internal_count=2000 1188 812 737 676 614 1114 805 309 739 552 429 555 370 184 185 308 306 185 123 246 184 123 122 123 123 123 184 123 123
is_linear=0
shrinkage=0.1


Tree=41
num_leaves=31
num_cat=0
split_feature=4 11 5 5 0 0 0 2 9 8 5 6 0 0 3 0 0 0 10 6 0 0 8 0 0 0 0 0 0 0
split_gain=0.485784 1.11115 0.775597 0.0897733 0.315685 0.060499 0.0297691 0.0224642 0.0400113 0.0207235 0.0158702 0.00711172 0.00231752 0.00225878 0.00131257 0.00189091 0.00105643 0.000806942 0.000617928 0.000403018 0.000313902 0.000153111 9.94899e-05 9.75666e-05 8.68505e-05 3.76917e-05 2.12417e-05 1.82788e-05 7.97687e-06 2.25601e-06
threshold=8.5000000000000018 8.5000000000000018 21.500000000000004 17.500000000000004 12.500000000000002 4.5000000000000009 10.500000000000002 12.500000000000002 12.500000000000002 30.500000000000004 3.5000000000000004 28.500000000000004 1.5000000000000002 8.5000000000000018 28.500000000000004 28.500000000000004 15.500000000000002 19.500000000000004 30.500000000000004 5.5000000000000009 14.500000000000002 26.500000000000004 29.500000000000004 1.0000000180025095e-35 13.500000000000002 9.5000000000000018 25.500000000000004 7.5000000000000009 27.500000000000004 22.500000000000004
decision_type=2 2 2 2 2 2 2 2 2 2 2 2 2 2 2 2 2 2 2 2 2 2 2 2 2 2 2 2 2 2
left_child=1 5 3 7 12 -1 9 8 11 13 16 14 23 22 15 19 20 -13 26 21 24 29 27 -5 -9 -15 -16 -7 -21 -2
right_child=2 -3 -4 4 -6 6 -8 10 -10 -11 -12 17 -14 25 18 -17 -18 -19 -20 28 -22 -23 -24 -25 -26 -27 -28 -29 -30 -31
leaf_value=0.0021185139194130898 -8.2340533845126634e-05 -0.014378477674841451 0.011090045179136927 0.00018583509372547269 0.0080871985604365672 -0.00043421839363873006 -0.0032547738026117998 0.00053325346671044831 -0.0025607823602744003 -0.0025703519582748417 0.0021975951387532174 -0.00084481369704008107 -0.00047825719229876995 -0.00084192277863621718 0.00055840699933469302 0.00056506884284317498 6.6070384272034206e-05 -0.00039996466962847772 0.00013001245679333806 7.4804096948355442e-05 0.0007259900216013194 -0.00026163309812545779 -0.00023978082463145257 0.00036396726500242949 0.00036518820561468604 -0.00095263989642262463 0.00047529074363410477 -0.00035711636301130059 0.00012573812855407596 -5.5253435857594016e-05
leaf_weight=61 62 69 72 61 66 62 63 61 67 62 63 61 61 61 62 62 63 123 62 62 61 62 61 62 62 62 61 61 61 61
leaf_count=61 62 69 72 61 66 62 63 61 67 62 63 61 61 61 62 62 63 123 62 62 61 62 61 62 62 62 61 61 61 61
internal_value=-1.33179e-11 -0.00249297 0.000974306 0.000441119 0.00215393 -0.000829486 -0.00124575 5.74237e-05 -0.000220821 -0.000902751 0.00078086 -8.67283e-06 2.56969e-05 -0.000565971 0.000169946 6.12036e-05 0.000419506 -0.000547442 0.000387431 -4.02238e-05 0.000540519 -0.000133496 -0.000344197 0.000275625 0.000448538 -0.000897731 0.000517187 -0.000395981 0.000100064 -6.89071e-05
internal_weight=2000 562 1438 1366 250 493 432 1116 806 369 310 739 184 307 555 370 247 184 185 308 184 185 184 123 123 123 123 123 123 123
internal_count=2000 562 1438 1366 250 493 432 1116 806 369 310 739 184 307 555 370 247 184 185 308 184 185 184 123 123 123 123 123 123 123
is_linear=0
shrinkage=0.1


Tree=42
num_leaves=31
num_cat=0
split_feature=7 5 9 4 4 8 2 9 1 6 0 1 3 0 0 10 6 0 0 1 0 0 0 0 0 0 0 0 0 0
split_gain=0.445354 2.25763 1.15745 0.0841005 0.0319714 0.022833 0.0187846 0.0167849 0.0114885 0.00576049 0.00457118 0.00229111 0.00106318 0.00153164 0.000653623 0.000500522 0.000326445 0.000265024 0.00012402 9.29044e-05 9.05872e-05 0.000199332 7.9029e-05 7.03489e-05 3.05302e-05 2.53068e-05 1.72057e-05 6.46127e-06 4.83028e-06 1.82737e-06
threshold=12.500000000000002 17.500000000000004 14.500000000000002 30.500000000000004 1.0000000180025095e-35 30.500000000000004 12.500000000000002 12.500000000000002 7.5000000000000009 28.500000000000004 1.5000000000000002 1.5000000000000002 28.500000000000004 28.500000000000004 19.500000000000004 30.500000000000004 5.5000000000000009 5.5000000000000009 26.500000000000004 30.500000000000004 14.500000000000002 15.500000000000002 1.0000000180025095e-35 13.500000000000002 9.5000000000000018 10.500000000000002 25.500000000000004 27.500000000000004 4.5000000000000009 22.500000000000004
decision_type=2 2 2 2 2 2 2 2 2 2 2 2 2 2 2 2 2 2 2 2 2 2 2 2 2 2 2 2 2 2
left_child=2 6 -1 4 -4 10 7 9 20 12 22 24 13 16 -11 26 18 28 29 25 23 -22 -6 -8 -12 -19 -14 -18 -13 -2
right_child=1 -3 3 -5 5 -7 8 -9 -10 14 11 17 15 -15 -16 -17 27 19 -20 -21 21 -23 -24 -25 -26 -27 -28 -29 -30 -31
leaf_value=-0.013640176132321359 -7.4106478132307535e-05 0.018147644591895312 0.0019066626206040384 -0.0041252583265304569 0.0001672515762038529 -0.0023133167997002602 0.00047992812469601633 -0.0016722242178564722 0.0019778357035229134 -0.00076033230870962152 -0.00075773051939904696 -0.00043043144978582859 0.00050256629474461085 0.00050856196321547031 -0.00035996818347129882 0.00011701121693477035 6.7323690745979545e-05 -0.00021580273751169445 -0.00023546977899968624 -0.00032140472903847695 0.00065339100547134876 0.00039877807721495629 0.00032757055014371873 0.00032866939436644317 -0.00085737584158778195 -0.00012471319641917943 0.00042776167392730716 0.00011316431919112803 -0.0003907965496182442 -4.9728091107681399e-05
leaf_weight=75 62 74 61 62 61 62 61 66 63 61 61 61 62 62 123 62 62 61 62 61 61 62 62 62 62 61 61 61 62 61
leaf_count=75 62 74 61 62 61 62 61 66 63 61 61 61 62 62 123 62 62 61 62 61 61 62 62 62 62 61 61 61 62 61
internal_value=3.71074e-12 0.00123369 -0.00180496 -0.000600563 -0.000276814 -0.000493739 0.000110146 -0.000144267 0.000772938 -7.80554e-06 -0.000289366 -0.000443454 0.000152951 5.50832e-05 -0.000492698 0.000348688 -3.62015e-05 -0.000296937 -0.000120147 -0.00022064 0.000464367 0.00052505 0.000248063 0.000403684 -0.000807958 -0.000170258 0.000465468 9.00577e-05 -0.000410453 -6.20164e-05
internal_weight=2000 1188 812 737 675 614 1114 805 309 739 552 429 555 370 184 185 308 306 185 183 246 123 123 123 123 122 123 123 123 123
internal_count=2000 1188 812 737 675 614 1114 805 309 739 552 429 555 370 184 185 308 306 185 183 246 123 123 123 123 122 123 123 123 123
is_linear=0
shrinkage=0.1


Tree=43
num_leaves=31
num_cat=0
split_feature=4 11 5 5 0 0 4 2 9 8 5 6 1 0 3 0 0 0 10 6 0 0 1 0 0 0 0 0 0 0
split_gain=0.445747 1.14115 0.647012 0.0991201 0.345125 0.040709 0.0306275 0.0147899 0.0274168 0.0143941 0.0104555 0.004666 0.00205526 0.00152053 0.000861175 0.00124063 0.000735773 0.000529435 0.000405423 0.00026442 0.000205951 0.000100456 7.52526e-05 6.40135e-05 5.69826e-05 2.47295e-05 2.04985e-05 1.39366e-05 5.23362e-06 1.48017e-06
threshold=8.5000000000000018 8.5000000000000018 21.500000000000004 17.500000000000004 12.500000000000002 4.5000000000000009 1.5000000000000002 12.500000000000002 12.500000000000002 30.500000000000004 3.5000000000000004 28.500000000000004 1.5000000000000002 1.5000000000000002 28.500000000000004 28.500000000000004 15.500000000000002 19.500000000000004 30.500000000000004 5.5000000000000009 14.500000000000002 26.500000000000004 30.500000000000004 1.0000000180025095e-35 13.500000000000002 9.5000000000000018 10.500000000000002 25.500000000000004 27.500000000000004 22.500000000000004
decision_type=2 2 2 2 2 2 2 2 2 2 2 2 2 2 2 2 2 2 2 2 2 2 2 2 2 2 2 2 2 2
left_child=1 5 3 7 13 -1 -7 8 11 12 16 14 25 23 15 19 20 -13 27 21 24 29 26 -5 -9 -8 -14 -16 -21 -2
right_child=2 -3 -4 4 -6 6 9 10 -10 -11 -12 17 22 -15 18 -17 -18 -19 -20 28 -22 -23 -24 -25 -26 -27 -28 -29 -30 -31
leaf_value=0.0017159963026642799 -6.6695833811536429e-05 -0.014432909347764825 0.010172520376121005 0.00015052641974762083 0.0084498430630474391 -0.0030627589570940473 -0.00068195746280252934 0.00043193530291318893 -0.0021196190490206674 -0.0020819850265979766 0.0017800521342054246 -0.0006842990405857563 -0.0001942224567756057 -0.00038738830480724575 0.00045230966061353688 0.00045770579017698768 4.1869595380766053e-05 -0.00032397137852612791 0.00010531009174883366 6.0591317014768721e-05 0.00058805192820727832 -0.00021192280109971762 -0.00028926427476108076 0.00029481349047273399 0.00029580246191471818 -0.000771638285368681 -0.00011224186746403575 0.00038498551584780221 0.00010184787679463626 -4.4755282578989865e-05
leaf_weight=61 62 69 72 61 66 64 61 61 67 62 63 61 61 61 62 62 63 123 62 62 61 62 61 62 62 62 61 61 61 61
leaf_count=61 62 69 72 61 66 64 61 61 67 62 63 61 61 61 62 62 63 123 62 62 61 62 61 62 62 62 61 61 61 61
internal_value=1.58936e-11 -0.00238803 0.000933293 0.000446306 0.00224608 -0.00070224 -0.0010437 4.31309e-05 -0.000182638 -0.000692564 0.000630129 -7.02499e-06 -0.000411047 2.08145e-05 0.000137656 4.95749e-05 0.000336829 -0.000443428 0.000313819 -3.25813e-05 0.000437821 -0.000108132 -0.000198576 0.000223256 0.000363315 -0.000727162 -0.000153232 0.000418921 8.10519e-05 -5.58147e-05
internal_weight=2000 562 1438 1366 250 493 432 1116 806 368 310 739 306 184 555 370 247 184 185 308 184 185 183 123 123 123 122 123 123 123
internal_count=2000 562 1438 1366 250 493 432 1116 806 368 310 739 306 184 555 370 247 184 185 308 184 185 183 123 123 123 122 123 123 123
is_linear=0
shrinkage=0.1


Tree=44
num_leaves=31
num_cat=0
split_feature=7 5 9 4 4 8 2 9 1 6 1 0 3 0 0 10 6 0 1 0 0 0 0 0 0 0 0 0 0 0
split_gain=0.401738 2.07483 1.02581 0.116561 0.0203899 0.0155424 0.0123685 0.0100313 0.00743968 0.00377946 0.00321215 0.00131073 0.000697552 0.00100491 0.000428842 0.000328392 0.00021418 0.000202572 0.000128006 8.13693e-05 8.03278e-05 9.36642e-05 5.18509e-05 4.61559e-05 2.23159e-05 2.00309e-05 1.12887e-05 9.49733e-06 4.23923e-06 1.19894e-06
threshold=12.500000000000002 17.500000000000004 14.500000000000002 30.500000000000004 1.0000000180025095e-35 30.500000000000004 12.500000000000002 12.500000000000002 7.5000000000000009 28.500000000000004 1.5000000000000002 1.5000000000000002 28.500000000000004 28.500000000000004 19.500000000000004 30.500000000000004 5.5000000000000009 4.5000000000000009 28.500000000000004 26.500000000000004 14.500000000000002 15.500000000000002 1.0000000180025095e-35 13.500000000000002 7.5000000000000009 9.5000000000000018 25.500000000000004 10.500000000000002 27.500000000000004 22.500000000000004
decision_type=2 2 2 2 2 2 2 2 2 2 2 2 2 2 2 2 2 2 2 2 2 2 2 2 2 2 2 2 2 2
left_child=2 6 -1 4 -4 10 7 9 20 12 25 22 13 16 -11 26 19 -13 27 29 23 -22 -12 -8 -20 -6 -14 -19 -18 -2
right_child=1 -3 3 -5 5 -7 8 -9 -10 14 11 17 15 -15 -16 -17 28 18 24 -21 21 -23 -24 -25 -26 -27 -28 -29 -30 -31
leaf_value=-0.012856160730123521 -6.0026248684152966e-05 0.017386475946703877 0.001544396672397852 -0.0047299847006797794 -0.00061376173980534079 -0.001873786561191082 0.00038874177262187008 -0.0012930398701097479 0.001602046893880008 -0.00061586913652718074 0.00013547377893701197 -0.00034864947665482762 0.00040707867592573168 0.00041193519718945031 -0.00029157422846410333 9.4779080245643865e-05 5.4532190551981331e-05 -4.5441003749147058e-05 -0.00017480021342635156 -0.00019073052098974588 0.00052924673072993753 0.00035471329465508461 0.00026533214841037992 0.00026622221339493989 -0.00026033783797174692 -0.00069447443820536137 0.00034648696891963486 -0.00010101768421009183 9.1663096100091934e-05 -4.0279753739014269e-05
leaf_weight=75 62 74 61 62 61 62 61 66 63 61 61 61 62 62 123 62 62 62 61 62 61 62 62 62 61 62 61 61 61 61
leaf_count=75 62 74 61 62 61 62 61 66 63 61 61 61 62 62 123 62 62 62 61 62 61 62 62 62 61 62 61 61 61 61
internal_value=8.44011e-14 0.00117173 -0.0017143 -0.000580459 -0.000199318 -0.000372553 9.46242e-05 -0.000111817 0.000632441 -6.32249e-06 -0.000203936 -7.47692e-05 0.000123891 4.46174e-05 -0.000399085 0.000282437 -2.93232e-05 -0.00018559 -0.000144991 -9.73188e-05 0.000384127 0.000441271 0.000200931 0.000326984 -0.000217569 -0.000654446 0.000377029 -7.30034e-05 7.29467e-05 -5.02333e-05
internal_weight=2000 1188 812 737 675 614 1114 805 309 739 552 429 555 370 184 185 308 306 245 185 246 123 123 123 122 123 123 123 123 123
internal_count=2000 1188 812 737 675 614 1114 805 309 739 552 429 555 370 184 185 308 306 245 185 246 123 123 123 122 123 123 123 123 123
is_linear=0
shrinkage=0.1


Tree=45
num_leaves=31
num_cat=0
split_feature=4 11 9 2 1 0 0 0 9 4 8 6 0 8 0 3 1 0 1 3 0 0 1 0 0 0 0 0 0 0
split_gain=0.412015 1.15649 0.570985 1.51552 0.139453 0.123518 0.0350842 0.0197266 0.0191209 0.0122603 0.00960185 0.00443221 0.00146239 0.00109702 0.000989127 0.000634117 0.000702425 0.000152294 0.000202915 0.000157428 0.000102312 9.86556e-05 9.38848e-05 7.5868e-05 1.80759e-05 1.6225e-05 1.07596e-05 5.89319e-06 9.71139e-07 4.67909e-07
threshold=8.5000000000000018 8.5000000000000018 19.500000000000004 27.500000000000004 25.500000000000004 30.500000000000004 10.500000000000002 4.5000000000000009 1.0000000180025095e-35 14.500000000000002 30.500000000000004 11.500000000000002 8.5000000000000018 11.500000000000002 29.500000000000004 1.0000000180025095e-35 14.500000000000002 28.500000000000004 15.500000000000002 30.500000000000004 14.500000000000002 5.5000000000000009 23.500000000000004 15.500000000000002 7.5000000000000009 9.5000000000000018 19.500000000000004 24.500000000000004 22.500000000000004 20.500000000000004
decision_type=2 2 2 2 2 2 2 2 2 2 2 2 2 2 2 2 2 2 2 2 2 2 2 2 2 2 2 2 2 2
left_child=1 6 4 -4 5 8 7 -1 -2 -10 12 14 21 -13 15 -11 28 18 -18 22 -5 -9 27 -22 -23 -14 -15 -20 -17 -28
right_child=2 -3 3 20 -6 -7 -8 10 9 11 -12 13 25 26 -16 16 17 -19 19 -21 23 24 -24 -25 -26 -27 29 -29 -30 -31
leaf_value=0.001389957033097744 0.0016762641679135062 -0.014421456768784835 0.017359812726738724 0.00023959998507052662 -0.0045369722923407187 0.0045655656605958937 -0.0028027336530771756 -4.0896903374232356e-05 -0.0014298351322341821 -0.0001716574770398438 -0.0016864079982042313 -0.00076582057837156522 -0.00055238553322851664 -0.00031378453131765128 -0.00029051911551505329 -5.4023624397814277e-05 0.00036637082230299716 0.00037074168212711814 0.00012192639987915755 0.00031183827668428425 0.0004763220436871052 -0.00015732018509879709 0.00023879893124103548 0.00031924196518957616 -0.00023430404253304006 -0.00062502701766788962 -0.0002685346407815814 8.3910379884385967e-05 -3.6251780693419276e-05 -0.00025619869120419025
leaf_weight=61 62 69 73 62 65 62 63 62 68 62 62 62 61 61 61 62 62 62 61 61 61 61 62 62 61 62 62 123 61 61
leaf_count=61 62 69 73 62 65 62 63 62 68 62 62 62 61 61 61 62 62 62 61 61 61 61 62 62 61 62 62 123 61 61
internal_value=-9.34087e-12 -0.0022959 0.000897284 0.0051588 -3.44709e-05 0.000228007 -0.000598811 -0.000275911 -2.73861e-05 -0.000133972 -0.000551299 -3.85018e-05 -0.000322058 -0.000402028 9.35921e-05 0.000131629 0.000165571 0.000225724 0.000201358 0.000168033 0.000344345 -0.000143612 0.000132374 0.000397143 -0.000195812 -0.000589002 -0.000279446 9.65135e-05 -4.52099e-05 -0.000262417
internal_weight=2000 562 1438 258 1180 1115 493 430 1053 991 369 923 307 246 677 616 554 431 369 307 185 184 246 123 122 123 184 184 123 123
internal_count=2000 562 1438 258 1180 1115 493 430 1053 991 369 923 307 246 677 616 554 431 369 307 185 184 246 123 122 123 184 184 123 123
is_linear=0
shrinkage=0.1


Tree=46
num_leaves=31
num_cat=0
split_feature=4 5 9 1 1 0 9 0 8 6 10 1 0 0 3 1 0 0 0 0 1 3 0 1 0 0 0 0 0 0
split_gain=0.385737 1.74291 0.714601 1.27173 0.115056 0.098027 0.0146512 0.013816 0.009764 0.0054829 0.00718605 0.00216732 0.00143155 0.000801192 0.000513634 0.000568964 0.000422729 0.000237871 0.000139566 0.000123358 0.000164361 0.000127517 7.99111e-05 7.60467e-05 7.58046e-05 1.46415e-05 1.31423e-05 4.77349e-06 7.86623e-07 3.79006e-07
threshold=9.5000000000000018 22.500000000000004 20.500000000000004 6.5000000000000009 25.500000000000004 30.500000000000004 1.0000000180025095e-35 4.5000000000000009 30.500000000000004 11.500000000000002 19.500000000000004 1.5000000000000002 18.500000000000004 29.500000000000004 1.0000000180025095e-35 14.500000000000002 10.500000000000002 19.500000000000004 14.500000000000002 28.500000000000004 15.500000000000002 30.500000000000004 5.5000000000000009 23.500000000000004 11.500000000000002 7.5000000000000009 9.5000000000000018 24.500000000000004 22.500000000000004 20.500000000000004
decision_type=2 2 2 2 2 2 2 2 2 2 2 2 2 2 2 2 2 2 2 2 2 2 2 2 2 2 2 2 2 2
left_child=1 -1 4 18 5 6 -2 -3 11 13 -11 26 -12 14 -8 28 22 -14 -4 20 -17 23 -13 27 -18 -24 -9 -22 -16 -19
right_child=2 7 3 -5 -6 -7 9 8 -10 10 12 16 17 -15 15 19 24 29 -20 -21 21 -23 25 -25 -26 -27 -28 -29 -30 -31
leaf_value=-0.016811834729578295 0.0015086377963363644 0.0012509613297879696 0.00021563998889178039 0.016982678816436905 -0.0040832751473555201 0.0041090089827775953 -0.00015449172351509333 -0.00049714697524905205 -0.0015177671797573567 -0.0013486689341141644 0.00023282749734789834 -3.6807212745770817e-05 -0.00047770016826689245 -0.0002614672062918544 -4.862126079387963e-05 0.00032973373308777811 0.0001893574488349259 -0.0002416811650618911 0.00042868983000516893 0.00033366752322763207 0.00010973376920446754 0.00028065443038940432 -0.0001415881677530706 0.00021491902880370619 3.2343008206225933e-05 -0.00021087364293634892 -0.00056252432987093928 7.5519341044127949e-05 -3.2626601750962436e-05 -0.00023057882208377123
leaf_weight=71 62 61 62 73 65 62 62 61 62 66 64 62 61 61 62 62 61 62 61 62 61 61 61 62 62 61 62 123 61 61
leaf_count=71 62 61 62 73 65 62 62 61 62 66 64 62 61 61 62 62 61 62 61 62 61 61 61 62 62 61 62 123 61 61
internal_value=-1.66197e-11 -0.00206228 0.000935219 0.00652681 6.44616e-06 0.00024486 1.73417e-05 -0.000168574 -0.000344574 -7.59584e-05 -0.000421339 -0.000175415 -0.00017455 8.42329e-05 0.000118466 0.000149014 -3.33099e-05 -0.000316246 0.000321299 0.000203152 0.000181222 0.00015123 -0.000129251 0.000119137 0.000110212 -0.000176231 -0.000530101 8.68622e-05 -4.0689e-05 -0.000236175
internal_weight=2000 624 1376 196 1180 1115 1053 553 492 991 314 430 248 677 616 554 307 184 123 431 369 307 184 246 123 122 123 184 123 123
internal_count=2000 624 1376 196 1180 1115 1053 553 492 991 314 430 248 677 616 554 307 184 123 431 369 307 184 246 123 122 123 184 123 123
is_linear=0
shrinkage=0.1


Tree=47
num_leaves=31
num_cat=0
split_feature=8 3 3 0 4 1 9 4 0 6 2 6 1 0 0 5 0 10 4 1 5 0 0 0 0 2 2 0 0 0
split_gain=0.341697 1.63953 1.48872 0.0863939 0.069574 0.0167942 0.0121931 0.00669203 0.00361855 0.00340823 0.00098723 0.000506586 0.000469131 0.00065081 0.000192676 0.00018395 0.000168 0.000149991 8.68814e-05 6.84851e-05 6.30881e-05 6.05884e-05 3.89258e-05 2.75557e-05 2.47815e-05 1.22317e-05 2.47068e-06 1.23344e-06 6.37164e-07 3.06993e-07
threshold=19.500000000000004 11.500000000000002 12.500000000000002 30.500000000000004 30.500000000000004 24.500000000000004 30.500000000000004 1.0000000180025095e-35 10.500000000000002 28.500000000000004 28.500000000000004 1.5000000000000002 20.500000000000004 1.5000000000000002 19.500000000000004 30.500000000000004 28.500000000000004 30.500000000000004 1.5000000000000002 11.500000000000002 1.0000000180025095e-35 16.500000000000004 29.500000000000004 1.0000000180025095e-35 25.500000000000004 23.500000000000004 27.500000000000004 5.5000000000000009 22.500000000000004 20.500000000000004
decision_type=2 2 2 2 2 2 2 2 2 2 2 2 2 2 2 2 2 2 2 2 2 2 2 2 2 2 2 2 2 2
left_child=2 3 -1 4 7 6 8 -2 25 10 11 28 16 23 -11 17 -9 19 -15 20 -13 -12 27 -14 -21 -4 -22 -20 -10 -16
right_child=1 -3 5 -5 -6 -7 -8 12 9 14 21 15 13 18 29 -17 -18 -19 22 24 26 -23 -24 -25 -26 -27 -28 -29 -30 -31
leaf_value=-0.014672111933430036 0.0011258652433753014 0.015818903643033795 -0.0004434570035476598 0.0036981083452701569 -0.0033949613571166992 -0.0016902988490817899 -0.001410950068384409 6.6553812939673665e-05 -4.375913413241506e-05 -0.00042993016541004181 0.00038582086563110352 0.00029506979044526818 9.8760391119867569e-05 -3.3126492053270343e-05 -0.00021751304157078267 2.9108708258718255e-05 0.00030030074995011094 6.9358199834823611e-05 -0.00014753919094800949 0.00034200995569191287 0.000169594046315254 0.00052676424384117131 -0.00023532048799097539 0.00019342713057994844 0.00025258900132030249 -0.00050627188757061963 0.00019407598301768303 -0.00012742935214191676 -2.9363940120674671e-05 -0.0002075209515169263
leaf_weight=75 61 74 62 62 62 66 62 61 62 61 61 61 61 62 62 62 62 62 61 63 123 61 61 62 61 62 62 61 61 61
leaf_count=75 61 74 62 62 62 66 62 61 62 61 61 61 61 62 62 62 62 62 61 63 123 61 61 62 61 62 62 61 61 61
internal_value=4.27681e-12 0.00168745 -0.00101247 0.000140513 -0.000218723 -0.000140576 -4.83476e-05 0.000138028 3.23414e-05 0.000100482 0.000196367 0.000144971 1.53031e-05 -4.12082e-05 -0.000284621 0.000190185 0.000184377 0.000213303 -0.000135435 0.000237423 0.000206878 0.000456293 -0.000170096 0.000146479 0.000298021 -0.000474864 0.000177799 -0.000137484 -3.66201e-05 -0.000212558
internal_weight=2000 750 1250 676 614 1175 1109 552 1047 923 739 617 491 368 184 494 123 432 245 370 246 122 183 123 124 124 185 122 123 123
internal_count=2000 750 1250 676 614 1175 1109 552 1047 923 739 617 491 368 184 494 123 432 245 370 246 122 183 123 124 124 185 122 123 123
is_linear=0
shrinkage=0.1


Tree=48
num_leaves=31
num_cat=0
split_feature=4 5 5 5 0 8 3 9 7 2 1 6 1 2 1 0 0 1 3 10 0 8 0 0 0 3 0 0 2 0
split_gain=0.364687 1.11874 0.639451 0.0767792 0.251594 0.043307 0.0114898 0.00944236 0.00848732 0.00415299 0.00212458 0.00211424 0.00164212 0.00110368 0.00108439 0.000386404 0.000285528 0.000172684 0.000103789 0.000169594 9.15691e-05 5.21591e-05 2.23201e-05 1.09414e-05 8.49367e-06 6.24595e-06 1.76318e-06 5.16103e-07 2.7855e-07 2.52248e-07
threshold=8.5000000000000018 23.500000000000004 21.500000000000004 17.500000000000004 12.500000000000002 30.500000000000004 1.0000000180025095e-35 30.500000000000004 14.500000000000002 12.500000000000002 7.5000000000000009 7.5000000000000009 1.5000000000000002 1.0000000180025095e-35 10.500000000000002 23.500000000000004 1.5000000000000002 2.5000000000000004 1.5000000000000002 30.500000000000004 14.500000000000002 29.500000000000004 1.0000000180025095e-35 11.500000000000002 9.5000000000000018 30.500000000000004 29.500000000000004 22.500000000000004 2.5000000000000004 7.5000000000000009
decision_type=2 2 2 2 2 2 2 2 2 2 2 2 2 2 2 2 2 2 2 2 2 2 2 2 2 2 2 2 2 2
left_child=1 -1 3 6 16 12 -2 8 -8 11 20 15 24 -13 -15 27 22 -14 -17 25 -11 23 -5 29 -3 -20 28 -10 -16 -19
right_child=2 5 -4 4 -6 -7 7 -9 9 10 -12 13 17 14 26 18 -18 21 19 -21 -22 -23 -24 -25 -26 -27 -28 -29 -30 -31
leaf_value=-0.013988516403894339 0.0013281686231493952 -0.00040308660827577115 0.010029263000210955 8.888434967957437e-05 0.0072408950915842348 -0.0029478808864951134 -0.0011024106136308268 -0.0012698550708591938 -3.9383221883326774e-05 0.00017466838471591473 0.00097436968621516986 0.00015182032948359849 0.0001534622977487743 -0.00067822361098868514 -0.00019576174672693015 5.9898430481553082e-05 -0.00013278527185320855 -2.9813841683790089e-05 0.00026641503209248187 6.2422384507954129e-05 0.00034723877906799321 -0.00011468641459941865 0.00017408441053703429 2.619783626869321e-05 -0.00045564468018710613 0.00022733008954674007 -0.00021178843453526497 -2.6427546981722119e-05 -0.00018628257075174444 -2.0756400772370398e-05
leaf_weight=70 62 61 72 61 66 62 65 62 62 62 63 62 61 63 62 61 61 62 124 62 61 61 62 62 62 61 61 61 62 61
leaf_count=70 62 61 72 61 66 62 65 62 62 62 63 62 61 63 62 61 61 62 124 62 61 61 62 62 62 61 61 61 62 61
internal_value=-1.51776e-12 -0.00216001 0.000844178 0.000360045 0.00194406 -0.000477097 5.20316e-06 -7.26183e-05 2.20896e-06 7.96634e-05 0.000502131 -2.6381e-05 -0.000120845 -0.000225552 -0.000319895 0.000116874 4.41048e-05 2.85015e-06 0.00017671 0.000205558 0.000260252 -3.44968e-05 0.000131831 -8.05585e-06 -0.000429579 0.000253528 -0.000197869 -3.2958e-05 -0.000191022 -2.53219e-05
internal_weight=2000 562 1438 1366 250 492 1116 1054 992 927 186 741 430 310 248 431 184 307 308 247 123 246 123 185 123 185 185 123 124 123
internal_count=2000 562 1438 1366 250 492 1116 1054 992 927 186 741 430 310 248 431 184 307 308 247 123 246 123 185 123 185 185 123 124 123
is_linear=0
shrinkage=0.1


Tree=49
num_leaves=31
num_cat=0
split_feature=7 2 9 4 8 4 3 0 2 1 6 5 0 6 0 1 2 0 0 6 3 0 0 0 8 0 0 0 0 0
split_gain=0.350607 1.86459 1.02472 0.0900737 0.0421434 0.0367471 0.00808928 0.00688769 0.00311753 0.00232284 0.00126313 0.00105469 0.000507191 0.000342867 0.00017762 0.000128808 0.000117885 9.89614e-05 8.80183e-05 7.51867e-05 6.85047e-05 4.03381e-05 2.74374e-05 2.24822e-05 2.63774e-05 6.87988e-06 4.18044e-07 2.04321e-07 1.99006e-07 1.58658e-08
threshold=17.500000000000004 13.500000000000002 14.500000000000002 30.500000000000004 30.500000000000004 1.0000000180025095e-35 1.0000000180025095e-35 15.500000000000002 14.500000000000002 1.5000000000000002 28.500000000000004 20.500000000000004 29.500000000000004 1.5000000000000002 10.500000000000002 4.5000000000000009 10.500000000000002 14.500000000000002 19.500000000000004 2.5000000000000004 30.500000000000004 11.500000000000002 24.500000000000004 4.5000000000000009 29.500000000000004 9.5000000000000018 22.500000000000004 7.5000000000000009 20.500000000000004 27.500000000000004
decision_type=2 2 2 2 2 2 2 2 2 2 2 2 2 2 2 2 2 2 2 2 2 2 2 2 2 2 2 2 2 2
left_child=2 6 -1 4 5 -4 -2 8 -7 25 12 15 13 26 23 -11 19 -17 -12 -15 22 -16 -21 -13 27 -10 -8 -25 -20 -24
right_child=1 -3 3 -5 -6 7 10 -9 9 11 18 14 -14 16 21 17 -18 -19 28 20 -22 -23 29 24 -26 -27 -28 -29 -30 -31
leaf_value=-0.012460176751017571 0.0011953517794609072 0.016688877297250704 0.0024121303111314775 -0.0040583916008472441 -0.0026530927047133447 -0.00070736522699889706 -3.5444900277070701e-05 -0.0011428696103394033 -0.00036277794279158119 0.00037580386269837619 -0.00031911479309201243 -0.00011950674233958126 -0.00019060958875343205 0.00023591786157339811 0.00013811606913805008 0.00015693876193836334 0.00028763265452451175 0.00031251490581780673 -0.00017618556739762425 0.00013663829304277897 0.00020459708757698537 2.3578053514938802e-05 5.6180142564699054e-05 -2.6832459843717517e-05 -0.00010321778245270252 -0.00041008023545145993 -2.3784792574588209e-05 -1.868076069513336e-05 -0.00016814059345051648 5.3908588597550988e-05
leaf_weight=75 62 74 61 62 62 66 62 62 61 61 61 61 61 62 61 124 63 61 62 62 61 62 62 62 61 62 61 61 61 61
leaf_count=75 62 74 61 62 62 66 62 62 61 61 61 61 61 62 61 124 63 61 62 62 61 62 62 62 61 62 61 61 61 61
internal_value=5.57047e-12 0.0015013 -0.00116768 -0.000361072 -0.000129053 3.99427e-05 9.8204e-05 -0.000127345 -4.89354e-05 1.00285e-05 6.15647e-06 8.94877e-05 8.14337e-05 0.000115026 -1.76696e-05 0.000249788 0.000162996 0.000208237 -0.000220903 0.000137502 0.000112698 8.03815e-05 8.23955e-05 -6.68952e-05 -4.94534e-05 -0.000386621 -2.96622e-05 -2.27897e-05 -0.000172196 5.50536e-05
internal_weight=2000 875 1125 1050 988 926 801 865 803 737 739 614 555 494 368 246 371 185 184 308 246 123 185 245 184 123 123 123 123 123
internal_count=2000 875 1125 1050 988 926 801 865 803 737 739 614 555 494 368 246 371 185 184 308 246 123 185 245 184 123 123 123 123 123
is_linear=0
shrinkage=0.1


Tree=50
num_leaves=31
num_cat=0
split_feature=11 3 3 11 0 2 3 4 8 1 0 10 0 6 0 2 0 6 6 0 1 0 0 2 0 0 0 0 0 0
split_gain=0.342792 2.028 0.706322 0.333442 0.0689881 0.0241919 0.0205648 0.0376268 0.0123724 0.00514226 0.00399475 0.00389583 0.00281938 0.00147221 0.000471678 0.00044011 0.000292514 0.000155428 8.73255e-05 7.12948e-05 6.65443e-05 6.61907e-05 6.00559e-05 2.8198e-05 2.20103e-05 1.96531e-05 1.45319e-05 3.38615e-07 2.92318e-07 1.61195e-07
threshold=23.500000000000004 8.5000000000000018 6.5000000000000009 1.5000000000000002 30.500000000000004 29.500000000000004 12.500000000000002 2.5000000000000004 17.500000000000004 18.500000000000004 16.500000000000004 16.500000000000004 9.5000000000000018 28.500000000000004 29.500000000000004 26.500000000000004 8.5000000000000018 1.5000000000000002 2.5000000000000004 19.500000000000004 19.500000000000004 13.500000000000002 14.500000000000002 25.500000000000004 24.500000000000004 28.500000000000004 5.5000000000000009 22.500000000000004 1.0000000180025095e-35 20.500000000000004
decision_type=2 2 2 2 2 2 2 2 2 2 2 2 2 2 2 2 2 2 2 2 2 2 2 2 2 2 2 2 2 2
left_child=1 -1 4 -3 9 6 7 26 11 -2 -7 12 16 15 20 17 -8 27 -19 -15 -11 -17 -23 24 -20 28 -5 -13 -22 -21
right_child=2 3 -4 5 -6 10 8 -9 -10 14 -12 13 -14 19 -16 21 -18 18 23 29 25 22 -24 -25 -26 -27 -28 -29 -30 -31
leaf_value=-0.017251733554081179 0.0010758166201412678 0.007176683781047662 0.011661139842581707 -2.4149213277269155e-05 0.0038502257317304615 -0.001028582639992237 -1.6812684771139177e-05 -0.0030179923513170446 0.0013774492378489903 4.8517729737795889e-05 -0.0021637599194242112 -3.1900408794172107e-05 -0.00098299889712396898 -0.00028720330446958543 -0.00017154862871393561 0.00033822348341345788 -0.00032650013454258445 0.00021232608705759051 0.00012363405648346357 -0.00015856701647862793 0.00015073243994265795 0.00014150767819955944 0.00028126342222094535 2.1220247435849161e-05 5.0562131218612197e-05 0.00021486592013388874 -9.2895998386666184e-05 -2.1406314044725153e-05 0.00014098209794610739 -0.00015132653061300516
leaf_weight=71 62 63 69 62 62 62 61 66 65 61 62 62 66 61 61 61 61 62 123 62 61 62 61 62 62 62 61 61 62 61
leaf_count=71 62 63 69 62 62 62 61 66 65 61 62 62 66 61 61 61 61 62 123 62 61 62 61 62 62 62 61 61 62 61
internal_value=-1.06666e-12 -0.000755857 0.00226757 6.37421e-05 0.000763729 -0.000264307 -0.000131335 -0.00109181 4.1057e-05 0.00024513 -0.00159617 -4.68636e-05 -0.000456489 4.93985e-05 7.73693e-05 0.000123539 -0.000171656 6.83752e-05 0.000106219 -0.000198812 0.000139093 0.000253055 0.000210817 7.9585e-05 9.91451e-05 0.000168958 -5.82431e-05 -2.6696e-05 0.000145818 -0.000154976
internal_weight=2000 1500 500 1429 431 1366 1242 189 1053 369 124 988 188 800 307 616 122 432 309 184 246 184 123 247 185 185 123 123 123 123
internal_count=2000 1500 500 1429 431 1366 1242 189 1053 369 124 988 188 800 307 616 122 432 309 184 246 184 123 247 185 185 123 123 123 123
is_linear=0
shrinkage=0.1


Tree=51
num_leaves=31
num_cat=0
split_feature=8 3 3 0 4 2 4 11 1 0 0 5 2 0 0 4 2 0 2 2 0 0 0 0 0 0 0 0 0 0
split_gain=0.323826 1.33522 1.29798 0.0701622 0.036287 0.0215376 0.00918441 0.00535657 0.00472213 0.00323574 0.00131397 0.00102496 0.000486931 0.000565868 0.000254225 0.000274904 0.000100364 9.14388e-05 9.09855e-05 7.35836e-05 5.77488e-05 3.76467e-05 2.57993e-05 1.5919e-05 1.17708e-05 2.97117e-06 8.69312e-07 2.74278e-07 2.36778e-07 1.30568e-07
threshold=18.500000000000004 11.500000000000002 13.500000000000002 30.500000000000004 29.500000000000004 29.500000000000004 1.0000000180025095e-35 6.5000000000000009 18.500000000000004 16.500000000000004 2.5000000000000004 5.5000000000000009 3.5000000000000004 10.500000000000002 29.500000000000004 24.500000000000004 5.5000000000000009 13.500000000000002 6.5000000000000009 28.500000000000004 19.500000000000004 27.500000000000004 11.500000000000002 28.500000000000004 5.5000000000000009 24.500000000000004 17.500000000000004 22.500000000000004 1.0000000180025095e-35 20.500000000000004
decision_type=2 2 2 2 2 2 2 2 2 2 2 2 2 2 2 2 2 2 2 2 2 2 2 2 2 2 2 2 2 2
left_child=2 3 -1 4 6 7 -2 -4 -8 -7 -6 17 20 -14 15 21 27 -9 -18 26 -13 24 -20 28 -10 -24 -19 -15 -17 -22
right_child=1 -3 5 -5 10 9 8 11 14 -11 -12 12 13 16 -16 23 18 19 22 -21 29 -23 25 -25 -26 -27 -28 -29 -30 -31
leaf_value=-0.013786053126949508 0.0014532488770782948 0.014249936814109486 -0.00091580168379900564 0.0034652028232812883 -0.0012736700475215912 -0.00092572439461946487 0.00096823489293456082 0.00030440113041549924 -2.1734290930908175e-05 -0.0019473838710015821 -0.0019273791462183 -0.00025848296936601404 -0.00027077230624854564 -2.8710369952023031e-05 -0.00015439377166330816 0.00013565919362008573 0.00019109346903860571 0.00012735690688714385 0.00011194106191396714 0.00025313706137239936 -0.00014271031832322479 4.3665955308824779e-05 1.9098223128821703e-05 0.00019337931880727412 -8.360639913007617e-05 4.5945581921368719e-05 0.00011061106342822314 -1.9265682203695179e-05 0.00012688388815149665 -0.00013619387755170465
leaf_weight=75 61 75 65 62 61 62 62 61 62 62 62 61 62 62 61 61 62 62 61 61 62 61 62 62 61 123 62 61 62 61
leaf_count=75 61 75 65 62 61 62 62 61 62 62 62 61 62 62 61 61 62 62 61 61 62 61 62 62 61 123 62 61 62 61
internal_value=-4.39322e-12 0.00153752 -0.00105308 0.000245609 -4.9679e-05 -0.00019429 0.000295856 -3.83787e-05 0.000152358 -0.00143655 -0.00160318 2.34117e-05 -4.01106e-05 1.17007e-05 3.472e-05 6.59828e-05 5.23349e-05 0.000198227 8.28299e-05 0.000163218 -0.000178931 -2.05646e-05 5.55439e-05 0.000152062 -5.24188e-05 3.69481e-05 0.000118984 -2.40264e-05 0.000131236 -0.000139479
internal_weight=2000 813 1187 738 676 1112 553 988 492 124 123 923 677 493 430 369 431 246 308 185 184 184 246 185 123 185 124 123 123 123
internal_count=2000 813 1187 738 676 1112 553 988 492 124 123 923 677 493 430 369 431 246 308 185 184 184 246 185 123 185 124 123 123 123
is_linear=0
shrinkage=0.1


Tree=52
num_leaves=31
num_cat=0
split_feature=9 1 8 1 1 0 4 11 1 9 3 0 0 0 1 0 0 0 1 10 3 0 0 0 0 0 0 0 0 0
split_gain=0.306477 1.65937 0.959222 0.115701 0.0814929 0.0554413 0.0306366 0.00858242 0.0130542 0.00560766 0.00447348 0.00413733 0.0011989 0.00106432 0.00105171 0.000323192 0.000248388 0.000157889 0.000143527 6.18703e-05 5.43926e-05 4.34277e-05 3.94027e-05 2.14683e-05 1.86115e-05 5.27647e-06 2.22166e-07 1.9179e-07 1.0576e-07 1.90402e-08
threshold=22.500000000000004 14.500000000000002 9.5000000000000018 9.5000000000000018 29.500000000000004 30.500000000000004 29.500000000000004 2.5000000000000004 27.500000000000004 18.500000000000004 1.0000000180025095e-35 15.500000000000002 10.500000000000002 2.5000000000000004 12.500000000000002 19.500000000000004 29.500000000000004 12.500000000000002 14.500000000000002 2.5000000000000004 29.500000000000004 13.500000000000002 14.500000000000002 11.500000000000002 23.500000000000004 9.5000000000000018 22.500000000000004 1.0000000180025095e-35 20.500000000000004 27.500000000000004
decision_type=2 2 2 2 2 2 2 2 2 2 2 2 2 2 2 2 2 2 2 2 2 2 2 2 2 2 2 2 2 2
left_child=2 11 -1 -4 5 6 7 8 -5 10 -9 12 25 -8 15 -12 18 23 26 29 24 -19 -23 -14 27 -2 -16 -21 -17 -20
right_child=1 -3 3 4 -6 -7 13 9 -10 -11 14 -13 17 -15 16 28 -18 21 19 20 -22 22 -24 -25 -26 -27 -28 -29 -30 -31
leaf_value=-0.012106626167316253 -0.0002022699685767293 0.016385912396279827 -0.0041754915756915794 0.0020325208187944466 -0.0035109780728816986 0.0031186826527118683 -0.0011463030241429806 0.00087141143158078196 -1.9560861983336511e-05 0.001016308997059241 -0.00040553715680876089 -0.00083315195515751847 0.00010074694873765112 -0.0017346411943435669 -2.5839332374744119e-05 -0.00012843927834182978 -0.00013895438751205803 0.00027396101504564287 4.1797896847128869e-05 0.00012209326960146427 4.0911359246820214e-05 0.00011462121037766338 0.00022782336454838515 1.718840067042038e-05 0.00017301275511272252 -0.00024369508028030396 -1.7339113401249052e-05 0.00011419550282880664 -0.00012257449561730029 3.9299362106248738e-05
leaf_weight=71 61 70 69 62 62 62 61 62 62 65 62 62 61 62 62 62 61 61 61 61 62 62 61 62 124 62 61 62 61 61
leaf_count=71 61 70 69 62 62 62 61 62 62 65 62 62 61 62 62 62 61 61 61 61 62 62 61 62 124 62 61 62 61 61
internal_value=-1.29818e-11 0.00198014 -0.000773879 -0.000185272 2.68427e-05 0.000204306 5.03954e-05 0.000225154 0.00100648 0.00012064 5.31007e-05 -6.94642e-05 4.06489e-05 -0.00144286 -1.03184e-05 -0.000219371 5.25673e-05 0.000146341 7.36554e-05 0.000100846 0.000124653 0.000204975 0.000170762 5.8628e-05 0.000145674 -0.000223151 -2.16238e-05 0.000118112 -0.000125531 4.05486e-05
internal_weight=2000 562 1438 1367 1298 1236 1174 1051 124 927 862 492 430 123 800 185 615 307 554 431 309 184 123 123 247 123 123 123 123 122
internal_count=2000 562 1438 1367 1298 1236 1174 1051 124 927 862 492 430 123 800 185 615 307 554 431 309 184 123 123 247 123 123 123 123 122
is_linear=0
shrinkage=0.1


Tree=53
num_leaves=31
num_cat=0
split_feature=4 5 5 8 5 0 7 0 9 3 0 4 0 6 0 0 0 0 10 3 1 0 0 0 0 0 0 0 0 0
split_gain=0.332344 0.971833 0.744944 0.0504361 0.0440422 0.214421 0.00619301 0.00528058 0.00446271 0.00287709 0.00224552 0.00308246 0.000679002 0.000567184 0.000450898 0.000189613 9.51026e-05 4.72751e-05 4.6667e-05 5.84252e-05 3.09731e-05 2.58368e-05 1.73893e-05 6.53332e-06 5.95174e-07 1.79954e-07 1.5535e-07 8.56654e-08 8.14069e-08 1.54225e-08
threshold=8.5000000000000018 23.500000000000004 21.500000000000004 30.500000000000004 17.500000000000004 12.500000000000002 14.500000000000002 1.5000000000000002 30.500000000000004 1.0000000180025095e-35 18.500000000000004 13.500000000000002 14.500000000000002 7.5000000000000009 10.500000000000002 5.5000000000000009 23.500000000000004 16.500000000000004 2.5000000000000004 29.500000000000004 30.500000000000004 19.500000000000004 11.500000000000002 9.5000000000000018 29.500000000000004 22.500000000000004 1.0000000180025095e-35 20.500000000000004 8.5000000000000018 27.500000000000004
decision_type=2 2 2 2 2 2 2 2 2 2 2 2 2 2 2 2 2 2 2 2 2 2 2 2 2 2 2 2 2 2
left_child=1 -1 4 14 6 7 -2 26 9 -8 11 12 -11 16 15 -3 25 -14 29 -20 23 -15 -16 28 27 -12 -6 -23 -17 -18
right_child=2 3 -4 -5 5 -7 8 -9 -10 10 13 -13 17 21 22 20 18 -19 19 -21 -22 24 -24 -25 -26 -27 -28 -29 -30 -31
leaf_value=-0.013086562378864203 -0.00093266628718433476 -1.7604776076041162e-05 0.010719705763686863 -0.0031598802655935288 0.00010988394496962428 0.0063729301885221941 0.00078427027910947804 -0.0010316727682948112 -0.00074983672238886361 -0.00013489105149346869 -2.3255398264154793e-05 0.00092887369915843013 0.00020504102576524019 -0.00019208097364753485 9.0672256192192435e-05 -0.00017687665531411769 3.7618106580339374e-05 0.00032954011112451553 0.00015571148251183333 3.6820222157984977e-05 -0.00027511734515428543 -0.0001155953505076468 1.546956045785919e-05 -0.00021932558156549932 -0.00012505894992500543 -1.5605203225277366e-05 0.00010277595138177276 -0.00011031704489141703 -0.00018204296939074995 3.5369425313547252e-05
leaf_weight=70 65 62 72 62 61 66 62 61 62 64 62 65 61 61 61 61 61 61 124 62 61 62 62 62 61 61 62 61 61 61
leaf_count=70 65 62 72 62 61 66 62 61 62 64 62 65 61 61 61 61 61 61 124 62 61 62 62 62 61 61 62 61 61 61
internal_value=3.73984e-13 -0.00206201 0.000805875 -0.000493472 0.00028333 0.00148303 1.45811e-05 -0.000270962 7.31645e-05 0.000124758 8.06483e-05 0.000336069 0.000128905 -1.41897e-05 -0.000109014 -0.00017383 5.48714e-05 0.000267291 8.45562e-05 0.000116081 -0.000213365 -0.000135681 5.27652e-05 -0.000192893 -0.000116983 -1.94614e-05 0.000106301 -0.000112978 -0.00017946 3.64938e-05
internal_weight=2000 562 1438 492 1366 250 1116 184 1051 989 927 251 186 676 430 307 431 122 308 186 245 245 123 184 184 123 123 123 122 122
internal_count=2000 562 1438 492 1366 250 1116 184 1051 989 927 251 186 676 430 307 431 122 308 186 245 245 123 184 184 123 123 123 122 122
is_linear=0
shrinkage=0.1


Tree=54
num_leaves=31
num_cat=0
split_feature=7 2 9 4 8 4 11 0 3 0 0 0 6 5 0 0 0 10 3 1 0 0 0 0 0 0 0 0 0 0
split_gain=0.301388 1.63459 0.943702 0.0479802 0.0370742 0.0356104 0.00459263 0.00892256 0.00264708 0.00249452 0.00141133 0.0011658 0.000459419 0.000283729 0.000153587 7.70331e-05 6.50275e-05 3.78002e-05 4.73244e-05 2.50882e-05 2.09278e-05 1.41714e-05 1.40854e-05 5.29199e-06 4.82091e-07 1.45763e-07 1.25833e-07 6.93891e-08 6.59394e-08 1.31203e-08
threshold=17.500000000000004 13.500000000000002 14.500000000000002 1.0000000180025095e-35 30.500000000000004 30.500000000000004 12.500000000000002 1.5000000000000002 1.0000000180025095e-35 9.5000000000000018 10.500000000000002 18.500000000000004 7.5000000000000009 1.0000000180025095e-35 5.5000000000000009 23.500000000000004 13.500000000000002 2.5000000000000004 29.500000000000004 30.500000000000004 19.500000000000004 14.500000000000002 11.500000000000002 9.5000000000000018 29.500000000000004 22.500000000000004 1.0000000180025095e-35 20.500000000000004 8.5000000000000018 28.500000000000004
decision_type=2 2 2 2 2 2 2 2 2 2 2 2 2 2 2 2 2 2 2 2 2 2 2 2 2 2 2 2 2 2
left_child=2 8 -1 -4 5 6 10 26 -2 -9 14 -10 15 -12 -5 25 22 -17 29 23 -14 -18 -15 28 27 -13 -8 -22 -16 -19
right_child=1 -3 3 4 -6 -7 7 9 11 -11 13 12 20 16 19 17 21 18 -20 -21 24 -23 -24 -25 -26 -27 -28 -29 -30 -31
leaf_value=-0.011919522454341254 0.0007058432791382075 0.015611982009549802 0.0024133281782269481 -1.5844298468437048e-05 -0.0028438920155167582 -0.0026331476867198947 9.889554930850864e-05 -0.0015316218997423468 0.00043699929993303997 -0.00064860003305569538 0.00033983155153691772 -2.092985814670101e-05 -0.00017287287628278138 8.1605027662590157e-05 -0.00015918898861855268 3.2844390079844747e-05 0.00011664819903671742 0.00013911169953644277 3.3138200524263088e-05 -0.00024760561063885689 -0.00010403582127764821 0.00018453692318871618 1.3922604557592423e-05 -0.00019739300478249788 -0.00011255305726081133 -1.4044682029634715e-05 9.2498352751135832e-05 -9.9285342730581771e-05 -0.00016383866313844921 0.00014116896782070398
leaf_weight=75 62 74 61 62 62 62 61 65 63 63 61 62 61 61 61 122 62 62 62 61 62 61 62 62 61 61 62 61 61 62
leaf_count=75 62 74 61 62 62 62 61 65 63 63 61 62 61 61 61 122 62 62 62 61 62 61 62 62 61 61 62 61 61 62
internal_value=6.72881e-12 0.00139194 -0.00108262 -0.000308555 -0.000476437 -0.000318095 -0.000152161 -0.000512549 7.82275e-05 -0.00109701 -4.83643e-06 2.55723e-05 -1.27707e-05 0.000146775 -0.000156447 4.93842e-05 9.89026e-05 7.61006e-05 0.000104473 -0.000192029 -0.000122113 0.000150317 4.74887e-05 -0.000173604 -0.000105285 -1.75153e-05 9.56709e-05 -0.00010168 -0.000161514 0.00014014
internal_weight=2000 875 1125 1050 989 927 865 251 801 128 614 739 676 307 307 431 246 308 186 245 245 123 123 184 184 123 123 123 122 124
internal_count=2000 875 1125 1050 989 927 865 251 801 128 614 739 676 307 307 431 246 308 186 245 245 123 123 184 184 123 123 123 122 124
is_linear=0
shrinkage=0.1


Tree=55
num_leaves=31
num_cat=0
split_feature=7 2 9 0 4 8 4 11 1 1 3 0 0 0 5 0 0 0 10 3 1 0 0 0 1 0 0 0 0 0
split_gain=0.284724 1.49869 1.41992 0.07876 0.0397691 0.0291876 0.0279537 0.00590393 0.0108497 0.00315956 0.0020636 0.00114318 0.000826605 0.000318656 0.000229821 0.000124405 6.23968e-05 5.26723e-05 3.06182e-05 3.83328e-05 2.03214e-05 1.67408e-05 1.14788e-05 1.14091e-05 4.5909e-06 4.28651e-06 1.18068e-07 5.62052e-08 5.3411e-08 1.24923e-08
threshold=18.500000000000004 11.500000000000002 13.500000000000002 30.500000000000004 1.0000000180025095e-35 30.500000000000004 30.500000000000004 12.500000000000002 10.500000000000002 24.500000000000004 1.0000000180025095e-35 10.500000000000002 18.500000000000004 21.500000000000004 1.0000000180025095e-35 5.5000000000000009 23.500000000000004 13.500000000000002 2.5000000000000004 29.500000000000004 30.500000000000004 19.500000000000004 14.500000000000002 11.500000000000002 23.500000000000004 9.5000000000000018 22.500000000000004 20.500000000000004 8.5000000000000018 27.500000000000004
decision_type=2 2 2 2 2 2 2 2 2 2 2 2 2 2 2 2 2 2 2 2 2 2 2 2 2 2 2 2 2 2
left_child=2 10 -1 4 -4 6 7 11 -9 24 -2 15 -12 21 -13 -6 26 23 29 -20 25 -14 -19 -16 -10 28 -15 -23 -17 -18
right_child=1 -3 3 -5 5 -7 -8 8 9 -11 12 14 13 16 17 20 18 22 19 -21 -22 27 -24 -25 -26 -27 -28 -29 -30 -31
leaf_value=-0.01449846403851901 0.00063525894656777391 0.015009732077659639 0.0021719953045248987 0.0033614736050367358 -1.425986847607419e-05 -0.0025595027953386308 -0.0023698328062891961 -0.0016694940668322258 0.00012157842210153976 -0.00077534327283501625 0.00038051181472837926 0.0003058484056964517 -0.00015558558516204357 -1.8836872186511755e-05 7.3444528970867404e-05 -0.00014327008975669741 3.0571859679184857e-05 0.00010498338378965855 0.00012612629798240961 2.9824380180798472e-05 -0.00022284504957497122 -9.3632237985730177e-05 0.00016608323203399778 1.2530344247352333e-05 8.3248515147715812e-05 -0.00017765371594578028 -1.2640214117709548e-05 -8.9356803800910722e-05 -0.00014745480148121716 2.8548043337650598e-05
leaf_weight=73 62 74 61 62 62 62 62 67 63 61 62 61 61 62 61 61 61 62 124 62 61 62 61 62 62 62 61 61 61 61
leaf_count=73 62 74 61 62 62 62 62 67 63 61 62 61 61 62 61 61 61 62 124 62 61 62 61 62 62 62 61 61 61 61
internal_value=7.00165e-12 0.00144171 -0.000987454 -0.000102082 -0.000306208 -0.000458751 -0.000318551 -0.000171861 -0.000578384 -0.00018535 8.3068e-05 -4.35279e-06 3.24981e-05 -2.58624e-06 0.000132097 -0.000140803 4.44458e-05 8.90124e-05 6.84905e-05 9.40257e-05 -0.000172826 -0.000112754 0.000135285 4.27398e-05 0.000102567 -0.000156243 -1.57637e-05 -9.15119e-05 -0.000145362 2.956e-05
internal_weight=2000 813 1187 1114 1052 991 929 867 253 186 739 614 677 615 307 307 431 246 308 186 245 184 123 123 125 184 123 123 122 122
internal_count=2000 813 1187 1114 1052 991 929 867 253 186 739 614 677 615 307 307 431 246 308 186 245 184 123 123 125 184 123 123 122 122
is_linear=0
shrinkage=0.1


Tree=56
num_leaves=31
num_cat=0
split_feature=4 5 5 5 0 8 1 7 0 8 0 9 5 1 0 0 2 0 0 0 0 0 1 0 0 0 0 0 0 0
split_gain=0.250277 0.807357 0.629364 0.0537622 0.207425 0.0268038 0.0187275 0.00313655 0.00244089 0.00205546 0.00309547 0.00129383 0.000950046 0.000721858 0.000239626 0.000184866 0.000126583 0.000100768 4.16636e-05 2.85828e-05 2.42168e-05 2.18286e-05 1.64604e-05 9.24141e-06 3.90014e-06 3.47207e-06 9.56349e-08 4.55262e-08 4.32628e-08 1.13879e-08
threshold=8.5000000000000018 23.500000000000004 21.500000000000004 17.500000000000004 12.500000000000002 30.500000000000004 20.500000000000004 14.500000000000002 1.5000000000000002 18.500000000000004 27.500000000000004 30.500000000000004 5.5000000000000009 10.500000000000002 10.500000000000002 17.500000000000004 5.5000000000000009 5.5000000000000009 24.500000000000004 21.500000000000004 28.500000000000004 14.500000000000002 30.500000000000004 11.500000000000002 16.500000000000004 9.5000000000000018 22.500000000000004 20.500000000000004 8.5000000000000018 1.0000000180025095e-35
decision_type=2 2 2 2 2 2 2 2 2 2 2 2 2 2 2 2 2 2 2 2 2 2 2 2 2 2 2 2 2 2
left_child=1 -1 3 6 8 14 7 -2 29 11 -11 12 15 -14 17 21 19 -3 -18 27 -12 -9 25 -16 -23 28 -21 -15 -19 -5
right_child=2 5 -4 4 -6 -7 -8 9 -10 10 20 -13 13 16 23 -17 18 22 -20 26 -22 24 -24 -25 -26 -27 -28 -29 -30 -31
leaf_value=-0.011837824705455986 -0.0006570159166585654 -1.2833881191909315e-05 0.0098116893791787632 7.6848152093589317e-05 0.0063539890120878368 -0.0023035526275634768 -0.0017669066636552735 9.4485044246539484e-05 -0.00069780894555151465 0.00092794242082163694 2.5693239877000451e-05 -0.00044304365292191505 -0.00036354504547835817 -8.4269011858850723e-05 6.6100072581321006e-05 0.00034246062859892849 0.00012717840136102743 -0.0001289430889301002 2.7175571810173975e-05 -1.6953184967860579e-05 0.0001144394394941628 0.00014947490999475124 -0.00020056054927408695 1.1277310113655405e-05 0.00018523430917412044 -0.00015988834202289583 -1.137619256041944e-05 -8.0421124584972867e-05 -0.00013270932249724867 7.4923667125403884e-05
leaf_weight=70 64 62 72 61 66 62 62 62 61 64 61 62 63 62 61 62 63 61 123 62 62 61 61 62 61 62 61 61 61 62
leaf_count=70 64 62 72 61 66 62 62 62 61 64 61 62 63 62 61 62 63 61 123 62 62 61 61 62 61 62 61 61 61 62
internal_value=-3.10465e-12 -0.0017894 0.000699333 0.000219033 0.00154452 -0.000359741 -7.78953e-05 2.14584e-05 -0.000180616 6.53193e-05 0.000363908 -4.2151e-06 3.2502e-05 -4.7321e-05 -7.94709e-05 0.000193122 -1.20504e-06 -0.000126722 6.10475e-05 -4.8274e-05 7.04271e-05 0.000142801 -0.000155543 3.84658e-05 0.000167355 -0.000140619 -1.41874e-05 -8.23607e-05 -0.000130826 7.58781e-05
internal_weight=2000 562 1438 1366 250 492 1116 1054 184 990 187 803 741 495 430 246 432 307 186 246 123 184 245 123 122 184 123 123 122 123
internal_count=2000 562 1438 1366 250 492 1116 1054 184 990 187 803 741 495 430 246 432 307 186 246 123 184 245 123 122 184 123 123 122 123
is_linear=0
shrinkage=0.1


Tree=57
num_leaves=31
num_cat=0
split_feature=3 11 11 11 0 7 0 0 9 3 1 8 2 5 1 2 8 2 0 0 0 0 1 0 0 0 0 0 0 0
split_gain=0.269669 1.55269 0.766405 0.384181 0.0359163 0.0182218 0.0358479 0.0109471 0.00456947 0.00364691 0.00307412 0.00118658 0.00114879 0.000995713 0.000845064 0.000283956 0.000130009 0.000101512 6.10264e-05 3.35764e-05 2.60599e-05 1.6683e-05 1.47986e-05 7.53124e-06 7.48554e-06 4.96495e-06 3.56016e-06 3.29803e-06 7.74643e-08 3.68762e-08
threshold=8.5000000000000018 23.500000000000004 22.500000000000004 1.5000000000000002 30.500000000000004 8.5000000000000018 6.5000000000000009 29.500000000000004 1.0000000180025095e-35 13.500000000000002 24.500000000000004 1.5000000000000002 29.500000000000004 5.5000000000000009 18.500000000000004 27.500000000000004 15.500000000000002 24.500000000000004 21.500000000000004 5.5000000000000009 24.500000000000004 18.500000000000004 19.500000000000004 14.500000000000002 11.500000000000002 28.500000000000004 19.500000000000004 17.500000000000004 22.500000000000004 20.500000000000004
decision_type=2 2 2 2 2 2 2 2 2 2 2 2 2 2 2 2 2 2 2 2 2 2 2 2 2 2 2 2 2 2
left_child=1 -1 3 -2 7 6 19 10 -7 -10 14 -11 13 15 -3 27 17 18 21 -5 -18 -15 -16 -17 -19 -24 -23 -13 -20 -28
right_child=2 4 -4 5 -6 8 -8 -9 9 11 -12 12 -14 16 22 23 20 24 28 -21 -22 26 25 -25 -26 -27 29 -29 -30 -31
leaf_value=-0.015679361555777805 0.0078311948371785033 0.00047893882729113104 0.010932356775073069 -1.1550493945833296e-05 0.0023899273946881294 0.00082393106384833739 -0.0029523126625766358 -0.0014255803078413011 -0.00077914744844857721 -0.00043486296049048819 -0.00062802806496620178 0.0003409651340916753 -0.00039873928762972359 -0.00014389950083568693 2.3123914434108884e-05 8.5036538075655704e-05 0.0001154463350151976 5.9490068815648561e-05 -1.5257866471074523e-05 -0.00011604877654463053 2.4124384799506517e-05 -0.0001036725239828229 6.8290277840418178e-05 0.00013452741550281643 1.0149578884011135e-05 0.00010299549903720618 -7.5842114165425306e-05 0.00030821457039564848 -1.0238573304377497e-05 -7.2379014454782009e-05
leaf_weight=71 63 62 70 62 62 62 66 61 66 62 61 61 62 62 61 62 63 61 62 61 62 61 123 61 62 62 62 62 61 61
leaf_count=71 63 62 70 62 62 62 66 61 66 62 61 61 62 62 61 62 63 61 62 61 62 61 123 61 62 62 62 62 61 61
internal_value=9.6712e-12 -0.00185513 0.000726819 0.000204224 0.000139828 -0.000164257 -0.00107221 -0.000184604 -1.03528e-05 -5.94749e-05 2.05433e-05 -1.1351e-05 1.70358e-05 4.69061e-05 0.000148994 0.000217019 -2.09184e-05 -4.40559e-05 -7.02809e-05 -6.33748e-05 7.01506e-05 -9.90371e-05 6.58373e-05 0.000109581 3.46193e-05 7.99212e-05 -8.39204e-05 0.000324457 -1.27686e-05 -7.41246e-05
internal_weight=2000 563 1437 1367 492 1304 189 430 1115 1053 369 987 925 863 308 246 617 492 369 123 125 246 246 123 123 185 184 123 123 123
internal_count=2000 563 1437 1367 492 1304 189 430 1115 1053 369 987 925 863 308 246 617 492 369 123 125 246 246 123 123 185 184 123 123 123
is_linear=0
shrinkage=0.1


Tree=58
num_leaves=31
num_cat=0
split_feature=8 0 7 0 4 1 8 0 4 3 8 0 4 9 5 2 0 0 2 0 0 0 0 9 0 0 0 0 0 0
split_gain=0.256272 1.56723 0.918688 0.0482034 0.0453245 0.0163129 0.014184 0.0107974 0.0106301 0.00740255 0.00171759 0.00179703 0.00157385 0.000942386 0.000769968 0.000289393 9.22704e-05 8.87609e-05 8.2225e-05 4.94314e-05 2.12843e-05 1.37558e-05 1.35132e-05 6.74839e-06 6.06329e-06 2.88373e-06 2.6714e-06 1.86347e-07 6.27461e-08 2.98697e-08
threshold=22.500000000000004 14.500000000000002 9.5000000000000018 9.5000000000000018 1.0000000180025095e-35 20.500000000000004 20.500000000000004 6.5000000000000009 30.500000000000004 30.500000000000004 17.500000000000004 27.500000000000004 29.500000000000004 30.500000000000004 5.5000000000000009 27.500000000000004 5.5000000000000009 23.500000000000004 24.500000000000004 21.500000000000004 4.5000000000000009 24.500000000000004 18.500000000000004 29.500000000000004 11.500000000000002 19.500000000000004 17.500000000000004 16.500000000000004 22.500000000000004 20.500000000000004
decision_type=2 2 2 2 2 2 2 2 2 2 2 2 2 2 2 2 2 2 2 2 2 2 2 2 2 2 2 2 2 2
left_child=2 4 -1 -4 -2 6 9 8 12 10 13 -12 16 14 15 26 20 18 19 22 -6 -19 -16 27 -20 -24 -5 -17 -21 -27
right_child=1 -3 3 5 7 -7 -8 -9 -10 -11 11 -13 -14 -15 17 23 -18 21 24 28 -22 -23 25 -25 -26 29 -28 -29 -30 -31
leaf_value=-0.011799055695350112 0.0023554587736725808 0.015697289693733334 -0.0027274417305734999 0.00030686862301081423 6.1461250288260549e-05 -0.0015789779669214644 0.0015329312614994707 -0.0017779661342501641 -0.001546082366257906 -0.0010684385895729065 0.0007764964249844735 2.0811523427255452e-05 -0.0005652252584695816 -0.00035886536352336407 -0.0001295095542445779 7.65328819397837e-05 -0.00010444390354678035 8.8325422257184993e-05 5.3541059605777265e-05 -1.3732080697081983e-05 -1.0395444405730814e-05 2.1711946465075017e-05 -9.3305268092080953e-05 0.00012107467046007514 9.1346213594079021e-06 -6.8257900420576337e-05 0.00027739310171455146 8.4317772416397932e-05 -9.2147158284205954e-06 -6.5141113009303811e-05
leaf_weight=71 61 71 68 61 123 62 64 62 62 61 65 61 61 62 62 62 61 62 61 62 62 62 61 61 62 62 62 61 61 61
leaf_count=71 61 71 68 61 123 62 64 62 62 61 65 61 61 62 62 62 61 62 61 62 62 62 61 61 62 62 62 61 61 61
internal_value=-5.76147e-12 0.00180846 -0.000708535 -0.000132088 -0.000195818 3.8783e-06 8.32772e-05 -0.000556904 -0.000351739 4.11525e-06 6.30043e-05 0.000410649 -0.000110536 1.85341e-05 4.38848e-05 0.000173262 2.21194e-06 -2.05936e-05 -3.96503e-05 -6.32528e-05 3.73795e-05 5.50187e-05 -8.91334e-05 9.38803e-05 3.11573e-05 -7.55284e-05 0.000292011 8.03937e-05 -1.14918e-05 -6.67122e-05
internal_weight=2000 563 1437 1366 492 1298 1236 431 369 1172 1111 126 307 985 923 307 246 616 492 369 185 124 246 184 123 184 123 123 123 123
internal_count=2000 563 1437 1366 492 1298 1236 431 369 1172 1111 126 307 985 923 307 246 616 492 369 185 124 246 184 123 184 123 123 123 123
is_linear=0
shrinkage=0.1


Tree=59
num_leaves=31
num_cat=0
split_feature=9 1 8 1 4 1 4 7 3 10 9 0 4 0 1 5 0 0 11 0 1 0 1 0 0 0 1 0 0 0
split_gain=0.280774 1.37073 0.699017 0.0820604 0.0304059 0.0134049 0.0110617 0.00789539 0.00656221 0.00502163 0.00409971 0.00232121 0.00136579 0.00089619 0.000359573 0.000352 0.000133664 8.61912e-05 6.7226e-05 6.542e-05 2.57524e-05 1.92233e-05 1.84914e-05 8.04864e-06 4.94125e-06 4.91126e-06 5.13653e-08 2.41945e-08 9.22426e-09 3.47218e-09
threshold=22.500000000000004 14.500000000000002 9.5000000000000018 9.5000000000000018 1.0000000180025095e-35 29.500000000000004 30.500000000000004 30.500000000000004 30.500000000000004 1.5000000000000002 20.500000000000004 30.500000000000004 29.500000000000004 15.500000000000002 10.500000000000002 28.500000000000004 13.500000000000002 10.500000000000002 20.500000000000004 28.500000000000004 15.500000000000002 12.500000000000002 12.500000000000002 24.500000000000004 14.500000000000002 11.500000000000002 13.500000000000002 20.500000000000004 1.0000000180025095e-35 22.500000000000004
decision_type=2 2 2 2 2 2 2 2 2 2 2 2 2 2 2 2 2 2 2 2 2 2 2 2 2 2 2 2 2 2
left_child=2 13 -1 -4 -5 6 7 8 9 -6 11 12 14 15 -11 16 21 -17 22 20 -20 -2 27 28 -18 -19 -24 -16 -22 -28
right_child=1 -3 3 4 5 -7 -8 -9 -10 10 -12 -13 -14 -15 18 17 24 25 19 -21 23 -23 26 -25 -26 -27 29 -29 -30 -31
leaf_value=-0.01041501372024535 0.00019679206889122725 0.01498834926501981 -0.003598682299607258 0.0021199129521846773 0.00097099601453731928 -0.0016001693904399872 -0.0013914741575717926 -0.0011251244693994522 -0.00096159474924206734 -0.0002469980491197578 0.00082721846826773666 0.00058120568282902239 -0.00050870273262262347 -0.00032297882717102766 -6.1432109214365488e-05 -0.00011655860580503941 6.8879593163728722e-05 4.8186953063122931e-05 0.00010843556865438587 -6.0597178526222711e-05 5.6188186863437299e-05 0.00027618177700787782 -1.2358871754258872e-05 1.9138856122281586e-05 0.00010896720923483373 8.2211590779479593e-06 -9.355899965157733e-06 -5.8627000544220213e-05 5.4456148063763976e-05 -8.2932441728189591e-06
leaf_weight=71 61 70 69 61 63 62 62 61 61 62 63 62 61 62 62 62 62 61 64 62 61 61 62 123 61 62 62 61 62 61
leaf_count=71 61 70 69 61 63 62 62 61 61 62 63 62 61 62 62 62 62 61 64 62 61 61 62 123 61 62 62 61 62 61
internal_value=8.24148e-12 0.00189529 -0.000740717 -0.000238248 -5.96118e-05 -0.00016709 -9.14726e-05 -1.90556e-05 4.50796e-05 0.000107044 4.83925e-05 -8.33126e-06 -5.38497e-05 3.24527e-05 -1.64561e-05 8.3701e-05 0.000162322 -2.0419e-05 4.5639e-06 3.31739e-05 5.19281e-05 0.000236487 -2.9991e-05 3.7227e-05 8.87604e-05 2.80416e-05 -1.00119e-05 -6.0041e-05 5.53151e-05 -8.82889e-06
internal_weight=2000 562 1438 1367 1298 1237 1175 1113 1052 991 928 865 803 492 742 430 245 185 680 372 310 122 308 246 123 123 185 123 123 123
internal_count=2000 562 1438 1367 1298 1237 1175 1113 1052 991 928 865 803 492 742 430 245 185 680 372 310 122 308 246 123 123 185 123 123 123
is_linear=0
shrinkage=0.1


Tree=60
num_leaves=31
num_cat=0
split_feature=6 8 8 4 11 4 2 7 3 2 1 2 0 7 2 0 6 3 5 0 0 0 0 3 5 0 0 0 0 0
split_gain=0.268855 1.35011 1.19598 0.0272411 0.00998818 0.0128548 0.00647488 0.00556472 0.00475944 0.00219885 0.00177177 0.00133611 0.00278545 0.00127302 0.00113254 0.000934457 0.000545573 0.000295584 0.000254389 0.000108268 8.70944e-05 8.54943e-05 1.55709e-05 1.4202e-05 1.23179e-05 8.0702e-06 4.00241e-06 2.78307e-06 4.88537e-08 4.11677e-08
threshold=18.500000000000004 12.500000000000002 13.500000000000002 1.0000000180025095e-35 18.500000000000004 2.5000000000000004 30.500000000000004 30.500000000000004 30.500000000000004 1.0000000180025095e-35 24.500000000000004 11.500000000000002 9.5000000000000018 16.500000000000004 25.500000000000004 5.5000000000000009 6.5000000000000009 1.0000000180025095e-35 28.500000000000004 13.500000000000002 5.5000000000000009 10.500000000000002 12.500000000000002 28.500000000000004 30.500000000000004 24.500000000000004 14.500000000000002 27.500000000000004 19.500000000000004 22.500000000000004
decision_type=2 2 2 2 2 2 2 2 2 2 2 2 2 2 2 2 2 2 2 2 2 2 2 2 2 2 2 2 2 2
left_child=2 6 -1 -4 5 20 9 8 10 -2 11 16 -13 18 28 -7 17 -6 19 22 -5 -20 -11 27 -23 -25 -21 29 -15 -19
right_child=1 -3 3 4 7 15 -8 -9 -10 13 -12 12 -14 14 -16 -17 -18 23 21 26 -22 24 -24 25 -26 -27 -28 -29 -30 -31
leaf_value=-0.013358787246915985 0.00060952203348279004 0.014474833199346905 0.0019079215824604036 -8.420310041401536e-06 0.00025629568845033648 -0.0012523267418146134 0.0011173873208463192 -0.0010126120410859586 -0.00086543522775173187 0.0001771128736436367 -0.00045783245004713539 4.9783611656885928e-05 0.00085909849319320468 -5.9274933300912386e-05 -0.00057865226685646035 -0.0017970539163798096 -0.00025913151475833731 -1.112298486987129e-05 -0.00010490274289622904 6.1991636175662276e-05 -0.00017672135727480056 7.0434782631515012e-05 0.00024856359232217073 6.8649323657155045e-05 7.3990428063552832e-06 1.7626865883357823e-05 9.8070490639656793e-05 1.6816485731396825e-05 -5.5288901785388594e-05 -7.4639203376136722e-06
leaf_weight=73 62 72 61 62 62 62 61 61 61 61 61 123 65 61 63 64 64 62 62 62 61 62 61 62 62 62 61 61 62 61
leaf_count=73 62 72 61 62 62 62 61 61 61 61 61 123 65 61 63 64 64 62 62 62 61 62 61 62 62 62 61 61 62 61
internal_value=7.32689e-13 0.00140241 -0.000958547 -0.000146693 -0.000265603 -0.000819108 0.000130495 -9.4395e-05 -1.9111e-05 4.18341e-05 5.64757e-05 0.000106914 0.0003296 -1.52107e-05 -0.000233864 -0.00152901 1.04514e-05 5.7082e-05 7.91503e-05 0.00014609 -9.18867e-05 -9.02297e-06 0.000212838 1.69805e-05 3.89169e-05 4.31381e-05 7.98844e-05 -6.47384e-07 -5.72657e-05 -9.30833e-06
internal_weight=2000 812 1188 1115 1054 249 740 805 744 679 683 622 188 617 186 126 434 370 431 245 123 186 122 308 124 124 123 184 123 123
internal_count=2000 812 1188 1115 1054 249 740 805 744 679 683 622 188 617 186 126 434 370 431 245 123 186 122 308 124 124 123 184 123 123
is_linear=0
shrinkage=0.1


Tree=61
num_leaves=31
num_cat=0
split_feature=9 1 8 1 4 6 6 1 6 4 7 3 6 9 0 0 3 5 1 0 0 0 1 0 0 0 0 0 0 0
split_gain=0.261164 1.27743 0.55289 0.0629416 0.0213933 0.0108276 0.00968662 0.00695235 0.00676439 0.00607497 0.00424985 0.00350839 0.00141589 0.00104495 0.000875417 0.00048843 0.000251132 0.00023374 0.000101317 8.76972e-05 5.52613e-05 1.48442e-05 1.77192e-05 1.26124e-05 9.04671e-06 3.24195e-06 2.70598e-06 1.18838e-06 3.33458e-08 7.47164e-09
threshold=22.500000000000004 14.500000000000002 9.5000000000000018 9.5000000000000018 1.0000000180025095e-35 30.500000000000004 17.500000000000004 29.500000000000004 29.500000000000004 30.500000000000004 30.500000000000004 30.500000000000004 11.500000000000002 18.500000000000004 30.500000000000004 15.500000000000002 1.0000000180025095e-35 28.500000000000004 28.500000000000004 13.500000000000002 10.500000000000002 28.500000000000004 14.500000000000002 12.500000000000002 24.500000000000004 14.500000000000002 11.500000000000002 23.500000000000004 22.500000000000004 1.0000000180025095e-35
decision_type=2 2 2 2 2 2 2 2 2 2 2 2 2 2 2 2 2 2 2 2 2 2 2 2 2 2 2 2 2 2
left_child=2 15 -1 -4 -5 6 7 9 -8 10 11 12 14 -14 16 17 -6 19 -15 23 -19 22 28 -2 27 -21 -22 29 -18 -24
right_child=1 -3 3 4 5 -7 8 -9 -10 -11 -12 -13 13 18 -16 -17 21 20 -20 25 26 -23 24 -25 -26 -27 -28 -29 -30 -31
leaf_value=-0.0093182757785412636 0.00015940158627927305 0.01446753218503935 -0.0032105560900400516 0.0017171295359730721 0.00023066611029207707 -0.0015002476051449777 0.001415833768896846 -0.0012604471296072007 -4.9760012188926339e-05 -0.001127094030380249 -0.00091135082766413689 -0.00077889170497655877 -0.00056896463051558498 2.1061837901470427e-05 0.00043717529624700548 -0.00023281571920961142 -1.0010686673922465e-05 -9.4412465114146474e-05 -0.00015904922038316728 5.5792473722249271e-05 3.6324781831353903e-05 -2.8624309925362469e-05 4.5591004891321063e-05 0.00022370722144842149 1.550247310424163e-05 8.8263436919078234e-05 6.6591390350367881e-06 6.1784393619745972e-05 -6.717527867294848e-06 4.4032171717844908e-05
leaf_weight=71 61 70 69 61 62 61 64 62 62 62 61 61 62 64 62 62 62 62 61 62 61 62 61 61 123 61 62 62 61 62
leaf_count=71 61 70 69 61 62 61 64 62 62 62 61 61 62 64 62 62 62 62 61 62 61 62 61 61 123 61 62 62 61 62
internal_value=1.21567e-11 0.0018279 -0.000714382 -0.000267508 -0.000111059 -0.000201212 -0.00013383 -0.00023325 0.000694669 -0.00016879 -0.000104628 -4.77373e-05 7.73589e-06 -0.000233315 8.07934e-05 2.958e-05 4.09813e-05 6.74138e-05 -6.68324e-05 0.000131481 -1.74319e-05 1.71265e-05 2.37078e-05 0.000191554 3.6521e-05 7.1896e-05 2.13714e-05 5.04956e-05 -8.37749e-06 4.48053e-05
internal_weight=2000 562 1438 1367 1298 1237 1176 1050 126 988 926 865 804 187 617 492 555 430 125 245 185 493 431 122 308 123 123 185 123 123
internal_count=2000 562 1438 1367 1298 1237 1176 1050 126 988 926 865 804 187 617 492 555 430 125 245 185 493 431 122 308 123 123 185 123 123
is_linear=0
shrinkage=0.1


Tree=62
num_leaves=31
num_cat=0
split_feature=6 8 8 2 4 11 4 2 7 3 7 0 2 0 0 2 3 5 0 0 0 0 5 3 0 0 3 0 0 0
split_gain=0.246124 1.15672 1.06821 0.0198284 0.0178706 0.00680205 0.00863212 0.00452449 0.00367777 0.00314953 0.00124181 0.00109985 0.00271604 0.00143529 0.000698104 0.000551501 0.0002134 0.000151517 7.10347e-05 6.93184e-05 6.49883e-05 5.47668e-05 1.46966e-05 1.44421e-05 1.0216e-05 5.2856e-06 3.40173e-06 2.62598e-06 1.36875e-06 2.70101e-08
threshold=18.500000000000004 13.500000000000002 12.500000000000002 30.500000000000004 1.0000000180025095e-35 18.500000000000004 2.5000000000000004 1.0000000180025095e-35 30.500000000000004 30.500000000000004 16.500000000000004 9.5000000000000018 11.500000000000002 1.5000000000000002 5.5000000000000009 25.500000000000004 1.0000000180025095e-35 28.500000000000004 13.500000000000002 19.500000000000004 10.500000000000002 5.5000000000000009 30.500000000000004 28.500000000000004 12.500000000000002 24.500000000000004 1.5000000000000002 14.500000000000002 28.500000000000004 22.500000000000004
decision_type=2 2 2 2 2 2 2 2 2 2 2 2 2 2 2 2 2 2 2 2 2 2 2 2 2 2 2 2 2 2
left_child=1 -1 3 7 -3 6 21 -2 9 11 17 13 16 -7 -8 19 -13 18 24 -12 -19 -6 -22 26 -9 -25 -18 -20 29 -28
right_child=2 4 -4 -5 5 8 14 10 -10 -11 15 12 -14 -15 -16 -17 23 20 27 -21 22 -23 -24 25 -26 -27 28 -29 -30 -31
leaf_value=-0.01311212906690493 0.0008696254342794419 0.0015454165637493135 0.012969676689762209 0.0019374761730432512 -9.6844625659286986e-06 4.0324726279226811e-05 -0.0010143846273422241 0.00014346142997965217 -0.00082021569833159449 -0.00070100254379212856 -0.00019493082072585821 0.00020759950857609513 0.00072924587159202653 -0.00054662910230930835 -0.001485209699603729 -0.00048308412780955672 1.3584589760284871e-05 -8.4971217438578614e-05 5.0213222857564693e-05 -4.4784008059650661e-05 7.4846894131042069e-05 -0.00014314430300146341 5.9932248404948044e-06 5.5605953093618155e-05 0.00020133650396019222 1.431393320672214e-05 -9.0096182248089463e-06 7.9437094973400243e-05 -2.5761878350749613e-05 -6.0457750805653632e-06
leaf_weight=73 62 61 72 61 62 123 62 61 61 61 61 62 65 63 64 63 61 62 62 62 62 61 62 62 61 62 62 61 62 61
leaf_count=73 62 61 72 61 62 123 62 61 61 61 61 62 65 63 64 63 61 62 62 62 62 61 62 62 61 62 62 61 62 61
internal_value=-9.58134e-12 -0.000917132 0.00134181 0.000210455 -0.000118716 -0.000215027 -0.000671797 5.53027e-05 -7.37401e-05 -1.25371e-05 -2.65255e-05 4.8951e-05 0.000126582 -0.000158482 -0.00125353 -0.000242482 3.59033e-05 6.66715e-05 0.000118333 -0.000119247 -1.37703e-06 -7.58719e-05 4.04201e-05 7.13262e-06 0.000172399 3.49599e-05 -6.89417e-06 6.47064e-05 -1.36466e-05 -7.53974e-06
internal_weight=2000 1188 812 740 1115 1054 249 679 805 744 617 683 497 186 126 186 432 431 245 123 186 123 124 370 122 124 246 123 185 123
internal_count=2000 1188 812 740 1115 1054 249 679 805 744 617 683 497 186 126 186 432 431 245 123 186 123 124 370 122 124 246 123 185 123
is_linear=0
shrinkage=0.1


Tree=63
num_leaves=31
num_cat=0
split_feature=9 1 8 1 6 4 6 1 1 4 7 3 6 9 0 0 3 5 1 0 0 0 1 0 0 0 0 0 0 0
split_gain=0.244021 1.19593 0.444441 0.048997 0.0398562 0.012932 0.0072773 0.00740058 0.00418833 0.00396676 0.00277147 0.00228542 0.000894889 0.000674941 0.000460454 0.000251022 0.000164768 0.000156912 6.69804e-05 5.75381e-05 3.46585e-05 9.73931e-06 1.16255e-05 8.275e-06 5.93555e-06 2.12705e-06 1.20711e-06 7.79698e-07 2.18782e-08 6.05203e-09
threshold=22.500000000000004 14.500000000000002 9.5000000000000018 9.5000000000000018 30.500000000000004 1.0000000180025095e-35 17.500000000000004 10.500000000000002 29.500000000000004 30.500000000000004 30.500000000000004 30.500000000000004 11.500000000000002 18.500000000000004 30.500000000000004 15.500000000000002 1.0000000180025095e-35 28.500000000000004 28.500000000000004 13.500000000000002 10.500000000000002 28.500000000000004 14.500000000000002 12.500000000000002 24.500000000000004 14.500000000000002 11.500000000000002 23.500000000000004 22.500000000000004 1.0000000180025095e-35
decision_type=2 2 2 2 2 2 2 2 2 2 2 2 2 2 2 2 2 2 2 2 2 2 2 2 2 2 2 2 2 2
left_child=2 15 -1 -4 5 -5 8 -8 9 10 11 12 14 -14 16 17 -7 19 -15 23 -19 22 28 -2 27 -21 -22 29 -18 -24
right_child=1 -3 3 4 -6 6 7 -9 -10 -11 -12 -13 13 18 -16 -17 21 20 -20 25 26 -23 24 -25 -26 -27 -28 -29 -30 -31
leaf_value=-0.0084045901474818375 0.00012911527883261443 0.013996654315851629 -0.002886531213163466 0.0013908748514950275 -0.0026471905410289766 0.00018683956004679204 -0.00017543773865327241 0.0013581076641387951 -0.00098588140681386003 -0.0009129461832344532 -0.00073819416575133807 -0.00063090226612985136 -0.00045740527641629017 1.7614943544685957e-05 0.00032053315080702308 -0.00016122573288157582 -8.1086560385301706e-06 -7.6474098023027182e-05 -0.00012882986338809134 4.5191901153884832e-05 2.5207613361999393e-05 -2.3185690224636346e-05 3.6999431904405357e-05 0.00018120285822078588 1.2557003592667208e-05 7.1493384893983603e-05 5.3939023928251121e-06 5.0045357784256343e-05 -5.4411975725088269e-06 3.5596481757238509e-05
leaf_weight=71 61 70 69 61 61 62 61 65 62 62 61 61 62 64 62 62 62 62 61 62 61 62 61 61 123 61 62 62 61 62
leaf_count=71 61 70 69 61 61 62 61 65 62 62 61 61 62 64 62 62 62 62 61 62 61 62 61 61 123 61 62 62 61 62
internal_value=7.79219e-12 0.00176689 -0.000690537 -0.000289881 -0.000151846 -2.87936e-05 -0.000102433 0.000615677 -0.000188606 -0.000138575 -8.67268e-05 -4.07852e-05 3.98734e-06 -0.000187649 6.20684e-05 2.68843e-05 3.31949e-05 5.40072e-05 -5.38501e-05 0.0001065 -1.55098e-05 1.38724e-05 1.92033e-05 0.000155159 2.9582e-05 5.82357e-05 1.52202e-05 4.09014e-05 -6.78577e-06 3.62923e-05
internal_weight=2000 562 1438 1367 1298 1237 1176 126 1050 988 926 865 804 187 617 492 555 430 125 245 185 493 431 122 308 123 123 185 123 123
internal_count=2000 562 1438 1367 1298 1237 1176 126 1050 988 926 865 804 187 617 492 555 430 125 245 185 493 431 122 308 123 123 185 123 123
is_linear=0
shrinkage=0.1


Tree=64
num_leaves=31
num_cat=0
split_feature=6 8 8 2 4 2 11 4 7 3 7 0 2 0 0 0 3 7 5 0 0 3 0 0 3 0 0 0 0 0
split_gain=0.226862 1.11668 0.859462 0.0354978 0.0117228 0.00689805 0.00466469 0.00582467 0.00243449 0.00208803 0.0012041 0.000747907 0.00199699 0.000940113 0.000530698 0.000337546 0.000140012 9.3916e-05 0.000115381 5.14008e-05 3.42034e-05 9.48917e-06 9.21744e-06 3.46113e-06 2.22519e-06 1.72291e-06 9.77762e-07 8.98036e-07 5.03051e-07 1.77213e-08
threshold=18.500000000000004 13.500000000000002 12.500000000000002 30.500000000000004 1.0000000180025095e-35 1.0000000180025095e-35 18.500000000000004 2.5000000000000004 30.500000000000004 30.500000000000004 16.500000000000004 9.5000000000000018 11.500000000000002 1.5000000000000002 5.5000000000000009 19.500000000000004 1.0000000180025095e-35 10.500000000000002 1.0000000180025095e-35 10.500000000000002 5.5000000000000009 28.500000000000004 13.500000000000002 24.500000000000004 1.5000000000000002 14.500000000000002 11.500000000000002 28.500000000000004 18.500000000000004 22.500000000000004
decision_type=2 2 2 2 2 2 2 2 2 2 2 2 2 2 2 2 2 2 2 2 2 2 2 2 2 2 2 2 2 2
left_child=1 -1 3 5 -3 -2 7 20 9 11 17 13 16 -8 -9 28 -13 -7 -19 -20 -6 24 26 -23 -18 -24 -21 29 -12 -26
right_child=2 4 -4 -5 6 10 8 14 -10 -11 15 12 -14 -15 -16 -17 21 18 19 22 -22 23 25 -25 27 -27 -28 -29 -30 -31
leaf_value=-0.012862577782433533 0.0010713160037994385 0.0012517874129116535 0.011718254215601418 0.0025841876864433292 -1.0477510659256951e-05 0.00017044646196037294 3.2663029264582974e-05 -0.00082165161147713668 -0.0006643747445195914 -0.00056781205348670487 -0.00014510315377265216 0.00016815559938549997 0.00062360374615169493 -0.00044236990719264931 -0.0012321610382059591 -0.00043608936784227223 1.0970429866574706e-05 0.00016308256890624763 -6.8826688220724463e-05 2.2686852025799455e-05 -0.00011594687821343542 4.5040820259600879e-05 4.0672713657841088e-05 1.16268391138874e-05 -7.2977905801963066e-06 6.4344046404585245e-05 4.8545123718213297e-06 -2.0867120474576951e-05 -0.0001578939612954855 -4.8970778152579442e-06
leaf_weight=73 62 61 72 61 62 62 123 62 61 61 62 62 65 63 64 63 61 61 62 61 61 62 62 62 62 61 62 62 61 61
leaf_count=73 62 61 72 61 62 62 123 62 61 61 62 62 65 63 64 63 61 61 62 61 61 62 62 62 62 61 62 62 61 61
internal_value=-2.71993e-12 -0.000880513 0.00128824 0.000273426 -9.60374e-05 6.58322e-05 -0.000174042 -0.000552301 -5.70405e-05 -7.24563e-06 -3.52051e-05 4.28196e-05 0.000106836 -0.000128235 -0.00103016 -0.000247858 2.90817e-05 5.65662e-05 3.74319e-05 1.25465e-05 -6.27835e-05 5.77742e-06 3.30552e-05 2.83338e-05 -5.59248e-06 5.24122e-05 1.36982e-05 -1.10538e-05 -0.000151447 -6.10719e-06
internal_weight=2000 1188 812 740 1115 679 1054 249 805 744 617 683 497 186 126 186 432 431 369 308 123 370 246 124 246 123 123 185 123 123
internal_count=2000 1188 812 740 1115 679 1054 249 805 744 617 683 497 186 126 186 432 431 369 308 123 370 246 124 246 123 123 185 123 123
is_linear=0
shrinkage=0.1


Tree=65
num_leaves=31
num_cat=0
split_feature=2 6 10 0 0 2 10 9 4 0 3 10 1 4 7 0 4 0 5 1 0 0 0 0 0 0 0 0 0 0
split_gain=0.247919 0.405238 0.312283 0.916685 0.0657606 0.0414643 0.0557346 0.0271052 0.00832679 0.00500099 0.00438205 0.00528879 0.00526372 0.00238833 0.00186161 0.000395931 0.000195411 0.000163245 0.000100155 6.12651e-05 3.51875e-05 2.27394e-05 1.16854e-05 6.91498e-06 3.6572e-06 2.80352e-06 1.39555e-06 7.91987e-07 2.83204e-07 2.71047e-07
threshold=4.5000000000000009 27.500000000000004 22.500000000000004 22.500000000000004 20.500000000000004 8.5000000000000018 1.5000000000000002 11.500000000000002 1.0000000180025095e-35 18.500000000000004 12.500000000000002 12.500000000000002 10.500000000000002 30.500000000000004 30.500000000000004 30.500000000000004 29.500000000000004 15.500000000000002 28.500000000000004 28.500000000000004 13.500000000000002 10.500000000000002 4.5000000000000009 12.500000000000002 23.500000000000004 24.500000000000004 14.500000000000002 11.500000000000002 19.500000000000004 28.500000000000004
decision_type=2 2 2 2 2 2 2 2 2 2 2 2 2 2 2 2 2 2 2 2 2 2 2 2 2 2 2 2 2 2
left_child=1 -1 5 -4 9 -2 -7 -8 -9 -3 11 13 17 14 15 16 19 18 20 22 23 -20 -10 -12 -5 -26 -22 -23 -11 -24
right_child=2 4 3 24 -6 6 7 8 10 28 12 -13 -14 -15 -16 -17 -18 -19 21 -21 26 27 29 -25 25 -27 -28 -29 -30 -31
leaf_value=-0.0094794556832570008 -0.0025622689838592826 0.00096418438479304322 0.013450874154056823 -4.4073702156310899e-06 -0.0035542968660593035 0.0029038875793048649 -0.0020776998530552069 0.0011266086250543595 2.9396725301744372e-05 -0.00014210456283763053 9.915911359712482e-05 -0.0011080704285548284 0.00098518005324876867 -0.00073948642238974571 -0.00059793726541101933 0.00022611946333199741 -0.00021051231306046247 -0.00013059284538030624 -6.1944016488268977e-05 -0.00010435219155624509 3.6605441709980373e-05 2.0418166241142902e-05 -9.4297596660908315e-06 0.00014677431900054217 4.0536740561947228e-05 1.0464154911460355e-05 5.7909643510356551e-05 4.3690608436008917e-06 -0.00013250743504613637 -1.8780409300234171e-05
leaf_weight=67 65 62 70 61 61 64 67 61 123 61 61 65 64 62 61 62 61 62 62 61 62 61 62 61 62 62 61 62 62 62
leaf_count=67 65 62 70 61 61 64 67 61 123 61 61 65 64 62 61 62 61 62 62 61 62 61 62 61 62 62 61 62 62 62
internal_value=1.45612e-11 -0.00258479 0.000479573 0.00370374 -0.000706978 -9.45631e-05 2.27748e-05 -0.000118738 -1.25483e-05 0.000231868 -7.16876e-05 -0.000254713 0.000132077 -0.00015459 -8.08836e-05 -7.70432e-06 -4.69918e-05 2.11038e-05 4.29763e-05 -1.46062e-05 8.49141e-05 -1.25629e-05 7.55776e-06 0.000122967 1.5639e-05 2.55004e-05 4.71709e-05 1.23284e-05 -0.000137267 -1.41051e-05
internal_weight=2000 313 1687 255 246 1432 1367 1303 1236 185 1175 619 556 554 492 431 369 492 430 308 245 185 247 122 185 124 123 123 123 124
internal_count=2000 313 1687 255 246 1432 1367 1303 1236 185 1175 619 556 554 492 431 369 492 430 308 245 185 247 122 185 124 123 123 123 124
is_linear=0
shrinkage=0.1


Tree=66
num_leaves=31
num_cat=0
split_feature=2 9 10 0 2 10 2 4 0 0 11 4 11 7 10 0 7 11 1 8 7 2 0 0 0 0 0 0 0 0
split_gain=0.222273 0.639475 0.235623 0.767058 0.0835657 0.045145 0.0262069 0.00666049 0.0040508 0.00399309 0.00379163 0.0030354 0.00217968 0.00185967 0.000870608 0.00054082 0.000826909 0.000341177 0.000256744 0.000145495 0.000131924 0.000106544 2.50774e-05 2.24408e-05 1.60748e-05 1.32343e-05 2.96234e-06 2.27085e-06 6.14415e-07 2.29395e-07
threshold=3.5000000000000004 3.5000000000000004 22.500000000000004 21.500000000000004 8.5000000000000018 1.5000000000000002 29.500000000000004 1.0000000180025095e-35 18.500000000000004 22.500000000000004 4.5000000000000009 2.5000000000000004 5.5000000000000009 30.500000000000004 20.500000000000004 10.500000000000002 10.500000000000002 3.5000000000000004 24.500000000000004 4.5000000000000009 29.500000000000004 27.500000000000004 27.500000000000004 5.5000000000000009 8.5000000000000018 11.500000000000002 23.500000000000004 24.500000000000004 30.500000000000004 19.500000000000004
decision_type=2 2 2 2 2 2 2 2 2 2 2 2 2 2 2 2 2 2 2 2 2 2 2 2 2 2 2 2 2 2
left_child=1 8 4 -4 -2 -6 7 -7 -1 -5 11 23 -12 14 15 16 18 -13 24 25 21 22 -21 -9 -14 -17 -11 -28 -24 -10
right_child=2 -3 3 9 5 6 -8 10 29 26 12 17 13 -15 -16 19 -18 -19 -20 20 -22 -23 28 -25 -26 -27 27 -29 -30 -31
leaf_value=0.00086776595562696466 -0.0036226840047730194 -0.011321586038057621 0.012105786447812406 0.00094137759879231453 0.0026134987136174461 0.0010139477439224721 -0.0020801101141842081 -8.4867839177604761e-06 -0.00012789410538971424 -3.9666330849286171e-06 0.0006079828914915843 -0.00091375203152734138 2.6457053604460044e-05 -0.00053814356215298176 0.0003914314955066416 1.8376349180471153e-05 -0.00041046872978437354 -0.00058464715848602952 -0.00018946108175441623 0.00013209688477218152 -1.6902368224691602e-05 3.2944895792752504e-05 0.00021764338016510011 -9.3916972400620582e-05 8.9243199909105897e-05 -4.6970680670624247e-05 3.6483065923675897e-05 9.4177397841122005e-06 0.00020350751001387837 -0.00011925669386982919
leaf_weight=62 66 65 70 62 64 61 64 62 61 61 62 63 123 61 63 61 66 63 61 61 62 62 61 61 61 63 62 62 62 62
leaf_count=62 66 65 70 62 64 61 64 62 61 61 62 63 123 61 63 61 66 63 61 61 62 62 61 61 61 63 62 62 62 62
internal_value=-8.79299e-12 -0.00278919 0.000398455 0.00286553 -0.000147297 2.04973e-05 -0.000106864 -4.93707e-06 0.000208681 0.000246839 -5.76977e-05 -0.000404234 3.51845e-05 -5.77684e-06 3.45139e-05 4.25041e-06 -9.63023e-05 -0.0007492 -1.16697e-05 7.6639e-05 0.000113462 0.000146318 0.00018452 -5.08546e-05 4.7272e-05 -1.48242e-05 1.40751e-05 2.29504e-05 0.000210518 -0.00012354
internal_weight=2000 250 1750 317 1433 1367 1303 1239 185 247 1178 249 929 867 806 743 311 126 245 432 308 246 184 123 184 124 185 124 123 123
internal_count=2000 250 1750 317 1433 1367 1303 1239 185 247 1178 249 929 867 806 743 311 126 245 432 308 246 184 123 184 124 185 124 123 123
is_linear=0
shrinkage=0.1


Tree=67
num_leaves=31
num_cat=0
split_feature=9 1 8 1 6 4 3 2 6 3 4 7 1 1 0 1 0 0 5 0 0 0 0 0 0 0 0 0 0 0
split_gain=0.218676 1.04935 0.610486 0.0467573 0.0260515 0.0047715 0.0062958 0.00934866 0.00403346 0.00222632 0.00141263 0.00114376 0.000967667 0.000329903 0.00011333 9.8453e-05 0.000138057 6.34555e-05 4.58204e-05 2.22922e-05 1.96807e-05 1.81771e-05 6.27736e-06 4.53692e-06 3.06199e-06 2.39949e-06 1.83939e-06 8.54952e-07 1.92359e-07 1.8581e-07
threshold=22.500000000000004 14.500000000000002 9.5000000000000018 9.5000000000000018 30.500000000000004 1.0000000180025095e-35 12.500000000000002 7.5000000000000009 1.0000000180025095e-35 11.500000000000002 30.500000000000004 30.500000000000004 18.500000000000004 24.500000000000004 22.500000000000004 19.500000000000004 30.500000000000004 4.5000000000000009 28.500000000000004 13.500000000000002 15.500000000000002 5.5000000000000009 28.500000000000004 12.500000000000002 10.500000000000002 23.500000000000004 24.500000000000004 14.500000000000002 11.500000000000002 19.500000000000004
decision_type=2 2 2 2 2 2 2 2 2 2 2 2 2 2 2 2 2 2 2 2 2 2 2 2 2 2 2 2 2 2
left_child=2 18 -1 -4 5 -5 9 8 -8 10 11 12 -7 15 29 -14 22 -15 19 23 27 -19 -17 -2 -20 -16 -27 -21 -26 -10
right_child=1 -3 3 4 -6 6 7 -9 14 -11 -12 -13 13 17 25 16 -18 21 24 20 -22 -23 -24 -25 28 26 -28 -29 -30 -31
leaf_value=-0.0096946349662636808 8.0318877007812264e-05 0.013128416441780116 -0.002720728102207616 0.00091255297884345059 -0.0020667085424065589 -0.00040039857849478723 0.00084723979234695439 0.0014032900605040293 -0.00011510469485074282 -0.00074071986305098694 -0.0005741626024246216 -0.00048432918265461922 0.0001958790235221386 -0.00017051497707143426 -3.5699697036761792e-06 2.3811347347237473e-05 0.00018315677298232915 -7.6381053077057001e-06 -1.4702744374517352e-05 2.9650406213477256e-05 9.0477452613413337e-05 -8.452527690678836e-05 -1.5212131256703288e-05 0.00011888719163835049 1.653871440794319e-05 3.2834758167155086e-05 8.4759652963839475e-06 1.2975528079550713e-05 8.6292231571860622e-06 -0.0001073310268111527
leaf_weight=71 61 70 69 61 61 62 62 66 61 63 62 61 61 61 61 123 62 62 62 62 62 61 62 61 61 62 62 61 62 62
leaf_count=71 61 70 69 61 61 62 62 66 61 63 62 61 61 61 61 123 62 62 62 62 62 61 62 61 61 62 62 61 62 62
internal_value=-6.61639e-12 0.00167262 -0.000653694 -0.000184121 -4.92782e-05 5.0207e-05 5.47648e-06 0.000306912 0.000111342 -0.000172126 -0.000119214 -7.33493e-05 -2.8097e-05 1.8819e-05 -3.67935e-05 8.21103e-05 5.40136e-05 -8.71251e-05 4.27303e-05 6.64202e-05 4.45375e-05 -4.57691e-05 1.07332e-05 9.9603e-05 3.41786e-06 1.26675e-05 2.06554e-05 2.13808e-05 1.25518e-05 -0.000111186
internal_weight=2000 562 1438 1367 1298 1237 1176 436 370 740 677 615 554 492 308 308 247 184 492 307 185 123 185 122 185 185 124 123 123 123
internal_count=2000 562 1438 1367 1298 1237 1176 436 370 740 677 615 554 492 308 308 247 184 492 307 185 123 185 122 185 185 124 123 123 123
is_linear=0
shrinkage=0.1


Tree=68
num_leaves=31
num_cat=0
split_feature=3 11 4 11 6 1 9 0 0 6 3 7 1 0 0 1 2 1 0 5 2 3 0 0 2 0 5 0 5 0
split_gain=0.197818 0.897417 0.6131 0.0976004 0.0211252 0.0113572 0.00730444 0.00518896 0.00361231 0.00363059 0.00171282 0.000920975 0.000835227 0.000607958 0.00030219 0.000263204 0.000185173 7.9747e-05 0.000111826 3.57599e-05 2.11865e-05 2.6528e-05 5.08466e-06 4.11602e-06 2.3225e-06 1.01002e-06 1.08023e-06 1.50506e-07 1.25038e-07 3.13662e-08
threshold=8.5000000000000018 23.500000000000004 21.500000000000004 21.500000000000004 30.500000000000004 28.500000000000004 1.5000000000000002 7.5000000000000009 4.5000000000000009 1.0000000180025095e-35 12.500000000000002 30.500000000000004 18.500000000000004 6.5000000000000009 17.500000000000004 24.500000000000004 4.5000000000000009 19.500000000000004 30.500000000000004 1.0000000180025095e-35 29.500000000000004 14.500000000000002 28.500000000000004 10.500000000000002 5.5000000000000009 23.500000000000004 1.5000000000000002 19.500000000000004 30.500000000000004 14.500000000000002
decision_type=2 2 2 2 2 2 2 2 2 2 2 2 2 2 2 2 2 2 2 2 2 2 2 2 2 2 2 2 2 2
left_child=1 -1 3 4 5 6 14 13 -8 -10 -11 12 -3 -7 -2 17 27 -14 22 -18 21 -21 -19 -23 -25 26 -26 -12 29 -28
right_child=2 11 -4 -5 -6 7 8 -9 9 10 16 -13 15 -15 -16 -17 19 18 -20 20 -22 23 -24 24 25 -27 28 -29 -30 -31
leaf_value=-0.012098729480582646 0.00073956628330051899 -0.00036035873927175999 0.0096826186264671633 0.0038163565558362819 -0.0018600378185510637 -7.6072750380262741e-05 0.0008212977088987828 -0.0014221718054144615 0.00076251579448580751 -0.00051973747306901987 -0.00010359423467889429 -0.00043589626438915734 0.00017629113281145692 -0.00052073341794312 0.0010530621744692327 -0.00015346347354352476 0.00010699847480282188 2.1430212359334063e-05 0.00016484109219163658 8.056672278701538e-05 8.1429712008684876e-05 -1.3232469791546464e-05 -1.3690917694475503e-05 -3.2129726605489853e-06 2.668536617420614e-05 2.9551284387707711e-05 1.488484413130209e-05 -9.6597924130037438e-05 7.7663004049099978e-06 1.1677975271595643e-05
leaf_weight=71 61 62 71 69 61 61 61 62 62 66 61 61 61 62 62 61 61 123 62 62 62 62 62 61 62 62 61 62 62 61
leaf_count=71 61 62 71 69 61 61 61 62 62 66 61 61 61 62 62 61 61 123 62 62 62 62 62 61 62 62 61 62 62 61
internal_value=2.25955e-12 -0.00158888 0.000622507 0.000151593 -4.33713e-05 4.62862e-05 0.000173464 -0.000676219 7.74859e-05 2.51532e-05 -3.16375e-05 -7.22199e-05 -2.07483e-05 -0.000300211 0.000897589 3.63136e-05 1.19546e-05 7.38993e-05 4.86123e-05 3.43227e-05 2.63349e-05 1.94062e-05 9.65989e-06 1.06081e-05 1.46139e-05 1.81445e-05 1.52697e-05 -0.000100068 1.14231e-05 1.32814e-05
internal_weight=2000 563 1437 1366 1297 1236 1051 185 928 867 805 492 431 123 123 369 739 308 247 616 555 493 185 431 369 308 246 123 184 122
internal_count=2000 563 1437 1366 1297 1236 1051 185 928 867 805 492 431 123 123 369 739 308 247 616 555 493 185 431 369 308 246 123 184 122
is_linear=0
shrinkage=0.1


Tree=69
num_leaves=31
num_cat=0
split_feature=8 3 3 10 6 9 11 3 6 7 0 0 4 2 0 7 0 5 2 3 0 0 0 2 0 5 0 0 5 0
split_gain=0.212589 1.02032 0.93126 0.0175854 0.0175593 0.00756011 0.00550879 0.0041535 0.00286738 0.000930246 0.00084397 0.000244774 0.000177868 0.000148059 9.30485e-05 0.000113302 4.26334e-05 2.96614e-05 1.77663e-05 1.65174e-05 6.51797e-06 3.33398e-06 2.74648e-06 1.88122e-06 8.18119e-07 8.74984e-07 3.26524e-07 1.2191e-07 1.01281e-07 2.54066e-08
threshold=19.500000000000004 11.500000000000002 10.500000000000002 13.500000000000002 30.500000000000004 1.5000000000000002 1.5000000000000002 13.500000000000002 1.0000000180025095e-35 30.500000000000004 24.500000000000004 17.500000000000004 29.500000000000004 4.5000000000000009 27.500000000000004 29.500000000000004 5.5000000000000009 1.0000000180025095e-35 29.500000000000004 14.500000000000002 3.5000000000000004 10.500000000000002 4.5000000000000009 5.5000000000000009 23.500000000000004 1.5000000000000002 30.500000000000004 19.500000000000004 30.500000000000004 14.500000000000002
decision_type=2 2 2 2 2 2 2 2 2 2 2 2 2 2 2 2 2 2 2 2 2 2 2 2 2 2 2 2 2 2
left_child=2 6 -1 -4 5 11 20 -7 -9 12 13 -5 14 27 16 26 22 -15 19 -19 -2 -21 -8 -23 25 -25 -16 -10 29 -27
right_child=1 -3 3 4 -6 7 9 8 10 -11 -12 -13 -14 17 15 -17 -18 18 -20 21 -22 23 -24 24 -26 28 -28 -29 -30 -31
leaf_value=-0.011758519927907276 0.00069312662817537789 0.012478944637837846 -0.0017047372773628345 0.00066560963168740275 -0.0016740338876843454 -0.00080384413085994317 1.9287191093823593e-05 0.00068626422435045251 -9.3234807718545201e-05 -0.00039230664260685448 -0.00037400729488581421 0.00094775594770908362 -0.00013811712851747872 9.6298631979152568e-05 0.0001586620230227709 -1.2321826943662018e-05 -6.8465474760159858e-05 6.4749978933363191e-05 7.3286739643663173e-05 -1.1909221939276904e-05 0.00073916795663535599 -2.8916754672536629e-06 4.5099452836439018e-05 2.4016830138862133e-05 2.6596154202707113e-05 1.3396359281614423e-05 0.00014835698530077935 -8.6938129970803868e-05 6.9896705099381506e-06 1.0510178253753112e-05
leaf_weight=73 62 74 66 61 61 64 123 62 61 61 62 62 61 61 61 62 61 62 62 62 61 61 62 62 62 61 62 62 62 61
leaf_count=73 62 74 66 61 61 64 123 62 61 61 62 62 61 61 61 62 61 62 62 62 61 61 62 62 62 61 62 62 62 61
internal_value=-3.07173e-12 0.00133101 -0.000798603 -0.000118846 -2.46347e-05 7.11875e-05 0.000110669 -2.65547e-05 3.1089e-05 -2.39624e-05 -1.96237e-05 0.00080783 2.17063e-05 1.01081e-05 4.43264e-05 9.79057e-05 4.03291e-06 3.01094e-05 2.28346e-05 1.64897e-05 0.00071596 9.54733e-06 2.79378e-05 1.31525e-05 1.63301e-05 1.37427e-05 0.000153468 -9.00609e-05 1.02808e-05 1.19533e-05
internal_weight=2000 750 1250 1177 1111 1050 676 927 863 553 801 123 492 739 431 185 246 616 555 493 123 431 185 369 308 246 123 123 184 122
internal_count=2000 750 1250 1177 1111 1050 676 927 863 553 801 123 492 739 431 185 246 616 555 493 123 431 185 369 308 246 123 123 184 122
is_linear=0
shrinkage=0.1


Tree=70
num_leaves=31
num_cat=0
split_feature=4 5 5 6 8 9 2 9 3 1 3 6 1 0 7 0 6 3 0 1 0 0 0 0 1 0 0 0 0 0
split_gain=0.210106 0.780401 0.726686 0.0166034 0.0145753 0.0120591 0.0419043 0.0067086 0.00550388 0.00403243 0.00426672 0.00230371 0.00183192 0.00086903 0.000742801 0.000198267 0.000188126 6.67815e-05 8.00219e-05 3.48437e-05 1.6051e-05 1.13158e-05 1.04591e-05 3.1338e-06 2.25384e-06 1.62727e-06 9.06035e-07 4.54357e-07 1.7837e-07 1.02228e-07
threshold=8.5000000000000018 21.500000000000004 23.500000000000004 30.500000000000004 30.500000000000004 20.500000000000004 27.500000000000004 1.5000000000000002 1.0000000180025095e-35 10.500000000000002 29.500000000000004 1.0000000180025095e-35 30.500000000000004 25.500000000000004 30.500000000000004 17.500000000000004 11.500000000000002 1.5000000000000002 30.500000000000004 28.500000000000004 9.5000000000000018 9.5000000000000018 15.500000000000002 28.500000000000004 14.500000000000002 10.500000000000002 8.5000000000000018 14.500000000000002 23.500000000000004 11.500000000000002
decision_type=2 2 2 2 2 2 2 2 2 2 2 2 2 2 2 2 2 2 2 2 2 2 2 2 2 2 2 2 2 2
left_child=2 3 -1 5 12 7 -7 15 -9 -10 11 -11 19 -12 16 -2 17 -13 23 20 26 -18 27 24 -19 -22 -4 -8 -26 -27
right_child=1 -3 4 -5 -6 6 22 8 9 10 13 14 -14 -15 -16 -17 21 18 -20 -21 25 -23 -24 -25 28 29 -28 -29 -30 -31
leaf_value=-0.011172715414847647 0.00059904870577156546 0.010787774597863771 4.0589505806565286e-05 -0.0015066306106746197 -0.0017165545374155046 0.0029674699806050879 2.1615147124975921e-05 0.00085152909159660342 -0.0008750717367299578 0.00061763781122863297 -0.00033660656772553925 0.00014279581373557448 -0.00058414470404386518 -0.0008660707457531845 -0.00035307598300278188 0.00085298037156462676 -0.00012430541682988407 -2.6025079932878728e-06 0.00013352128444239498 -6.1618926702067261e-05 -1.0718299745349214e-05 -6.4112735617527503e-05 6.5958063350990423e-05 -1.1089643521700054e-05 1.7358472251817888e-05 1.2056723062414677e-05 5.7755317538976672e-05 9.4591603556182242e-06 2.3936539946589619e-05 6.2907034589443361e-06
leaf_weight=70 61 72 62 61 62 66 62 62 66 62 62 61 61 62 61 62 61 61 62 61 62 64 62 62 123 61 61 61 62 62
leaf_count=70 61 72 62 61 62 66 62 62 66 62 62 61 61 62 61 62 61 61 62 61 62 64 62 62 123 61 61 61 62 62
internal_value=2.9323e-12 0.000640756 -0.00163952 0.000105921 -0.000283165 0.000181297 0.000804221 3.29531e-05 -5.87477e-05 -0.000123693 -6.19355e-05 3.65711e-05 -7.64907e-05 -0.000601339 -2.18181e-05 0.000727047 1.45249e-05 4.58508e-05 2.9868e-05 7.4304e-06 2.11058e-05 -9.34868e-05 3.24678e-05 9.00275e-06 1.40667e-05 2.49162e-06 4.91026e-05 1.55866e-05 1.9563e-05 9.15027e-06
internal_weight=2000 1438 562 1366 492 1305 251 1054 931 869 803 679 430 124 617 123 556 431 370 369 308 125 185 308 246 185 123 123 185 123
internal_count=2000 1438 562 1366 492 1305 251 1054 931 869 803 679 430 124 617 123 556 431 370 369 308 125 185 308 246 185 123 123 185 123
is_linear=0
shrinkage=0.1


Tree=71
num_leaves=31
num_cat=0
split_feature=8 3 3 4 1 6 9 1 6 4 7 0 5 0 4 0 7 6 0 2 0 0 0 2 0 5 0 0 5 0
split_gain=0.187084 0.907823 0.815575 0.0175283 0.0138072 0.0120212 0.00446582 0.00387717 0.00198898 0.00105761 0.000610334 0.000493174 0.000268054 0.000160596 0.000116699 6.10491e-05 7.43377e-05 4.43619e-05 2.79718e-05 1.24225e-05 1.08727e-05 2.01816e-06 1.80197e-06 1.38747e-06 5.36768e-07 5.74077e-07 2.14233e-07 1.07546e-07 6.64503e-08 1.66693e-08
threshold=18.500000000000004 13.500000000000002 11.500000000000002 1.0000000180025095e-35 16.500000000000004 30.500000000000004 1.5000000000000002 18.500000000000004 1.0000000180025095e-35 30.500000000000004 30.500000000000004 24.500000000000004 1.0000000180025095e-35 17.500000000000004 29.500000000000004 27.500000000000004 29.500000000000004 29.500000000000004 5.5000000000000009 29.500000000000004 9.5000000000000018 10.500000000000002 4.5000000000000009 5.5000000000000009 23.500000000000004 1.5000000000000002 30.500000000000004 22.500000000000004 30.500000000000004 14.500000000000002
decision_type=2 2 2 2 2 2 2 2 2 2 2 2 2 2 2 2 2 2 2 2 2 2 2 2 2 2 2 2 2 2
left_child=1 -1 3 -2 5 6 13 -5 -8 10 14 12 -10 -3 15 18 26 19 22 20 -14 -22 -9 27 25 -25 -17 -23 29 -27
right_child=2 4 -4 7 -6 -7 8 9 11 -11 -12 -13 17 -15 -16 16 -18 -19 -20 -21 21 23 -24 24 -26 28 -28 -29 -30 -31
leaf_value=-0.011449140855421624 0.0017825227230787279 0.00053914380259811878 0.011104020847240464 0.0007663762196898461 -0.0014850123997100376 -0.0013559674844145775 0.00055587403476238257 1.5622625215929305e-05 -0.00021007822360843422 -0.0004549635108560324 -0.00031776838004589082 -0.00030294589232653384 5.1979790441691875e-05 0.00076768235303461554 -0.00011187487980350852 0.00012851624051108957 -9.9806791695300496e-06 -7.1833044057711962e-05 -5.5457034613937145e-05 5.9362256433814767e-05 -9.6464704256504777e-06 3.5958470107289032e-06 3.6530557554215197e-05 1.9453631830401721e-05 2.1542885224334896e-05 1.0851051047211514e-05 0.0001201691571623087 -2.3422571757691912e-06 5.6616332585690548e-06 8.5132443928159784e-06
leaf_weight=75 61 61 75 62 66 61 62 123 61 62 61 62 61 62 61 61 62 62 61 62 62 61 62 62 62 61 62 61 62 61
leaf_count=75 61 61 75 62 66 61 62 123 61 62 61 62 61 62 61 61 62 62 61 62 62 61 62 62 62 61 62 61 62 61
internal_value=9.45138e-12 -0.000800429 0.00116865 0.000158954 -8.22158e-05 6.29716e-06 9.06608e-05 1.26649e-05 1.02283e-05 -6.3319e-05 -1.94095e-05 -3.20593e-05 -9.30187e-06 0.000654342 1.75821e-05 3.59043e-05 7.93037e-05 8.78876e-06 3.26666e-06 1.69165e-05 1.21577e-05 7.22036e-06 2.26296e-05 9.65232e-06 1.32274e-05 1.11316e-05 0.000124309 6.26795e-07 8.32741e-06 9.68215e-06
internal_weight=2000 1187 813 738 1112 1046 985 677 862 615 553 800 738 123 492 431 185 677 246 615 553 492 185 430 308 246 123 122 184 122
internal_count=2000 1187 813 738 1112 1046 985 677 862 615 553 800 738 123 492 431 185 677 246 615 553 492 185 430 308 246 123 122 184 122
is_linear=0
shrinkage=0.1


Tree=72
num_leaves=31
num_cat=0
split_feature=9 1 8 1 1 4 6 6 6 3 2 3 4 7 3 5 6 9 3 0 1 5 5 0 1 0 0 0 0 0
split_gain=0.189767 0.967625 0.485935 0.0394717 0.0404233 0.0153298 0.00924558 0.00371841 0.00469602 0.00334381 0.00215229 0.00154941 0.000761689 0.000387351 0.000425393 0.000230848 0.000174751 0.000223126 4.38153e-05 5.25024e-05 2.77068e-05 9.10199e-06 8.65112e-06 2.05608e-06 1.47874e-06 1.06765e-06 2.98103e-07 1.35739e-07 1.17028e-07 6.70716e-08
threshold=22.500000000000004 14.500000000000002 9.5000000000000018 29.500000000000004 9.5000000000000018 1.0000000180025095e-35 30.500000000000004 17.500000000000004 29.500000000000004 1.0000000180025095e-35 4.5000000000000009 30.500000000000004 30.500000000000004 30.500000000000004 29.500000000000004 1.0000000180025095e-35 11.500000000000002 18.500000000000004 1.5000000000000002 30.500000000000004 28.500000000000004 28.500000000000004 2.5000000000000004 28.500000000000004 14.500000000000002 10.500000000000002 14.500000000000002 15.500000000000002 23.500000000000004 11.500000000000002
decision_type=2 2 2 2 2 2 2 2 2 2 2 2 2 2 2 2 2 2 2 2 2 2 2 2 2 2 2 2 2 2
left_child=2 15 -1 4 -4 -6 7 9 -9 -7 -11 12 13 14 16 -2 18 -18 -12 23 -19 22 26 24 -20 -23 -17 -24 -26 -27
right_child=1 -3 3 -5 5 6 -8 8 -10 10 11 -13 -14 -15 -16 21 17 20 19 -21 -22 25 27 -25 28 29 -28 -29 -30 -31
leaf_value=-0.0086750782481853812 -0.00018907040357589723 0.012558807778571332 -0.0024284527967751461 -0.0026553012430667877 0.0016042703762650492 0.00068973861634731299 -0.0012203707359731198 0.0011564869654762334 -6.4649741398170596e-05 0.00050028664991259581 0.00011566460598260165 -0.00059554437175393107 -0.00040946714580059052 -0.00028599153738468887 -0.00027265131939202547 1.7508269229438157e-05 -0.00023371765949583103 4.4276125936448811e-05 -2.1080315491417425e-06 0.00010815224377438427 -4.9911328824236994e-05 -8.681823237566277e-06 4.6781808487139648e-05 -8.9826113253366199e-06 1.4060362877714169e-05 9.7659460152499388e-06 7.6619195169769224e-06 5.3426029626280073e-05 1.9388596410863104e-05 5.0954698963323611e-06
leaf_weight=71 61 70 69 62 61 62 61 64 62 62 61 61 62 61 62 62 62 64 61 62 61 62 61 62 123 61 61 62 62 62
leaf_count=71 61 70 69 62 61 62 61 64 62 62 61 61 62 61 62 62 62 64 61 62 61 62 61 62 123 61 61 62 62 62
internal_value=8.54925e-15 0.00155814 -0.000608954 -0.000190011 -7.28861e-05 5.8614e-05 -2.16286e-05 4.40117e-05 0.00055561 -2.12327e-05 -6.88355e-05 -0.000109675 -7.27662e-05 -4.45942e-05 -2.29394e-05 -6.99376e-06 2.11258e-06 -7.86172e-05 3.71392e-05 2.41931e-05 -1.68735e-06 1.87758e-05 3.1378e-05 7.29223e-06 1.1394e-05 2.01821e-06 1.26251e-05 5.01309e-05 1.5846e-05 7.41172e-06
internal_weight=2000 562 1438 1367 1305 1236 1175 1114 126 988 926 864 803 741 680 492 618 187 431 370 125 431 246 308 246 185 123 123 185 123
internal_count=2000 562 1438 1367 1305 1236 1175 1114 126 988 926 864 803 741 680 492 618 187 431 370 125 431 246 308 246 185 123 123 185 123
is_linear=0
shrinkage=0.1


Tree=73
num_leaves=31
num_cat=0
split_feature=4 5 5 8 9 1 9 0 6 3 1 6 3 1 0 7 0 6 3 0 1 1 0 0 1 0 0 0 0 0
split_gain=0.199198 0.829701 0.607153 0.0342399 0.0138619 0.0319178 0.016661 0.0125003 0.00657717 0.00278256 0.00215701 0.00182586 0.00122381 0.0013724 0.000539757 0.000399974 0.000303685 8.51159e-05 3.54904e-05 4.25269e-05 1.83767e-05 1.27522e-05 8.24414e-06 1.66543e-06 1.19778e-06 8.64796e-07 5.73218e-07 2.41464e-07 9.47931e-08 5.4328e-08
threshold=9.5000000000000018 22.500000000000004 21.500000000000004 30.500000000000004 20.500000000000004 6.5000000000000009 1.5000000000000002 4.5000000000000009 30.500000000000004 1.0000000180025095e-35 30.500000000000004 1.0000000180025095e-35 29.500000000000004 10.500000000000002 17.500000000000004 30.500000000000004 25.500000000000004 11.500000000000002 1.5000000000000002 30.500000000000004 28.500000000000004 11.500000000000002 9.5000000000000018 28.500000000000004 14.500000000000002 10.500000000000002 8.5000000000000018 14.500000000000002 23.500000000000004 11.500000000000002
decision_type=2 2 2 2 2 2 2 2 2 2 2 2 2 2 2 2 2 2 2 2 2 2 2 2 2 2 2 2 2 2
left_child=1 -1 4 7 6 27 14 -3 9 -8 20 -11 13 -13 -2 17 -14 18 -15 23 22 -19 26 24 -20 -24 -9 -6 -26 -27
right_child=2 3 -4 -5 5 -7 8 10 -10 11 -12 12 16 15 -16 -17 -18 21 19 -21 -22 -23 25 -25 28 29 -28 -29 -30 -31
leaf_value=-0.011658567460712938 0.0013527372851967812 0.0014438433572649956 0.0096115489800771073 -0.0023897711187601091 1.5757442452013492e-05 0.002724070405264371 0.00062076472677290444 2.8449887759052219e-05 -0.0010983336716890336 0.00045025795698165898 -0.0006366969086229802 -0.00049741023596232899 -0.00024538617581129076 0.00010409815004095436 0.00093375938013195992 -0.00025739239063113931 -0.00055837650753317344 -2.8612686040264273e-05 -1.897228321467992e-06 9.733701590448619e-05 -4.4920199434272946e-05 -9.249511781343891e-05 -7.8136406955309219e-06 -8.0843499745242304e-06 1.2654326636082971e-05 8.7893509771674868e-06 4.2103629675693815e-05 6.8957277107983834e-06 1.7449737060815097e-05 4.5859229430789133e-06
leaf_weight=71 61 61 72 62 62 67 62 62 61 62 61 65 62 61 62 61 62 63 61 62 61 62 62 62 123 61 61 61 62 62
leaf_count=71 61 61 72 62 62 67 62 62 61 62 61 65 62 61 62 61 62 63 61 62 61 62 62 62 123 61 61 61 62 62
internal_value=2.37096e-12 -0.00148199 0.000672064 -0.00017541 0.000178473 0.000967949 4.38225e-05 0.000104204 -9.24237e-05 -2.64446e-05 -8.58381e-05 -7.26739e-05 -0.000112899 -6.03572e-05 0.00114155 -1.43143e-05 -0.000401881 1.23543e-05 3.34253e-05 2.17738e-05 5.22524e-06 -6.02984e-05 1.51566e-05 6.563e-06 1.02546e-05 1.81639e-06 3.52213e-05 1.13626e-05 1.42614e-05 6.67055e-06
internal_weight=2000 624 1376 553 1304 190 1114 491 991 930 430 868 806 682 123 617 124 556 431 370 369 125 308 308 246 185 123 123 185 123
internal_count=2000 624 1376 553 1304 190 1114 491 991 930 430 868 806 682 123 617 124 556 431 370 369 125 308 308 246 185 123 123 185 123
is_linear=0
shrinkage=0.1


Tree=74
num_leaves=31
num_cat=0
split_feature=6 8 8 1 4 4 2 5 2 3 3 3 0 10 7 2 7 0 4 7 1 0 0 0 0 0 5 0 5 0
split_gain=0.196499 0.889173 0.815679 0.0270896 0.0116502 0.00961323 0.00674347 0.00514144 0.00448807 0.00204698 0.00140732 0.00119983 0.00183373 0.00100052 0.000619669 0.000779845 0.000344125 0.000206746 5.77879e-05 3.18902e-05 2.34868e-05 2.96373e-05 2.54904e-06 1.13616e-06 9.32239e-07 8.33067e-07 3.05088e-07 1.66014e-07 3.53144e-08 8.85874e-09
threshold=18.500000000000004 13.500000000000002 12.500000000000002 29.500000000000004 30.500000000000004 1.0000000180025095e-35 30.500000000000004 1.0000000180025095e-35 1.0000000180025095e-35 1.0000000180025095e-35 29.500000000000004 12.500000000000002 22.500000000000004 11.500000000000002 16.500000000000004 25.500000000000004 30.500000000000004 25.500000000000004 29.500000000000004 10.500000000000002 19.500000000000004 30.500000000000004 28.500000000000004 10.500000000000002 23.500000000000004 4.5000000000000009 1.5000000000000002 19.500000000000004 30.500000000000004 14.500000000000002
decision_type=2 2 2 2 2 2 2 2 2 2 2 2 2 2 2 2 2 2 2 2 2 2 2 2 2 2 2 2 2 2
left_child=1 -1 6 4 5 -3 7 -2 -9 -7 11 13 -13 16 19 27 18 -12 20 -10 -11 22 25 -21 -14 -22 -25 -16 29 -28
right_child=2 3 -4 -5 -6 9 -8 8 14 10 17 12 24 -15 15 -17 -18 -19 -20 23 21 -23 -24 26 -26 -27 28 -29 -30 -31
leaf_value=-0.011511522772632642 0.0009956933557987214 0.001299459021538496 0.011359810993437552 -0.002150793932378292 -0.0013296753168106079 0.00055868825875222689 0.0012174635194242001 0.00084038348868489268 8.3672298041487778e-05 9.3688332708552482e-05 -0.00022084757220000031 0.0006637246090059097 -1.707505543890875e-06 -0.00042679479811340575 -6.2671408522874122e-05 -0.00049161861192375904 -0.00023165314923971893 -0.00048015229403972629 -6.8066111998632558e-05 -7.032276334939525e-06 1.1388893543015712e-05 8.760331547819078e-05 -7.2759154136292641e-06 1.4181698497850448e-05 1.5704763063695283e-05 2.5604898110032084e-05 7.9104160249698911e-06 -5.5323494598269464e-05 4.1273306123912334e-06 6.2061553762760013e-06
leaf_weight=73 61 61 72 62 62 62 61 62 62 61 62 65 61 65 61 63 61 61 61 62 123 62 62 62 62 62 61 62 62 61
leaf_count=73 61 61 72 62 62 62 61 62 62 61 62 65 61 65 61 63 61 61 61 62 123 62 62 62 62 62 61 62 62 61
internal_value=3.05417e-12 -0.000819474 0.00119894 -0.000119457 1.46902e-07 8.33447e-05 0.00021031 0.000119829 3.33766e-05 3.57802e-06 -3.60727e-05 1.56654e-05 0.000234104 -5.80627e-05 -5.66134e-05 -0.000205511 -9.34807e-06 -0.000349446 2.21151e-05 1.82377e-05 3.69828e-05 2.57885e-05 1.02722e-05 5.06581e-06 7.06941e-06 1.61532e-05 8.11492e-06 -5.89676e-05 6.07068e-06 7.05829e-06
internal_weight=2000 1188 812 1115 1053 991 740 679 618 930 868 745 188 557 556 186 492 123 431 370 370 309 247 308 123 185 246 123 184 122
internal_count=2000 1188 812 1115 1053 991 740 679 618 930 868 745 188 557 556 186 492 123 431 370 370 309 247 308 123 185 246 123 184 122
is_linear=0
shrinkage=0.1


Tree=75
num_leaves=31
num_cat=0
split_feature=9 1 8 1 6 1 4 4 5 6 6 3 3 2 7 0 0 1 4 3 0 0 0 4 0 1 5 0 5 0
split_gain=0.198461 0.886261 0.388975 0.0278809 0.025111 0.0233055 0.0102319 0.00706495 0.00446298 0.00274896 0.00370012 0.00166049 0.00113696 0.000714952 0.000248618 0.000179415 0.000167464 0.000107703 4.23202e-05 2.28427e-05 2.59692e-05 3.1738e-06 1.78007e-06 9.42893e-07 9.20292e-07 3.96804e-07 2.47121e-07 6.21937e-08 2.86047e-08 7.17558e-09
threshold=22.500000000000004 14.500000000000002 9.5000000000000018 9.5000000000000018 30.500000000000004 29.500000000000004 30.500000000000004 1.0000000180025095e-35 1.0000000180025095e-35 17.500000000000004 29.500000000000004 1.0000000180025095e-35 29.500000000000004 4.5000000000000009 30.500000000000004 15.500000000000002 25.500000000000004 14.500000000000002 29.500000000000004 1.5000000000000002 30.500000000000004 9.5000000000000018 28.500000000000004 1.5000000000000002 10.500000000000002 28.500000000000004 1.5000000000000002 23.500000000000004 30.500000000000004 14.500000000000002
decision_type=2 2 2 2 2 2 2 2 2 2 2 2 2 2 2 2 2 2 2 2 2 2 2 2 2 2 2 2 2 2
left_child=2 8 -1 -4 5 6 7 -5 -2 11 -11 -9 13 -13 17 21 -14 -15 19 -19 22 -10 23 -21 -23 27 -26 -25 29 -28
right_child=1 -3 3 4 -6 -7 -8 9 15 10 -12 12 16 14 -16 -17 -18 18 -20 20 -22 24 -24 25 26 -27 28 -29 -30 -31
leaf_value=-0.0078394113141308785 0.00089612407609820368 0.012121443546909307 -0.002206685551462452 0.0011695131659507751 -0.002124481461942196 -0.0019357144832611085 -0.0011967077851295473 0.00050281942822039127 2.9526036814786494e-05 0.0010341538069042146 -4.9791147466748954e-05 0.00033885971643030647 -0.00019876279402524234 -0.00011969901192969701 -0.00020848782733082772 -0.00017516175284981728 -0.0004321370739489794 8.4319501183927059e-05 -6.1259500216692683e-05 2.3044410045258702e-05 7.8842981019988661e-05 -6.3290492107626052e-06 -6.5483240177854899e-06 1.0250004632370093e-05 1.2763528502546251e-05 2.2513011572300459e-06 7.1193746407516302e-06 1.4134286902844907e-05 3.7145975511521103e-06 5.585539474850521e-06
leaf_weight=71 61 70 69 61 61 62 62 62 61 64 62 62 62 64 61 62 61 61 61 62 62 62 62 123 62 61 61 62 62 61
leaf_count=71 61 70 69 61 61 62 62 62 61 64 62 62 62 64 61 62 61 61 61 62 62 62 62 123 62 61 61 62 62 61
internal_value=2.20525e-12 0.00159343 -0.000622747 -0.000247924 -0.000143798 -4.61253e-05 5.35806e-05 0.000123228 9.55465e-05 6.25597e-05 0.000500784 2.93094e-06 -3.29407e-05 1.37961e-05 -1.58857e-05 -1.77603e-05 -0.000314501 3.12516e-06 1.73142e-05 2.70363e-05 1.89477e-05 8.68653e-06 8.91125e-06 1.20232e-05 4.55923e-06 9.24555e-06 7.30343e-06 1.15518e-05 5.46361e-06 6.35246e-06
internal_weight=2000 562 1438 1367 1298 1237 1175 1113 492 1052 126 926 864 741 679 431 123 618 554 493 432 369 370 308 308 246 246 185 184 122
internal_count=2000 562 1438 1367 1298 1237 1175 1113 492 1052 126 926 864 741 679 431 123 618 554 493 432 369 370 308 308 246 246 185 184 122
is_linear=0
shrinkage=0.1


Tree=76
num_leaves=31
num_cat=0
split_feature=6 8 8 1 2 4 4 2 5 3 3 3 0 10 9 7 0 2 4 1 0 0 0 0 0 0 5 5 0 0
split_gain=0.17947 0.856227 0.654765 0.0177848 0.0174386 0.00765161 0.00629966 0.00507531 0.00410398 0.00133926 0.000928265 0.000898575 0.00129684 0.000770727 0.000626171 0.000225781 0.000135646 0.000135128 3.79147e-05 1.54097e-05 1.9445e-05 1.4703e-05 2.57078e-06 1.67243e-06 7.45437e-07 5.46576e-07 2.00168e-07 2.31698e-08 1.60923e-08 5.81222e-09
threshold=18.500000000000004 13.500000000000002 12.500000000000002 29.500000000000004 30.500000000000004 30.500000000000004 1.0000000180025095e-35 1.0000000180025095e-35 1.0000000180025095e-35 1.0000000180025095e-35 29.500000000000004 12.500000000000002 22.500000000000004 11.500000000000002 2.5000000000000004 30.500000000000004 25.500000000000004 29.500000000000004 29.500000000000004 19.500000000000004 30.500000000000004 19.500000000000004 9.5000000000000018 28.500000000000004 10.500000000000002 4.5000000000000009 1.5000000000000002 30.500000000000004 23.500000000000004 14.500000000000002
decision_type=2 2 2 2 2 2 2 2 2 2 2 2 2 2 2 2 2 2 2 2 2 2 2 2 2 2 2 2 2 2
left_child=1 -1 4 5 7 6 -3 -2 -9 -8 11 13 -13 15 -10 18 -12 21 19 -11 23 22 -16 25 -24 -21 -26 29 -14 -28
right_child=2 3 -4 -5 -6 -7 9 8 14 10 16 12 28 -15 17 -17 -18 -19 -20 20 -22 -23 24 -25 26 -27 27 -29 -30 -31
leaf_value=-0.011275255745149232 0.00097701363265514387 0.0010525618679821491 0.010249429933416349 -0.0017421431839466095 0.0018796583637595177 -0.0010770370252430439 0.00045253750868141652 0.00080651165917515759 -0.00035441327555519014 7.5887551065534364e-05 -0.00017888651927933097 0.00056380741298198698 1.0433146235300229e-05 -0.00037395773671260733 2.6573432842269542e-05 -0.00018763905391097071 -0.00038892335724085572 -0.00015764557756483557 -5.513355135917664e-05 9.2250041034720031e-06 7.0958683500066408e-05 -4.4812032137997454e-05 -5.6961442169267691e-06 -5.8934911066899076e-06 1.1487174924695865e-05 2.0739968749694527e-05 6.4074367401190104e-06 3.3431377232773232e-06 1.2720857921522112e-05 5.0269856728846209e-06
leaf_weight=73 62 61 72 62 61 62 62 61 63 61 62 65 61 65 61 61 61 62 61 123 62 62 62 62 62 62 61 62 62 61
leaf_count=73 62 61 72 62 61 62 62 61 63 61 62 65 61 65 61 61 61 62 61 123 62 62 62 62 62 62 61 62 62 61
internal_value=-9.66402e-12 -0.00078316 0.00114581 -9.6234e-05 0.000260048 6.76131e-07 6.81012e-05 0.000114546 2.78794e-05 3.52902e-06 -2.8543e-05 1.34764e-05 0.000202514 -5.03279e-05 -5.75461e-05 -7.57194e-06 -0.000283051 -1.96097e-05 1.79132e-05 2.9956e-05 2.08887e-05 2.46988e-07 7.81788e-06 8.32047e-06 4.10331e-06 1.30841e-05 6.57309e-06 4.91725e-06 1.15863e-05 5.71721e-06
internal_weight=2000 1188 812 1115 740 1053 991 679 617 930 868 745 188 557 556 492 123 493 431 370 309 431 369 247 308 185 246 184 123 122
internal_count=2000 1188 812 1115 740 1053 991 679 617 930 868 745 188 557 556 492 123 493 431 370 309 431 369 247 308 185 246 184 123 122
is_linear=0
shrinkage=0.1


Tree=77
num_leaves=31
num_cat=0
split_feature=9 1 8 6 1 1 4 11 1 5 9 3 3 6 1 7 0 0 6 3 0 1 0 0 0 5 0 5 1 0
split_gain=0.18358 0.836397 0.314583 0.0456919 0.0254718 0.0153857 0.00677955 0.00476309 0.00557726 0.00292816 0.00286034 0.00117105 0.000645207 0.000443519 0.000340978 0.000174435 0.000117715 0.000109873 3.85057e-05 1.43017e-05 1.70345e-05 9.15545e-06 2.08233e-06 1.06559e-06 6.03804e-07 1.62136e-07 3.59893e-08 1.87675e-08 9.10316e-09 4.7079e-09
threshold=22.500000000000004 14.500000000000002 9.5000000000000018 30.500000000000004 9.5000000000000018 29.500000000000004 30.500000000000004 2.5000000000000004 27.500000000000004 1.0000000180025095e-35 20.500000000000004 1.0000000180025095e-35 29.500000000000004 1.0000000180025095e-35 10.500000000000002 30.500000000000004 15.500000000000002 25.500000000000004 11.500000000000002 1.5000000000000002 30.500000000000004 11.500000000000002 9.5000000000000018 28.500000000000004 10.500000000000002 1.5000000000000002 23.500000000000004 30.500000000000004 23.500000000000004 14.500000000000002
decision_type=2 2 2 2 2 2 2 2 2 2 2 2 2 2 2 2 2 2 2 2 2 2 2 2 2 2 2 2 2 2
left_child=2 9 -1 4 -4 6 7 8 -6 -2 11 -9 13 -13 -15 18 22 -14 19 -16 23 -20 -11 26 -24 -26 28 29 -21 -27
right_child=1 -3 3 -5 5 -7 -8 10 -10 16 -12 12 17 14 15 -17 -18 -19 21 20 -22 -23 24 -25 25 27 -28 -29 -30 -31
leaf_value=-0.0070889184264544868 0.0007258604746311903 0.011760078808957977 -0.0020068169194374882 -0.0029369762167334558 0.0013599769197284216 -0.0015679288655519486 -0.00096933329477906234 0.00040728375315666202 1.866597158368677e-05 2.3916088684927674e-05 0.00068383819450409944 0.00024859299883246423 -0.00016099787317216399 -0.0002543626497724965 6.8298797123134144e-05 -0.00016887515084818006 -0.00014188102213665842 -0.00035003102384507657 -1.2755195983493376e-05 9.1643982159439478e-06 6.3862814567983153e-05 -6.6884028379835434e-05 -5.1265295041957877e-06 -5.3041421779198572e-06 1.0338457650505007e-05 5.7666933571454141e-06 1.1448772420408205e-05 3.0088240237091668e-06 7.6763077231589701e-06 4.5242868509376422e-06
leaf_weight=71 61 70 69 61 62 62 62 62 62 61 63 62 62 62 61 61 62 61 63 122 62 62 62 62 62 61 62 62 62 61
leaf_count=71 61 70 69 61 62 62 62 62 62 61 63 62 62 62 61 61 62 61 63 122 62 62 62 62 62 61 62 62 62 61
internal_value=2.4902e-12 0.00153253 -0.000598945 -0.000261865 -0.000136917 -3.2614e-05 4.83983e-05 0.000105091 0.000689321 7.73926e-05 3.18411e-05 -1.25173e-05 -4.26419e-05 -7.4343e-06 -3.08123e-05 -8.34861e-06 -1.43859e-05 -0.000254746 9.26311e-06 2.34354e-05 1.60391e-05 -3.96031e-05 7.03609e-06 6.41219e-06 3.69298e-06 5.91578e-06 9.36509e-06 4.42553e-06 8.66298e-06 5.14549e-06
internal_weight=2000 562 1438 1367 1306 1237 1175 1113 124 492 989 926 864 741 679 617 431 123 556 431 370 125 369 308 308 246 246 184 184 122
internal_count=2000 562 1438 1367 1306 1237 1175 1113 124 492 989 926 864 741 679 617 431 123 556 431 370 125 369 308 308 246 246 184 184 122
is_linear=0
shrinkage=0.1


Tree=78
num_leaves=31
num_cat=0
split_feature=4 5 5 6 2 9 2 1 5 1 0 3 3 6 7 0 0 6 3 0 1 1 0 0 0 0 0 0 0 1
split_gain=0.172547 0.592674 0.503013 0.049865 0.0287244 0.0112257 0.0465997 0.0102076 0.00764514 0.00299351 0.00163243 0.000876258 0.00061427 0.000301274 0.000141292 8.89974e-05 7.44628e-05 3.11896e-05 1.15844e-05 1.3798e-05 7.41591e-06 7.0652e-06 2.4124e-06 8.63129e-07 3.01536e-07 8.41932e-08 6.86498e-08 2.91513e-08 1.8943e-08 7.37357e-09
threshold=8.5000000000000018 23.500000000000004 21.500000000000004 30.500000000000004 30.500000000000004 20.500000000000004 27.500000000000004 29.500000000000004 5.5000000000000009 10.500000000000002 7.5000000000000009 1.0000000180025095e-35 29.500000000000004 1.0000000180025095e-35 30.500000000000004 25.500000000000004 15.500000000000002 11.500000000000002 1.5000000000000002 30.500000000000004 11.500000000000002 28.500000000000004 9.5000000000000018 28.500000000000004 10.500000000000002 14.500000000000002 8.5000000000000018 23.500000000000004 11.500000000000002 23.500000000000004
decision_type=2 2 2 2 2 2 2 2 2 2 2 2 2 2 2 2 2 2 2 2 2 2 2 2 2 2 2 2 2 2
left_child=1 -1 3 4 5 8 -7 21 -2 -10 -9 -11 13 -13 17 -14 25 18 -15 23 -19 22 26 27 -24 -8 -3 29 -26 -20
right_child=2 7 -4 -5 -6 6 16 10 9 11 -12 12 15 14 -16 -17 -18 20 19 -21 -22 -23 24 -25 28 -27 -28 -29 -30 -31
leaf_value=-0.010095170282625727 0.0010930637607262249 1.6799374134279787e-05 0.0087271320530109952 -0.0026432786136865618 0.0024005843326449397 0.0030567384783573674 9.3046117399353541e-06 -0.0014111358672380448 -0.00069436581494907541 0.00036655536387115718 -0.00068250158801674843 0.00022373369429260493 -0.00014489808818325401 6.1468919739127159e-05 -0.00015198762994259596 -0.00031502791680395605 -0.00012769291643053294 -1.1479676634605443e-05 8.2479586126282815e-06 5.747653776779771e-05 -6.0195627860769996e-05 -2.896187361329794e-05 -4.613876808434725e-06 -4.7737277782289313e-06 5.1900238759117206e-06 4.0718583477428188e-06 2.1524479961954057e-05 1.0303895396646113e-05 2.7079415303887801e-06 6.9086767325643453e-06
leaf_weight=70 63 62 72 61 61 66 62 62 66 62 61 62 62 61 61 61 62 63 122 62 62 61 62 62 61 61 61 62 62 62
leaf_count=70 63 62 72 61 61 66 62 62 66 62 61 62 62 61 61 61 62 63 122 62 62 61 62 62 61 61 61 62 62 62
internal_value=-3.46918e-12 -0.00148576 0.000580667 0.000151278 0.000281904 0.000178014 0.00077551 -0.000260847 2.69853e-05 -4.52329e-05 -0.00104978 4.35365e-06 -2.3647e-05 1.36016e-05 -7.51375e-06 -0.000229271 -3.83335e-05 8.3368e-06 2.10919e-05 1.44351e-05 -3.56428e-05 2.1309e-06 8.28889e-06 5.77097e-06 1.07256e-06 6.70951e-06 1.91427e-05 8.42858e-06 3.93889e-06 7.79668e-06
internal_weight=2000 562 1438 1366 1305 1244 251 492 993 930 123 864 802 679 617 123 185 556 431 370 125 369 308 308 185 123 123 246 123 184
internal_count=2000 562 1438 1366 1305 1244 251 492 993 930 123 864 802 679 617 123 185 556 431 370 125 369 308 308 185 123 123 246 123 184
is_linear=0
shrinkage=0.1


Tree=79
num_leaves=31
num_cat=0
split_feature=3 11 4 11 6 9 0 1 0 0 1 3 5 1 6 7 2 2 1 3 1 0 0 0 0 0 2 0 0 0
split_gain=0.167753 0.875135 0.473496 0.0564918 0.0365645 0.0279996 0.0220881 0.00994322 0.00547944 0.00435304 0.00389356 0.000852939 0.000649242 0.000618821 0.000252535 0.000117837 7.58634e-05 1.86838e-05 1.83873e-05 9.52245e-06 7.8574e-06 1.10187e-05 5.48966e-07 4.98794e-07 2.17054e-07 1.1275e-07 1.04449e-07 1.53438e-08 6.53586e-09 2.95255e-09
threshold=8.5000000000000018 23.500000000000004 21.500000000000004 21.500000000000004 30.500000000000004 1.5000000000000002 4.5000000000000009 28.500000000000004 6.5000000000000009 17.500000000000004 30.500000000000004 12.500000000000002 1.0000000180025095e-35 18.500000000000004 1.0000000180025095e-35 30.500000000000004 29.500000000000004 4.5000000000000009 24.500000000000004 14.500000000000002 19.500000000000004 30.500000000000004 10.500000000000002 28.500000000000004 19.500000000000004 13.500000000000002 28.500000000000004 11.500000000000002 23.500000000000004 1.0000000180025095e-35
decision_type=2 2 2 2 2 2 2 2 2 2 2 2 2 2 2 2 2 2 2 2 2 2 2 2 2 2 2 2 2 2
left_child=1 -1 3 4 5 9 -7 11 -9 -2 -10 -8 -13 -3 -14 18 17 24 20 -19 -15 23 -21 29 -16 27 28 -24 -27 -22
right_child=2 13 -4 -5 -6 6 7 8 10 -11 -12 12 14 15 16 -17 -18 19 -20 22 21 -23 25 -25 -26 26 -28 -29 -30 -31
leaf_value=-0.011841721743555137 0.002160525880753994 0.00032989983446896076 0.0085353251012094643 0.0029475391268784156 -0.0023789508268237114 0.0018208250403404236 -0.00033997930260022371 -2.6065687416121366e-05 -0.0017351057055214093 0.00097068762406706812 -0.00061425142921507365 0.00034760057460516693 0.00020136032253503799 5.5322027765214447e-05 -2.9505477868951857e-05 -0.00013678886462002994 -0.00011492362245917321 4.6468571447128911e-05 -3.6912228097207844e-05 -4.1524890548316762e-06 7.1977294282987716e-06 5.1728880498558284e-05 4.6710214519407604e-06 -4.2963551095454026e-06 -3.7907340447418393e-05 8.0143226210285385e-06 3.6646724765887484e-06 2.4371474864892662e-06 9.2735055659431974e-06 6.2178092775866394e-06
leaf_weight=71 61 62 71 69 61 61 66 61 63 62 61 61 62 61 61 61 62 62 61 62 61 62 61 62 62 123 61 62 62 62
leaf_count=71 61 62 71 69 61 61 66 61 63 62 61 61 62 61 61 61 62 62 61 62 61 62 61 62 62 123 61 62 62 62
internal_value=2.94185e-12 -0.00146317 0.000573253 0.000159412 1.1084e-05 0.000129039 -2.91849e-05 -0.000136457 -0.000802005 0.00156077 -0.00118372 5.55696e-06 3.40281e-05 3.45489e-05 8.17957e-06 -8.03661e-06 -9.48593e-06 1.12631e-06 1.32476e-05 9.82535e-06 2.31819e-05 1.52445e-05 4.55417e-06 3.01725e-06 -3.37406e-05 6.01707e-06 7.25311e-06 3.545e-06 8.43632e-06 6.70379e-06
internal_weight=2000 563 1437 1366 1297 1236 1113 1052 185 123 124 867 801 492 740 430 678 616 369 493 308 247 431 185 123 369 246 123 185 123
internal_count=2000 563 1437 1366 1297 1236 1113 1052 185 123 124 867 801 492 740 430 678 616 369 493 308 247 431 185 123 369 246 123 185 123
is_linear=0
shrinkage=0.1


Tree=80
num_leaves=31
num_cat=0
split_feature=2 10 10 10 6 1 1 4 0 11 7 0 5 5 1 10 6 9 4 0 1 0 0 0 0 2 0 0 0 0
split_gain=0.166507 0.835365 0.635829 0.0463641 0.0264609 0.0230284 0.00861397 0.00776446 0.00451471 0.00186673 0.00106669 0.001057 0.000572271 0.000376611 0.000535545 0.000334014 0.000183703 0.00013143 1.26169e-05 1.41473e-05 9.50804e-06 8.86624e-06 9.36775e-07 3.08059e-07 2.90648e-07 2.6206e-07 1.75814e-07 5.6181e-08 6.909e-09 2.39157e-09
threshold=8.5000000000000018 22.500000000000004 23.500000000000004 1.5000000000000002 30.500000000000004 29.500000000000004 30.500000000000004 1.0000000180025095e-35 18.500000000000004 1.5000000000000002 30.500000000000004 24.500000000000004 1.0000000180025095e-35 14.500000000000002 6.5000000000000009 17.500000000000004 1.0000000180025095e-35 11.500000000000002 1.5000000000000002 30.500000000000004 24.500000000000004 22.500000000000004 9.5000000000000018 8.5000000000000018 5.5000000000000009 24.500000000000004 19.500000000000004 14.500000000000002 23.500000000000004 1.0000000180025095e-35
decision_type=2 2 2 2 2 2 2 2 2 2 2 2 2 2 2 2 2 2 2 2 2 2 2 2 2 2 2 2 2 2
left_child=2 3 -1 -2 8 7 -7 -5 -4 -9 12 16 -11 14 27 17 -10 -15 -19 20 22 26 23 29 -22 -24 -18 -14 -23 -20
right_child=1 -3 4 5 -6 6 -8 9 11 10 -12 -13 13 15 -16 -17 21 18 19 -21 24 28 25 -25 -26 -27 -28 -29 -30 -31
leaf_value=-0.010376193506110992 0.002653297813230893 0.011225910527365549 0.00087361885234713563 0.0011220407942610403 -0.0021410556510090828 -0.002219986321315879 -0.00055282628163695342 -0.00056094103492796419 0.0001812242902815342 0.00032296489188147169 -0.00039874883349834672 -0.00042516216635704043 7.5727184594143182e-06 0.00015799488284669463 -0.00034941578248085886 0.00025773662484985274 -2.6554928626865149e-05 4.9117364687845112e-05 6.4779560489114374e-06 4.6555991866625851e-05 -3.3221006742678585e-05 6.8471636041067541e-06 -3.8019798012101091e-06 1.4725174696650357e-05 -2.3459119256585838e-05 4.2039195250254128e-06 -3.4116607275791465e-05 3.2982054108288141e-06 8.3461556641850631e-06 5.5960281315492466e-06
leaf_weight=70 64 70 62 62 61 63 61 62 62 62 62 62 62 63 65 65 61 62 61 62 61 61 124 61 61 61 62 61 62 62
leaf_count=70 64 70 62 62 61 63 61 62 62 62 62 62 62 63 65 65 61 62 61 62 61 61 124 61 61 61 62 61 62 62
internal_value=2.57241e-12 0.000571119 -0.00145772 2.55186e-05 -0.000191408 -0.000103551 -0.00139985 3.27858e-05 8.38895e-05 -2.76742e-05 3.66467e-06 -4.84435e-05 2.87902e-05 9.1996e-06 -0.000117241 4.11927e-05 2.73895e-05 2.04326e-05 6.34081e-06 1.54489e-06 -4.1388e-06 -1.13819e-05 3.86271e-06 8.91492e-06 -2.83401e-05 -1.1622e-06 -3.03665e-05 5.45284e-06 7.60275e-06 6.03341e-06
internal_weight=2000 1437 563 1367 493 1303 124 1179 432 1117 1055 370 993 931 188 743 308 678 615 553 491 246 369 184 122 185 123 123 123 123
internal_count=2000 1437 563 1367 493 1303 124 1179 432 1117 1055 370 993 931 188 743 308 678 615 553 491 246 369 184 122 185 123 123 123 123
is_linear=0
shrinkage=0.1


Tree=81
num_leaves=31
num_cat=0
split_feature=8 3 3 6 4 1 9 4 8 8 5 6 7 6 4 1 0 4 0 5 0 0 0 0 0 0 2 0 0 0
split_gain=0.147512 0.709681 0.667502 0.0203498 0.0138182 0.00880968 0.0073366 0.00141758 0.00114427 0.000533172 0.00042771 0.000169039 4.68319e-05 2.56025e-05 1.08962e-05 9.39938e-06 6.98348e-06 5.8945e-06 7.23019e-06 4.82456e-06 3.9024e-06 1.32894e-06 4.00954e-07 3.27735e-07 3.20862e-07 1.42409e-07 4.7239e-08 4.26712e-08 4.28818e-09 1.93717e-09
threshold=19.500000000000004 11.500000000000002 10.500000000000002 30.500000000000004 1.0000000180025095e-35 24.500000000000004 1.5000000000000002 30.500000000000004 16.500000000000004 17.500000000000004 1.0000000180025095e-35 1.0000000180025095e-35 30.500000000000004 25.500000000000004 29.500000000000004 28.500000000000004 18.500000000000004 24.500000000000004 30.500000000000004 30.500000000000004 17.500000000000004 9.5000000000000018 10.500000000000002 28.500000000000004 27.500000000000004 19.500000000000004 28.500000000000004 13.500000000000002 23.500000000000004 1.0000000180025095e-35
decision_type=2 2 2 2 2 2 2 2 2 2 2 2 2 2 2 2 2 2 2 2 2 2 2 2 2 2 2 2 2 2
left_child=2 4 -1 5 -2 6 20 12 10 -10 -8 -12 14 19 15 17 -15 24 23 21 -4 -13 -23 29 -6 -18 27 -24 -29 -19
right_child=1 -3 3 -5 7 -7 8 -9 9 -11 11 13 -14 16 -16 -17 25 18 -20 -21 -22 22 26 -25 -26 -27 -28 28 -30 -31
leaf_value=-0.0099441645219635021 0.0015265383757650853 0.010406056260438385 0.00082188220694661145 -0.0018530629965807161 4.420563054736704e-05 -0.0011214288574858354 0.00028054402209818366 -0.00050484691746532917 -0.00050386736272937721 -9.245389965288934e-05 0.00016310187056660654 1.9800853788770078e-05 -8.3235098281875258e-05 -6.8489683326333764e-05 -2.9898903449065983e-05 -2.1113206457812339e-05 -2.3899435473140332e-05 5.8301608078181749e-06 4.1900394717231396e-05 -2.3580230481456967e-05 0.00078625697642564774 -3.3570420782780277e-06 3.7835274270037193e-06 -3.4865217457991095e-06 3.3990334486588836e-05 -3.070494567509741e-05 2.9683847969863565e-06 6.4916012141895213e-06 7.5115400250069802e-06 5.0364251364953816e-06
leaf_weight=73 61 74 61 62 62 65 61 62 63 63 62 62 61 62 61 61 61 61 62 62 62 62 61 62 61 62 61 123 62 62
leaf_count=73 61 74 61 62 62 65 61 62 63 63 62 62 61 62 61 61 61 61 62 62 62 62 61 62 61 62 61 123 62 62
internal_value=4.6397e-12 0.00110872 -0.000665233 -8.97342e-05 9.09659e-05 8.31641e-06 7.8253e-05 -5.14242e-05 -1.80335e-05 -0.000298161 2.60314e-05 5.05132e-06 -5.88358e-07 -9.40168e-06 9.65849e-06 1.52571e-05 -4.1124e-05 2.12533e-05 1.23464e-05 2.50221e-06 0.000803925 6.25421e-06 3.97808e-06 2.4418e-06 3.91395e-05 -2.73299e-05 5.45944e-06 6.07714e-06 6.83342e-06 5.43007e-06
internal_weight=2000 750 1250 1177 676 1115 1050 615 927 126 801 740 553 678 492 431 185 370 247 493 123 431 369 185 123 123 307 246 185 123
internal_count=2000 750 1250 1177 676 1115 1050 615 927 126 801 740 553 678 492 431 185 370 247 493 123 431 369 185 123 123 307 246 185 123
is_linear=0
shrinkage=0.1


Tree=82
num_leaves=31
num_cat=0
split_feature=4 11 5 6 8 6 6 0 11 3 9 1 0 10 11 6 3 7 2 0 0 0 3 0 0 0 0 0 0 1
split_gain=0.150564 0.536896 0.473852 0.0217135 0.0212548 0.0131449 0.0524312 0.0121229 0.00954032 0.0064276 0.00486537 0.00158871 0.00222392 0.000602321 0.000172802 0.000108609 4.57475e-05 4.07837e-05 1.31638e-05 5.25882e-06 5.18285e-06 4.6207e-06 3.66205e-06 3.16095e-06 6.2823e-07 3.70719e-07 1.15351e-07 3.75531e-08 1.2867e-08 2.95219e-09
threshold=7.5000000000000009 7.5000000000000009 22.500000000000004 30.500000000000004 30.500000000000004 17.500000000000004 23.500000000000004 4.5000000000000009 18.500000000000004 1.0000000180025095e-35 1.5000000000000002 28.500000000000004 7.5000000000000009 30.500000000000004 19.500000000000004 11.500000000000002 30.500000000000004 30.500000000000004 29.500000000000004 8.5000000000000018 18.500000000000004 30.500000000000004 1.5000000000000002 17.500000000000004 9.5000000000000018 28.500000000000004 19.500000000000004 14.500000000000002 23.500000000000004 23.500000000000004
decision_type=2 2 2 2 2 2 2 2 2 2 2 2 2 2 2 2 2 2 2 2 2 2 2 2 2 2 2 2 2 2
left_child=1 4 3 5 7 8 -7 -1 -2 -10 23 19 -13 14 -11 16 17 21 20 -9 27 22 -16 -8 -21 28 -22 -12 29 -24
right_child=2 -3 -4 -5 -6 6 10 11 9 13 18 12 -14 -15 15 -17 -18 -19 -20 24 26 -23 25 -25 -26 -27 -28 -29 -30 -31
leaf_value=0.0013738845475018025 -0.0011941568369963278 -0.0097629002872107618 0.0084741503399104866 -0.0017416438087821007 -0.0019151186570525169 0.0031988621032588297 0.00073969401419162752 3.9785067201592028e-05 0.001025996543467045 0.00015108483614370463 6.1662867665290833e-06 -1.9001886539626869e-05 -0.00086945602294778625 -0.00033225924707949164 3.0591301037929955e-05 -0.00014610979847020644 -9.0192892821505671e-05 -7.4911589035764339e-05 -6.1640713829547175e-05 1.1272572010057047e-05 -2.1509492944460364e-05 3.7710354081355039e-05 5.3802157708560123e-06 0.00070763127878308301 -3.021337943209801e-06 -3.1378694984596223e-06 -2.7634450816549361e-05 2.6715462809079328e-06 6.7603854404296729e-06 4.5327826228458436e-06
leaf_weight=61 67 68 71 61 62 67 61 62 62 63 62 61 62 62 61 64 61 61 62 61 61 62 122 62 62 62 62 61 62 62
leaf_count=61 67 68 71 61 62 67 61 62 62 63 62 61 62 62 61 64 61 61 62 61 61 62 122 62 62 62 62 61 62 62
internal_value=8.52842e-12 -0.00150482 0.000500271 0.000104365 -0.000201923 0.000186619 0.000596418 8.5931e-05 -4.76863e-05 4.7853e-05 0.000191862 -0.000169151 -0.000447686 -3.38787e-05 -6.67343e-06 -2.27816e-05 -8.50858e-06 1.61894e-06 -2.04606e-05 1.60377e-05 -1.00819e-05 1.24504e-05 8.20619e-06 0.000723532 4.06751e-06 3.77278e-06 -2.45969e-05 4.43312e-06 5.51448e-06 5.09467e-06
internal_weight=2000 499 1501 1430 431 1369 498 369 871 804 431 308 123 742 680 617 553 492 308 185 246 431 369 123 123 308 123 123 246 184
internal_count=2000 499 1501 1430 431 1369 498 369 871 804 431 308 123 742 680 617 553 492 308 185 246 431 369 123 123 308 123 123 246 184
is_linear=0
shrinkage=0.1


Tree=83
num_leaves=31
num_cat=0
split_feature=4 11 5 1 6 0 1 6 1 3 0 0 9 1 10 3 7 0 2 0 7 0 0 0 1 1 0 0 0 1
split_gain=0.141835 0.547854 0.502267 0.0320966 0.0176982 0.0130383 0.0268796 0.00556038 0.0234775 0.00556186 0.00472037 0.00427421 0.00403704 0.000626262 0.000482797 3.80108e-05 3.30319e-05 1.25195e-05 1.24077e-05 6.66924e-06 7.47632e-06 4.25965e-06 2.56037e-06 2.22295e-06 1.7793e-06 1.45634e-06 5.08866e-07 3.0418e-08 1.04223e-08 2.39127e-09
threshold=8.5000000000000018 8.5000000000000018 21.500000000000004 28.500000000000004 30.500000000000004 6.5000000000000009 30.500000000000004 17.500000000000004 10.500000000000002 1.0000000180025095e-35 4.5000000000000009 10.500000000000002 1.5000000000000002 13.500000000000002 30.500000000000004 30.500000000000004 30.500000000000004 13.500000000000002 29.500000000000004 26.500000000000004 29.500000000000004 8.5000000000000018 17.500000000000004 18.500000000000004 21.500000000000004 24.500000000000004 9.5000000000000018 14.500000000000002 23.500000000000004 23.500000000000004
decision_type=2 2 2 2 2 2 2 2 2 2 2 2 2 2 2 2 2 2 2 2 2 2 2 2 2 2 2 2 2 2
left_child=1 3 4 10 7 -5 -7 9 12 -2 -1 21 22 -11 15 16 19 -14 23 25 24 -12 -9 27 -21 28 -23 -19 29 -15
right_child=2 -3 -4 5 -6 6 -8 8 -10 13 11 -13 17 14 -16 -17 -18 18 -20 20 -22 26 -24 -25 -26 -27 -28 -29 -30 -31
leaf_value=0.0012364961206912995 0.00092339683324098591 -0.009692769138601379 0.0086668796268188301 -1.7101697449106722e-05 -0.0015674794092774393 -0.0032321283128112555 -0.00029845517128705983 0.00066572460345923909 0.0021795860572488726 -0.00034931379950780802 3.5806561936624351e-05 0.00097969518974423404 -6.7396584199741483e-05 4.8421943574794568e-06 -0.00029903331305831672 -8.1173604121431716e-05 -6.7420431878417728e-05 5.5496577260782944e-06 -5.5476644774898887e-05 2.7532171225175264e-05 -2.8240825486136601e-06 1.0145315172849223e-05 0.00063686813227832324 -1.9358542340341957e-05 5.149287938524688e-05 -1.2298034562263638e-05 -2.7192041670787149e-06 2.4043916710070335e-06 6.0843471146654341e-06 4.0795046515995635e-06
leaf_weight=61 62 69 72 61 61 64 61 61 67 69 62 61 61 122 62 61 61 62 62 61 62 61 62 61 63 61 62 61 62 62
leaf_count=61 62 69 72 61 61 64 61 61 67 69 62 61 61 122 62 61 61 62 62 61 62 61 62 61 63 61 62 61 62 62
internal_value=3.89327e-12 -0.00134706 0.000526459 -0.000179 9.73887e-05 -0.00121562 -0.0018005 0.00017521 0.000438403 1.33203e-05 0.000449049 0.000253787 0.000167103 -6.23161e-05 -3.30652e-05 -6.25218e-06 1.99729e-06 -2.68432e-05 -1.67873e-05 1.05865e-05 2.55291e-05 1.44339e-05 0.000651179 -3.75068e-06 3.97058e-05 1.53331e-06 3.66076e-06 3.98981e-06 4.96303e-06 4.5852e-06
internal_weight=2000 562 1438 493 1366 186 125 1305 497 808 307 246 430 746 677 615 554 307 246 493 186 185 123 184 124 307 123 123 246 184
internal_count=2000 562 1438 493 1366 186 125 1305 497 808 307 246 430 746 677 615 554 307 246 493 186 185 123 184 124 307 123 123 246 184
is_linear=0
shrinkage=0.1


Tree=84
num_leaves=31
num_cat=0
split_feature=9 1 1 8 1 6 4 9 1 9 3 5 0 10 6 2 1 3 7 5 0 0 3 1 5 0 0 0 0 1
split_gain=0.155591 0.597485 0.316973 0.073246 0.0122399 0.0134289 0.0112126 0.00653618 0.0176715 0.00466567 0.00438926 0.00217177 0.00187592 0.000350585 0.000431761 0.000373733 0.000181832 2.91214e-05 2.50356e-05 2.00835e-05 6.97186e-06 3.29416e-06 3.02972e-06 1.01574e-06 2.87571e-07 2.43229e-07 1.2515e-07 2.46386e-08 8.44204e-09 1.93693e-09
threshold=23.500000000000004 6.5000000000000009 8.5000000000000018 9.5000000000000018 29.500000000000004 30.500000000000004 30.500000000000004 18.500000000000004 27.500000000000004 1.5000000000000002 1.0000000180025095e-35 29.500000000000004 11.500000000000002 30.500000000000004 14.500000000000002 1.5000000000000002 13.500000000000002 30.500000000000004 30.500000000000004 1.0000000180025095e-35 5.5000000000000009 30.500000000000004 1.5000000000000002 24.500000000000004 28.500000000000004 28.500000000000004 13.500000000000002 14.500000000000002 23.500000000000004 23.500000000000004
decision_type=2 2 2 2 2 2 2 2 2 2 2 2 2 2 2 2 2 2 2 2 2 2 2 2 2 2 2 2 2 2
left_child=2 11 -1 -4 5 6 7 9 -9 -5 -11 19 -13 14 16 -16 -12 18 21 -2 -10 22 -18 25 26 28 -21 -28 29 -24
right_child=1 -3 3 4 -6 -7 -8 8 20 10 13 12 -14 -15 15 -17 17 -19 -20 24 -22 -23 23 -25 -26 -27 27 -29 -30 -31
leaf_value=-0.0070795190474018457 -6.0656928690150386e-05 0.010095386511280335 -0.0033906174114877903 0.00090774420855773818 -0.0014003940857946874 -0.0014107314869761468 -0.0012016344815492632 0.0020369595114254589 3.2225906034000217e-05 0.00083105722442269327 0.00017090773483413081 0.0008817256428301335 0.0001006396720185876 -0.00026912998873740435 -1.7422689415980132e-05 -0.00036468412727117542 2.4778954684734345e-05 -7.3056243127211926e-05 -6.0678389854729178e-05 9.1307832917664203e-06 -1.5391527267638593e-05 2.8790030046366156e-05 4.3579750126809815e-06 -1.1068231106037275e-05 -2.4472838049405254e-06 -2.5416742573725063e-06 4.994692062609829e-06 2.1639523765770721e-06 5.4759126214776193e-06 3.6715540773002434e-06
leaf_weight=70 61 70 68 63 62 61 62 66 62 62 63 61 62 62 61 63 61 61 61 61 61 62 122 61 62 62 62 61 62 62
leaf_count=70 61 70 68 63 62 61 62 66 62 62 63 61 62 62 61 63 61 61 61 61 61 62 122 61 62 62 62 61 62 62
internal_value=-3.8217e-13 0.0015277 -0.000509233 -0.00018761 -2.76949e-05 3.77722e-05 0.000109087 0.000178131 0.000716923 7.50622e-05 1.83498e-05 0.000132958 0.000488008 -4.00371e-05 -2.23045e-05 -0.000193854 9.11661e-06 -7.48411e-06 -2.51019e-07 -9.29366e-06 8.61076e-06 7.24099e-06 4.13392e-06 7.21057e-07 3.44276e-06 3.05595e-06 5.42744e-06 3.59083e-06 4.46673e-06 4.12668e-06
internal_weight=2000 500 1500 1430 1362 1300 1239 1177 189 988 925 430 123 863 801 124 677 614 553 307 123 492 430 369 246 308 184 123 246 184
internal_count=2000 500 1500 1430 1362 1300 1239 1177 189 988 925 430 123 863 801 124 677 614 553 307 123 492 430 369 246 308 184 123 246 184
is_linear=0
shrinkage=0.1


Tree=85
num_leaves=31
num_cat=0
split_feature=7 2 9 6 8 4 11 0 3 5 1 0 10 6 11 6 1 1 2 3 5 0 1 3 0 0 0 5 0 0
split_gain=0.137393 0.899486 0.607102 0.0100699 0.00871781 0.0075751 0.00940228 0.00386617 0.00313704 0.00204368 0.00155649 0.00151949 0.000272917 0.000239917 0.000168762 0.000153594 7.41735e-05 2.95626e-05 2.63063e-05 2.38122e-05 1.81926e-05 4.40423e-06 4.11198e-06 2.93834e-06 1.47027e-06 1.37778e-06 5.41108e-07 3.0091e-07 1.89648e-07 4.26071e-08
threshold=17.500000000000004 13.500000000000002 14.500000000000002 30.500000000000004 30.500000000000004 11.500000000000002 20.500000000000004 4.5000000000000009 1.0000000180025095e-35 29.500000000000004 9.5000000000000018 11.500000000000002 30.500000000000004 29.500000000000004 11.500000000000002 1.0000000180025095e-35 9.5000000000000018 30.500000000000004 11.500000000000002 30.500000000000004 1.0000000180025095e-35 5.5000000000000009 23.500000000000004 1.5000000000000002 22.500000000000004 8.5000000000000018 1.5000000000000002 28.500000000000004 28.500000000000004 13.500000000000002
decision_type=2 2 2 2 2 2 2 2 2 2 2 2 2 2 2 2 2 2 2 2 2 2 2 2 2 2 2 2 2 2
left_child=2 3 -1 8 5 7 16 -4 -2 14 -10 -11 13 15 17 -12 -7 20 19 23 -9 -22 -8 -17 -25 -23 -24 29 -26 -27
right_child=1 -3 4 -5 -6 6 22 9 10 11 12 -13 -14 -15 -16 18 -18 -19 -20 -21 21 25 26 24 28 27 -28 -29 -30 -31
leaf_value=-0.009422938369292146 0.00074795144610106945 0.011488374563034726 0.00090915057808160782 -0.0012696583755314351 -0.0012603546492755413 -0.0010359841251065807 2.830910037324253e-05 -5.4591236403211954e-05 0.00048240688629448415 0.00079355314373970038 0.00014952380442991855 9.057570714503527e-05 -0.00024221697822213173 -0.00020636119879782202 -0.00016928599006715806 2.2301057470031083e-05 -0.0011894349452285539 7.0452078944072127e-05 -7.9095957053434713e-05 -6.5750617068260908e-05 2.9003314557485284e-05 -1.3852375559508801e-05 3.3043987059500071e-06 -1.5680419164709746e-05 4.495334040966998e-06 8.2177051808685068e-06 -9.9614080681931227e-06 -2.2025553334970029e-06 -2.2875068680150434e-06 4.4952226744499063e-06
leaf_weight=75 62 74 61 61 62 63 62 61 62 61 62 62 62 62 63 61 63 61 62 61 62 61 62 61 123 61 61 62 62 62
leaf_count=75 62 74 61 61 62 63 62 61 62 61 62 62 62 62 63 61 63 61 62 61 62 61 62 61 123 61 61 62 62 62
internal_value=-2.84217e-13 0.000939808 -0.000730961 -3.47167e-05 -0.000110106 -3.79244e-05 -0.00044646 0.000149749 6.70825e-05 7.4548e-05 4.82017e-06 0.000439207 -4.32486e-05 -2.09814e-05 -1.64318e-05 2.37947e-06 -0.00111271 5.96313e-06 -1.88367e-05 -8.68432e-06 -4.69764e-06 5.18388e-06 7.31022e-06 2.65459e-06 -2.21709e-06 -8.19388e-07 -3.27458e-06 3.47798e-06 2.22217e-06 6.34133e-06
internal_weight=2000 875 1125 801 1050 988 311 677 740 616 678 123 616 554 493 492 126 430 430 368 369 308 185 307 246 246 123 185 185 123
internal_count=2000 875 1125 801 1050 988 311 677 740 616 678 123 616 554 493 492 126 430 430 368 369 308 185 307 246 246 123 185 185 123
is_linear=0
shrinkage=0.1


Tree=86
num_leaves=31
num_cat=0
split_feature=5 4 6 6 8 4 5 9 8 1 0 4 3 2 10 5 6 2 0 2 0 4 1 0 1 2 0 0 0 0
split_gain=0.147857 0.550229 0.534985 0.0152125 0.00870261 0.00708782 0.00612385 0.00565093 0.00496912 0.0112351 0.00431602 0.0036544 0.0028996 0.000956972 0.000315084 0.000278128 0.000216624 9.2866e-05 1.91136e-05 1.61018e-05 1.36451e-05 3.5912e-06 2.92003e-06 1.01381e-06 9.45219e-07 2.36329e-07 6.70483e-08 4.57658e-08 3.74025e-08 1.24938e-08
threshold=8.5000000000000018 9.5000000000000018 21.500000000000004 20.500000000000004 30.500000000000004 30.500000000000004 7.5000000000000009 30.500000000000004 18.500000000000004 18.500000000000004 30.500000000000004 1.0000000180025095e-35 13.500000000000002 1.0000000180025095e-35 30.500000000000004 6.5000000000000009 1.0000000180025095e-35 30.500000000000004 25.500000000000004 28.500000000000004 29.500000000000004 1.5000000000000002 19.500000000000004 18.500000000000004 24.500000000000004 23.500000000000004 28.500000000000004 22.500000000000004 5.5000000000000009 1.0000000180025095e-35
decision_type=2 2 2 2 2 2 2 2 2 2 2 2 2 2 2 2 2 2 2 2 2 2 2 2 2 2 2 2 2 2
left_child=1 -1 3 4 5 8 7 13 12 -10 11 -11 -2 -3 16 17 -14 19 25 23 21 -13 -23 -15 26 27 29 -18 -26 -24
right_child=2 6 -4 -5 -6 -7 -8 -9 9 10 -12 20 14 15 -16 -17 18 -19 -20 -21 -22 22 24 -25 28 -27 -28 -29 -30 -31
leaf_value=-0.0097391372573548476 -0.00071188394101815962 0.00043416619300842287 0.0089388930929190907 0.0016251384228047347 -0.0011343191377818586 -0.00096252756193280229 -0.0011426925659179688 -0.0009558692574501038 0.0015501556494696574 0.0008182355202734471 0.00096820490434765824 2.610298397485167e-05 0.00019450266438994618 4.0457005525240673e-06 -0.00021799528039991858 -0.00018572508124634624 7.3959345172625035e-06 0.00015826660674065352 -5.917555536143482e-05 5.7539765088398376e-05 -4.6700952225364745e-05 2.0070951723027975e-05 9.5819614216452469e-07 -1.4112377539277078e-05 -8.9652668975759308e-06 -1.9822999092866669e-06 -2.0587562175933271e-06 4.0458006413068576e-06 -1.2467138003557921e-05 2.9739587262156421e-06
leaf_weight=69 68 62 72 62 62 62 61 62 66 61 62 62 63 62 62 62 61 61 61 62 61 61 61 61 61 62 62 123 61 62
leaf_count=69 68 62 72 62 62 62 61 62 66 61 62 62 63 62 62 62 61 61 61 62 61 61 61 61 61 62 62 123 61 62
internal_value=-1.24873e-11 -0.00137536 0.00053752 9.46949e-05 2.19284e-05 7.96477e-05 -0.000204773 -7.23353e-05 0.000134406 0.000310372 0.000177106 8.82502e-05 -0.000104908 7.57164e-05 -9.36543e-06 3.56088e-06 2.55942e-05 5.12671e-05 -9.06784e-06 1.59862e-05 -2.44039e-06 3.83844e-06 8.73475e-08 -4.95953e-06 -3.88334e-06 3.35725e-06 6.22662e-07 5.15644e-06 -1.07162e-05 1.97427e-06
internal_weight=2000 562 1438 1366 1304 1242 493 432 1180 680 614 552 500 370 432 308 370 246 307 185 491 430 368 123 307 246 185 184 122 123
internal_count=2000 562 1438 1366 1304 1242 493 432 1180 680 614 552 500 370 432 308 370 246 307 185 491 430 368 123 307 246 185 184 122 123
is_linear=0
shrinkage=0.1


Tree=87
num_leaves=31
num_cat=0
split_feature=8 3 10 5 4 6 9 5 0 3 4 5 1 2 0 6 2 6 0 4 1 2 1 2 5 0 0 0 0 2
split_gain=0.12562 0.583797 0.57794 0.00665922 0.0063639 0.00499763 0.00386438 0.00391267 0.0031479 0.00312305 0.00254243 0.00156273 0.00149045 0.000905046 0.000240626 0.000217613 8.60394e-05 6.89562e-05 1.10525e-05 2.90887e-06 2.36522e-06 1.60248e-06 7.65627e-07 5.06712e-07 1.88694e-07 5.43091e-08 4.17047e-08 3.0296e-08 1.012e-08 1.76236e-09
threshold=18.500000000000004 11.500000000000002 13.500000000000002 1.0000000180025095e-35 30.500000000000004 30.500000000000004 30.500000000000004 30.500000000000004 30.500000000000004 13.500000000000002 1.0000000180025095e-35 29.500000000000004 18.500000000000004 1.0000000180025095e-35 24.500000000000004 29.500000000000004 30.500000000000004 1.0000000180025095e-35 29.500000000000004 1.5000000000000002 19.500000000000004 4.5000000000000009 24.500000000000004 28.500000000000004 28.500000000000004 28.500000000000004 13.500000000000002 5.5000000000000009 1.0000000180025095e-35 5.5000000000000009
decision_type=2 2 2 2 2 2 2 2 2 2 2 2 2 2 2 2 2 2 2 2 2 2 2 2 2 2 2 2 2 2
left_child=2 4 -1 -4 8 6 7 9 10 -5 -2 13 -12 -11 15 16 17 -15 19 -14 -21 -19 25 24 26 28 -23 -24 -22 -28
right_child=1 -3 3 5 -6 -7 -8 -9 -10 11 12 -13 18 14 -16 -17 -18 21 -20 20 22 23 27 -25 -26 -27 29 -29 -30 -31
leaf_value=-0.0092756922505891643 0.00073641194030642514 0.0093635010222593955 0.00092478161677718169 -0.00064069555425222088 -0.00086627481505274773 -0.0010284232906997205 -0.00086028231307864198 -0.00081237116828560831 0.00087138433009386067 0.00039074961096048356 0.00051814075559377672 0.00055168396793305876 2.3492684704251587e-05 0.00011512115597724915 -0.00019619576632976533 -0.00016715257661417129 0.00014243994373828173 -1.2701140076387675e-05 -4.2030858458019794e-05 1.8063856987282634e-05 8.6237650975817814e-07 6.6563414293341345e-06 -8.0687401350587603e-06 1.3122179370839149e-05 -1.784069900168106e-06 -1.8528806322137826e-06 3.2011350413085894e-06 -1.1220423766644672e-05 2.6765628717839718e-06 3.8576690712943673e-06
leaf_weight=73 61 75 61 68 62 61 62 62 62 62 62 61 62 62 62 62 61 61 61 61 61 61 61 61 62 62 61 61 62 124
leaf_count=73 61 75 61 68 62 61 62 62 62 62 62 61 62 62 62 62 61 61 61 61 61 61 61 61 62 62 61 61 62 124
internal_value=1.24683e-12 0.000957622 -0.000655895 -9.10424e-05 0.000103366 -0.000149889 -9.58661e-05 -4.4905e-05 0.000192298 9.91403e-06 0.000123725 6.52158e-05 5.61416e-05 2.50608e-05 -8.42913e-06 1.05002e-05 3.04179e-05 1.65289e-05 -2.19635e-06 3.4546e-06 7.86129e-08 2.31332e-06 -3.495e-06 4.79539e-06 3.14625e-06 5.60396e-07 4.38885e-06 -9.64458e-06 1.77684e-06 3.64119e-06
internal_weight=2000 813 1187 1114 738 1053 992 930 676 868 614 800 553 739 677 615 553 492 491 430 368 430 307 369 308 185 246 122 123 185
internal_count=2000 813 1187 1114 738 1053 992 930 676 868 614 800 553 739 677 615 553 492 491 430 368 430 307 369 308 185 246 122 123 185
is_linear=0
shrinkage=0.1


Tree=88
num_leaves=31
num_cat=0
split_feature=4 5 5 8 11 1 5 6 0 9 0 0 1 0 2 0 6 1 2 6 0 0 1 2 0 0 1 0 0 0
split_gain=0.143431 0.481428 0.403583 0.0206611 0.00985051 0.0409423 0.00607429 0.00392011 0.00382441 0.0032011 0.00281593 0.00125281 0.00117636 0.00104849 0.000725794 0.00019357 0.000192163 0.000185406 5.7048e-05 5.13406e-05 8.10927e-06 2.46306e-06 1.52769e-06 1.4101e-06 6.12914e-07 2.96139e-07 2.76685e-07 1.77431e-07 4.39904e-08 8.19719e-09
threshold=8.5000000000000018 23.500000000000004 21.500000000000004 30.500000000000004 22.500000000000004 17.500000000000004 1.0000000180025095e-35 30.500000000000004 11.500000000000002 30.500000000000004 30.500000000000004 14.500000000000002 18.500000000000004 10.500000000000002 1.0000000180025095e-35 24.500000000000004 29.500000000000004 30.500000000000004 30.500000000000004 1.0000000180025095e-35 29.500000000000004 5.5000000000000009 19.500000000000004 4.5000000000000009 8.5000000000000018 22.500000000000004 24.500000000000004 9.5000000000000018 28.500000000000004 1.0000000180025095e-35
decision_type=2 2 2 2 2 2 2 2 2 2 2 2 2 2 2 2 2 2 2 2 2 2 2 2 2 2 2 2 2 2
left_child=1 -1 4 8 6 -6 -2 9 13 11 12 -8 -7 17 -13 16 18 21 19 -16 22 -3 -14 -21 -23 -25 28 -26 29 -24
right_child=2 3 -4 -5 5 10 7 -9 -10 -11 -12 14 20 -15 15 -17 -18 -19 -20 23 -22 24 26 25 27 -27 -28 -29 -30 -31
leaf_value=-0.0091140731896406837 0.00087271522910844905 2.1143416233826429e-05 0.0078264427591218707 -0.0019572373479604722 0.0028066652982185287 0.0004663266707211733 -0.00042262120475862648 -0.00092558097094297409 -0.00073113404214382178 -0.00077425404451787478 0.0007842459715902806 0.00035167462192475796 1.6257470997516068e-05 0.00049651558510959153 0.00010360904270783067 -0.00017657617572695017 -0.00015043731546029451 0.00019866481889039279 0.00012819595867767932 -1.1431026359787211e-05 -3.7827770574949683e-05 -1.0098380880663172e-05 7.7613885878236039e-07 1.1809961870312691e-05 5.9907069953624159e-06 3.2880134386960717e-06 -7.2618662670720372e-06 -1.6056628737715073e-06 -1.6675925508025104e-06 2.4089065846055749e-06
leaf_weight=70 62 62 72 62 66 62 69 61 62 62 62 62 61 61 62 62 62 61 61 61 61 61 61 61 61 123 61 62 62 62
leaf_count=70 62 62 72 62 66 62 69 61 62 62 62 62 61 61 62 62 62 61 61 61 61 61 61 61 61 123 61 62 62 62
internal_value=-9.43601e-14 -0.00135462 0.000529414 -0.000250635 0.000144798 0.000467939 -7.8362e-05 -0.000157406 -4.56636e-06 -8.89991e-05 0.000154207 -2.08036e-05 6.33646e-05 0.000117845 2.92423e-05 -1.13894e-05 1.24282e-05 4.26037e-05 3.98675e-05 2.23169e-05 -4.5257e-06 3.90558e-06 2.09133e-06 1.74506e-06 -1.90282e-06 6.11322e-06 -1.42141e-06 2.16164e-06 5.04356e-07 1.59916e-06
internal_weight=2000 562 1438 492 1366 558 808 746 430 685 492 623 430 368 554 492 430 307 368 307 368 246 307 245 184 184 246 123 185 123
internal_count=2000 562 1438 492 1366 558 808 746 430 685 492 623 430 368 554 492 430 307 368 307 368 246 307 245 184 184 246 123 185 123
is_linear=0
shrinkage=0.1


Tree=89
num_leaves=31
num_cat=0
split_feature=9 1 8 1 1 4 4 6 5 10 0 0 5 9 5 0 1 2 3 1 0 5 4 1 5 1 0 0 0 0
split_gain=0.123036 0.637144 0.383978 0.0232695 0.0196836 0.0172728 0.0130446 0.0052894 0.00402678 0.00381022 0.00281226 0.00238418 0.00297076 0.00138912 0.000911295 0.000631782 0.000188278 0.000196135 0.000159706 4.83911e-05 7.9848e-06 7.67925e-06 1.53824e-06 1.18637e-06 3.6753e-07 2.24115e-07 8.36603e-08 5.94564e-08 3.56322e-08 6.63973e-09
threshold=22.500000000000004 14.500000000000002 9.5000000000000018 9.5000000000000018 29.500000000000004 30.500000000000004 1.0000000180025095e-35 30.500000000000004 1.0000000180025095e-35 1.5000000000000002 30.500000000000004 15.500000000000002 30.500000000000004 20.500000000000004 29.500000000000004 26.500000000000004 12.500000000000002 1.5000000000000002 29.500000000000004 13.500000000000002 29.500000000000004 1.5000000000000002 24.500000000000004 18.500000000000004 28.500000000000004 24.500000000000004 14.500000000000002 27.500000000000004 28.500000000000004 1.0000000180025095e-35
decision_type=2 2 2 2 2 2 2 2 2 2 2 2 2 2 2 2 2 2 2 2 2 2 2 2 2 2 2 2 2 2
left_child=2 8 -1 -4 5 6 -5 9 -2 15 13 12 14 16 21 -8 17 -11 19 -18 22 -10 23 -21 26 28 -23 -25 29 -24
right_child=1 -3 3 4 -6 -7 7 -9 11 10 -12 -13 -14 -15 -16 -17 18 -19 -20 20 -22 24 25 27 -26 -27 -28 -29 -30 -31
leaf_value=-0.0076604939246235392 0.00074503193609416491 0.010181183674638826 -0.0019073850778943821 0.0015741780400276185 -0.001761513575911522 -0.0015622915700078011 0.00087113669667873662 -0.00083302287384867668 4.5517482794821264e-05 -1.0287923214491458e-05 0.00070582134649157526 -0.00069682863540947442 -0.00065802065655589108 0.00046080390342727442 0.00044686403125524524 0.00041969399899244308 9.3248137272894385e-05 -0.00025994334226617444 -0.00015891856746748091 2.9592121865153619e-06 -3.404499439056963e-05 5.391636295826175e-06 6.9852494561928329e-07 1.9029073882848024e-05 -1.4450965863943566e-06 -6.5356798586435616e-06 1.062896553776227e-05 1.4631723752245307e-05 -1.5008332411525772e-06 2.1680159989045935e-06
leaf_weight=71 61 70 69 61 62 62 62 61 62 61 62 62 62 63 61 62 62 65 62 123 61 61 61 62 62 61 61 61 62 62
leaf_count=71 61 70 69 61 62 62 62 61 62 61 62 62 62 63 61 62 62 65 62 123 61 61 61 62 62 61 61 61 62 62
internal_value=3.60073e-12 0.00125462 -0.000490332 -0.000117924 -2.27989e-05 6.44182e-05 0.000150326 7.22894e-05 -1.54172e-05 0.000124784 5.52166e-05 -0.000123045 -2.66364e-05 8.6375e-06 0.000100874 0.000645415 -2.68376e-05 -0.000139078 -5.94785e-06 9.47359e-06 8.11484e-08 1.50803e-05 4.31224e-06 9.90374e-06 4.82424e-06 -1.27927e-06 8.0103e-06 1.68483e-05 4.53921e-07 1.43924e-06
internal_weight=2000 562 1438 1367 1298 1236 1174 1113 492 1052 928 431 369 866 307 124 803 126 677 615 553 246 492 246 184 246 122 123 185 123
internal_count=2000 562 1438 1367 1298 1236 1174 1113 492 1052 928 431 369 866 307 124 803 126 677 615 553 246 492 246 184 246 122 123 185 123
is_linear=0
shrinkage=0.1


Tree=90
num_leaves=31
num_cat=0
split_feature=4 11 5 1 0 1 5 0 9 6 5 2 10 1 0 1 1 0 0 3 0 0 0 0 0 3 0 0 0 0
split_gain=0.136393 0.448431 0.330957 0.0353881 0.0103459 0.0094336 0.00620775 0.0267446 0.00541272 0.0043184 0.00255945 0.002427 0.00225765 0.00157778 0.000716742 0.000442247 0.000649364 0.000479553 0.000430505 0.000101607 5.10142e-05 4.61975e-05 3.08342e-05 5.95257e-06 9.7447e-07 6.44229e-07 2.10066e-07 1.16412e-07 6.64184e-08 5.37818e-09
threshold=8.5000000000000018 8.5000000000000018 21.500000000000004 29.500000000000004 4.5000000000000009 30.500000000000004 17.500000000000004 12.500000000000002 1.5000000000000002 25.500000000000004 1.0000000180025095e-35 2.5000000000000004 1.5000000000000002 28.500000000000004 10.500000000000002 12.500000000000002 5.5000000000000009 22.500000000000004 17.500000000000004 29.500000000000004 26.500000000000004 20.500000000000004 19.500000000000004 29.500000000000004 8.5000000000000018 1.5000000000000002 1.5000000000000002 9.5000000000000018 28.500000000000004 1.0000000180025095e-35
decision_type=2 2 2 2 2 2 2 2 2 2 2 2 2 2 2 2 2 2 2 2 2 2 2 2 2 2 2 2 2 2
left_child=1 3 6 4 -1 -5 8 26 18 10 -10 22 20 14 24 16 -14 -17 -2 23 -12 -13 -11 25 -6 -19 29 -26 -27 -8
right_child=2 -3 -4 5 13 -7 7 -9 9 11 12 21 15 -15 -16 17 -18 19 -20 -21 -22 -23 -24 -25 27 28 -28 -29 -30 -31
leaf_value=0.0014167602173984052 0.00088142575696110732 -0.0088715208761825943 0.0071241949219256646 -0.0025839946277084807 1.7126166494563221e-05 -0.00083932001143693924 6.2867243286746091e-07 0.0023453420620750298 0.00072449784230200522 -9.259131184080616e-06 0.00050653102807700638 -0.00062714577652513983 4.0965736843645573e-05 -0.00045954315921276686 0.00040217759087681772 0.00027226311993593029 -0.0004065057935911361 1.3168551959097385e-05 0.00050724567845463755 -0.00014302670024335384 0.00037772462237626317 -0.0007497205864638091 -0.00010939924977719784 -3.0640495242550973e-05 4.8524725571041927e-06 2.6632909867931461e-06 -5.8821118727792058e-06 -1.3005868822801859e-06 -1.3507498806575315e-06 1.95121428987477e-06
leaf_weight=61 61 69 72 63 62 61 61 66 62 61 61 62 62 62 61 63 68 61 62 62 62 61 62 61 61 123 61 62 62 62
leaf_count=61 61 69 72 63 62 61 61 66 62 61 61 62 62 62 61 63 68 61 62 62 62 61 62 61 61 123 61 62 62 62
internal_value=3.71258e-12 -0.00132097 0.000516262 -0.000264198 0.00022694 -0.00172573 0.000167967 0.000618372 6.70693e-05 -1.044e-05 0.000109232 -0.000373836 5.35442e-05 -8.70668e-06 0.000104919 -3.13871e-05 -0.000193096 1.72754e-05 0.000692815 -2.62591e-05 0.000441604 -0.000687935 -5.97363e-05 -2.67736e-06 6.90371e-06 4.25659e-06 -1.08415e-06 1.75093e-06 1.31804e-06 1.29532e-06
internal_weight=2000 562 1438 493 369 124 1366 250 1116 993 747 246 685 308 246 562 130 432 123 369 123 123 123 307 185 246 184 123 185 123
internal_count=2000 562 1438 493 369 124 1366 250 1116 993 747 246 685 308 246 562 130 432 123 369 123 123 123 307 185 246 184 123 185 123
is_linear=0
shrinkage=0.1


Tree=91
num_leaves=31
num_cat=0
split_feature=7 8 5 4 1 4 6 9 2 1 0 9 10 0 0 0 0 0 0 7 6 0 4 1 0 0 0 0 0 0
split_gain=0.138399 0.644964 0.46885 0.0235913 0.0145047 0.0084957 0.00552879 0.00346815 0.00299784 0.00486115 0.00246933 0.00177749 0.00150667 0.00103207 0.00100453 0.000753902 0.000297056 0.000100056 5.57071e-05 4.51611e-05 1.55236e-05 1.38136e-05 1.54566e-06 5.81094e-07 5.47791e-07 4.69495e-07 7.34639e-08 4.68847e-08 2.0964e-08 2.00454e-09
threshold=11.500000000000002 21.500000000000004 18.500000000000004 30.500000000000004 29.500000000000004 1.0000000180025095e-35 29.500000000000004 30.500000000000004 13.500000000000002 7.5000000000000009 20.500000000000004 11.500000000000002 24.500000000000004 13.500000000000002 7.5000000000000009 27.500000000000004 12.500000000000002 24.500000000000004 26.500000000000004 1.5000000000000002 1.0000000180025095e-35 11.500000000000002 1.5000000000000002 24.500000000000004 14.500000000000002 22.500000000000004 9.5000000000000018 5.5000000000000009 8.5000000000000018 23.500000000000004
decision_type=2 2 2 2 2 2 2 2 2 2 2 2 2 2 2 2 2 2 2 2 2 2 2 2 2 2 2 2 2 2
left_child=2 6 -1 4 5 -4 7 8 11 13 -8 12 15 16 -6 18 21 20 -2 -7 -14 -10 -21 26 -15 -22 28 -25 -24 -27
right_child=1 -3 3 -5 14 19 10 -9 9 -11 -12 -13 17 24 -16 -17 -18 -19 -20 22 25 -23 23 27 -26 29 -28 -29 -30 -31
leaf_value=-0.0087463983619171706 0.0004562021301286977 0.0099007240790893458 0.0012750842608511448 -0.0021184818819165231 -0.0013269628398120403 9.262124595908164e-05 -9.8459317814558755e-05 -0.00056443121284246447 0.0003619598457589746 0.001232085685940489 -0.0009909608626678106 -0.00040603973567698815 5.6697009131312374e-05 3.6869163159281017e-05 -0.00075538801029324538 1.1851696763187647e-05 0.00059807896614074709 -0.00012872403021901846 0.00033995215781033042 1.5413550136145206e-05 -8.3332182839512828e-06 0.00029493349138647322 1.756092933646869e-06 -5.2939005399821328e-06 5.0216645468026401e-05 1.9899700419045986e-06 -1.1705282304319554e-06 -9.2146176029928039e-06 4.3672254832927139e-06 2.7973892429145053e-06
leaf_weight=72 123 71 61 62 62 63 62 62 61 63 62 69 62 62 61 61 61 62 62 62 61 62 62 61 61 61 62 61 61 62
leaf_count=72 123 71 61 62 62 63 62 62 61 63 62 69 62 62 61 61 61 62 62 62 61 62 62 61 61 61 62 61 61 62
internal_value=-8.80973e-12 0.000644359 -0.00107393 -0.000259156 -7.20158e-05 0.000170362 8.69354e-05 0.000161176 0.000206481 0.000431943 -0.00054471 7.25793e-05 0.000132191 0.000267744 -0.0010435 0.000316719 0.000417653 -1.51921e-05 0.000417243 1.43714e-05 1.34216e-05 0.000328174 1.01172e-06 -1.89679e-06 4.34886e-05 -1.16033e-06 1.63625e-06 -7.25426e-06 3.05104e-06 2.39696e-06
internal_weight=2000 1250 750 678 616 493 1179 1055 993 370 124 623 554 307 123 246 184 308 185 432 246 123 369 307 123 184 185 122 123 123
internal_count=2000 1250 750 678 616 493 1179 1055 993 370 124 623 554 307 123 246 184 308 185 432 246 123 369 307 123 184 185 122 123 123
is_linear=0
shrinkage=0.1


Tree=92
num_leaves=31
num_cat=0
split_feature=9 2 1 2 8 4 1 9 0 11 0 10 0 6 10 0 5 4 0 0 3 1 0 1 0 0 0 0 1 0
split_gain=0.129034 0.440559 0.15511 0.159771 0.0789581 0.0251255 0.0117668 0.0187641 0.0085918 0.00956118 0.00574278 0.004869 0.00262396 0.0020717 0.0015704 0.0011386 0.000821945 0.0002384 0.000211104 0.000206537 7.55506e-05 5.55019e-05 3.34496e-05 1.09239e-05 8.01438e-06 7.52177e-07 4.43711e-07 3.95206e-07 2.07683e-07 2.8588e-09
threshold=25.500000000000004 25.500000000000004 7.5000000000000009 23.500000000000004 8.5000000000000018 30.500000000000004 29.500000000000004 20.500000000000004 30.500000000000004 15.500000000000002 29.500000000000004 10.500000000000002 15.500000000000002 30.500000000000004 1.5000000000000002 16.500000000000004 1.0000000180025095e-35 15.500000000000002 13.500000000000002 17.500000000000004 29.500000000000004 12.500000000000002 26.500000000000004 13.500000000000002 28.500000000000004 27.500000000000004 14.500000000000002 1.0000000180025095e-35 24.500000000000004 23.500000000000004
decision_type=2 2 2 2 2 2 2 2 2 2 2 2 2 2 2 2 2 2 2 2 2 2 2 2 2 2 2 2 2 2
left_child=2 -2 3 -1 -4 6 7 8 9 11 13 -6 16 14 22 -13 -3 -16 -18 -17 21 -19 -11 -23 25 27 -20 -25 29 -29
right_child=1 12 4 -5 5 -7 -8 -9 -10 10 -12 15 -14 -15 17 19 18 20 26 -21 -22 23 -24 24 -26 -27 -28 28 -30 -31
leaf_value=-0.0069956763625352485 0.0090209781619678461 0.00053827106021344664 -0.0034256646539742018 -1.0534753528190778e-06 0.0013872687810010489 -0.0019066337496042253 -0.0011942665092647077 0.0018586241608511155 0.0012753448449075223 0.0004102576989680529 -0.001017648819833994 1.3872195268049836e-05 -0.0005079880822449923 -0.00057565243914723394 -0.00021114409467951523 0.000670074624940753 0.00026544015854597093 -8.861339301802218e-05 3.3182246261276306e-05 0.00041090087033808232 -0.00011585162719711662 5.1027309382334352e-05 0.00030595692805945873 -8.696319127921015e-06 3.9388297591358426e-05 1.066652694134973e-05 4.5194983249530198e-05 1.6848726824637717e-06 -4.7645105951232842e-06 2.517650318623055e-06
leaf_weight=69 67 61 68 62 62 62 62 66 62 61 61 62 62 61 66 61 62 62 62 62 62 62 62 61 62 61 61 123 61 62
leaf_count=69 67 61 68 62 62 62 62 66 62 61 61 62 62 61 66 61 62 62 62 62 62 62 62 61 62 61 61 123 61 62
internal_value=-1.09721e-12 0.00167204 -0.000385856 -0.00368524 -9.65524e-05 6.21991e-05 0.000151691 0.000215785 0.00012806 6.74711e-05 -7.98382e-05 0.000620329 7.34115e-05 -1.378e-05 2.87967e-05 0.0003633 0.000219943 -3.05186e-05 0.000114981 0.000539434 -1.11659e-05 5.49853e-07 0.000357683 1.17859e-05 6.1278e-06 5.24134e-07 3.91398e-05 -1.49113e-06 2.95522e-07 1.96397e-06
internal_weight=2000 375 1625 131 1494 1426 1364 1302 1236 1174 927 247 308 866 805 185 246 682 185 123 616 554 123 492 430 368 123 307 246 185
internal_count=2000 375 1625 131 1494 1426 1364 1302 1236 1174 927 247 308 866 805 185 246 682 185 123 616 554 123 492 430 368 123 307 246 185
is_linear=0
shrinkage=0.1


Tree=93
num_leaves=31
num_cat=0
split_feature=3 11 4 11 1 0 0 0 1 9 5 0 1 6 2 0 4 1 0 0 6 0 0 2 0 0 0 0 0 0
split_gain=0.122298 0.679181 0.423113 0.0328416 0.00910546 0.00823901 0.00541072 0.00490427 0.00285005 0.00332109 0.00201543 0.00201278 0.0037451 0.00108984 0.000970136 0.00115719 0.00240379 0.00037164 0.0002898 0.000167295 5.53447e-05 7.68646e-06 6.31249e-06 2.91245e-06 7.9104e-07 7.46524e-07 5.5939e-07 1.67641e-07 9.99021e-08 8.47198e-08
threshold=8.5000000000000018 23.500000000000004 21.500000000000004 21.500000000000004 28.500000000000004 30.500000000000004 4.5000000000000009 29.500000000000004 1.0000000180025095e-35 1.5000000000000002 1.0000000180025095e-35 6.5000000000000009 30.500000000000004 30.500000000000004 29.500000000000004 11.500000000000002 6.5000000000000009 18.500000000000004 13.500000000000002 17.500000000000004 29.500000000000004 22.500000000000004 28.500000000000004 3.5000000000000004 27.500000000000004 14.500000000000002 9.5000000000000018 1.0000000180025095e-35 1.5000000000000002 21.500000000000004
decision_type=2 2 2 2 2 2 2 2 2 2 2 2 2 2 2 2 2 2 2 2 2 2 2 2 2 2 2 2 2 2
left_child=1 -1 3 4 6 7 -2 17 -8 19 -11 -6 -13 14 15 16 26 -3 -17 -10 21 23 24 -20 27 -25 -12 -19 -29 -27
right_child=2 5 -4 -5 11 -7 8 -9 9 10 13 12 -14 -15 -16 18 -18 22 20 -21 -22 -23 -24 25 -26 29 -28 28 -30 -31
leaf_value=-0.010392369120053842 0.0010088489390909672 0.00027536123525351286 0.0080160142680052934 0.0022241066378689764 -0.00019415557617321613 0.0011478103697299957 0.00070349816232919695 -0.00091588394716382029 0.00060306712985038759 0.00048444396816194057 1.2484975741244853e-05 -0.0014365600303761544 -0.00033728275448083881 -0.00051808715797960756 -0.0004571892786771059 0.00023889613803476097 -0.00074126806716914438 -7.8266872151289132e-06 1.3614512863568963e-05 0.00036981080193072559 -7.9752050805836919e-05 1.9468009779258153e-06 3.5449469578452408e-05 2.9864022508263588e-05 9.5998744654934867e-06 4.0675484342500567e-05 -9.4812785391695806e-07 1.4119963452685626e-06 -4.2880594264715912e-06 4.5924578444100916e-05
leaf_weight=71 61 62 71 69 61 62 61 61 61 61 62 63 61 61 62 62 66 61 61 62 62 123 62 62 61 61 62 62 61 62
leaf_count=71 61 62 71 69 61 62 61 61 61 61 62 63 61 61 62 62 66 61 61 62 62 123 62 62 61 61 62 62 61 62
internal_value=-5.13137e-13 -0.0012493 0.000489463 9.82588e-05 -1.48357e-05 7.01214e-05 9.32366e-05 -8.52663e-05 4.00945e-05 -7.81859e-07 -6.97686e-05 -0.000664438 -0.000895787 -0.000111713 -7.84392e-05 -4.40577e-05 -0.000253728 5.20444e-05 3.67484e-05 0.000485491 7.66917e-06 2.23578e-05 6.94464e-06 3.25633e-05 -2.6883e-07 3.88113e-05 5.76842e-06 -3.54052e-06 -1.41486e-06 4.33214e-05
internal_weight=2000 563 1437 1366 1297 492 1112 430 1051 990 867 185 124 806 745 683 190 369 493 123 431 369 307 246 245 185 124 184 123 123
internal_count=2000 563 1437 1366 1297 492 1112 430 1051 990 867 185 124 806 745 683 190 369 493 123 431 369 307 246 245 185 124 184 123 123
is_linear=0
shrinkage=0.1


Tree=94
num_leaves=31
num_cat=0
split_feature=9 1 8 1 0 4 1 9 0 9 4 0 0 3 6 0 5 3 0 1 2 0 1 0 0 1 0 0 0 0
split_gain=0.119107 0.454356 0.270232 0.053239 0.00709718 0.00602281 0.00440271 0.00373723 0.00329906 0.00269863 0.00213741 0.00186907 0.00149963 0.00135256 0.0012969 0.000772868 0.000539278 0.00037184 0.000138505 9.31929e-05 0.000111565 3.43482e-05 6.96968e-06 4.85119e-06 8.59653e-07 4.13185e-07 2.91119e-07 1.35789e-07 8.09207e-08 2.07312e-08
threshold=23.500000000000004 6.5000000000000009 8.5000000000000018 8.5000000000000018 30.500000000000004 1.0000000180025095e-35 29.500000000000004 20.500000000000004 29.500000000000004 1.5000000000000002 30.500000000000004 9.5000000000000018 11.500000000000002 29.500000000000004 30.500000000000004 10.500000000000002 1.0000000180025095e-35 1.0000000180025095e-35 13.500000000000002 12.500000000000002 1.5000000000000002 25.500000000000004 13.500000000000002 28.500000000000004 4.5000000000000009 18.500000000000004 14.500000000000002 1.0000000180025095e-35 1.5000000000000002 27.500000000000004
decision_type=2 2 2 2 2 2 2 2 2 2 2 2 2 2 2 2 2 2 2 2 2 2 2 2 2 2 2 2 2 2
left_child=2 11 -1 -4 5 -5 7 8 9 -7 13 -2 15 14 17 -13 -14 -11 -18 20 -19 -15 -21 24 27 -26 -20 -24 -29 -27
right_child=1 -3 3 4 -6 6 -8 -9 -10 10 -12 12 16 21 -16 -17 18 19 26 22 -22 -23 23 -25 25 29 -28 28 -30 -31
leaf_value=-0.0065120980336463886 0.00063314833678305158 0.0088079727800296891 -0.0028793247361831808 0.00090796397998929026 0.0010330293327569962 0.00056672471146734934 -0.00093118390068411836 0.00067650401306309507 -0.00082429554313421258 0.00024782512336969377 -0.00067673344165086746 -8.5331503214547415e-07 0.00043599954806268216 -0.00032667713239789011 -0.00046627847477793695 -0.00050220713019371037 0.00021500652655959129 1.225306186825037e-05 2.6877620257437229e-05 4.1332119144499303e-05 -0.00017534546610532386 -0.00043236948549747468 -7.0440190029330558e-06 3.1904521165415645e-05 1.7521208634221931e-06 1.1236478167120368e-05 3.6607935908250513e-05 1.2707967471214943e-06 -3.8592534110648558e-06 8.6398868006654084e-06
leaf_weight=70 61 70 68 61 62 63 62 64 61 62 62 62 61 62 61 61 62 61 62 62 66 61 61 62 123 62 61 62 61 61
leaf_count=70 61 70 68 61 62 63 62 64 61 62 62 62 61 62 61 61 62 61 62 62 66 61 61 62 123 62 61 62 61 61
internal_value=8.27808e-12 0.00133664 -0.000445546 -0.000148582 -1.22449e-05 -6.20964e-05 -0.000109856 -6.65911e-05 -0.000109321 -6.78631e-05 -0.000108287 0.000120373 3.56052e-05 -7.02677e-05 -2.30219e-05 -0.000249492 0.000178154 1.33693e-05 9.31346e-05 -7.97621e-06 -8.52391e-05 -0.000379094 9.73568e-06 5.75402e-06 1.98348e-06 5.85043e-06 3.17032e-05 -3.18647e-06 -1.27337e-06 9.94874e-06
internal_weight=2000 500 1500 1430 1362 1300 1239 1177 1113 1052 989 430 369 927 804 123 246 743 185 681 127 123 554 492 430 246 123 184 123 123
internal_count=2000 500 1500 1430 1362 1300 1239 1177 1113 1052 989 430 369 927 804 123 246 743 185 681 127 123 554 492 430 246 123 184 123 123
is_linear=0
shrinkage=0.1


Tree=95
num_leaves=31
num_cat=0
split_feature=5 0 4 9 2 4 8 1 0 4 3 6 4 0 7 0 0 1 3 0 0 0 5 6 0 0 0 0 0 0
split_gain=0.105932 0.653748 0.491232 0.00937209 0.00475853 0.00460417 0.00435016 0.00285214 0.00285087 0.00165025 0.00107878 0.0011444 0.000576275 0.000645774 0.000519445 0.000737223 0.000454191 0.000249571 0.000198964 0.000182483 0.00017883 0.000150558 5.46866e-05 5.00877e-05 2.84062e-06 1.5332e-06 3.67016e-07 1.09989e-07 6.55458e-08 3.22525e-08
threshold=17.500000000000004 12.500000000000002 9.5000000000000018 30.500000000000004 30.500000000000004 1.0000000180025095e-35 1.5000000000000002 29.500000000000004 29.500000000000004 30.500000000000004 24.500000000000004 2.5000000000000004 7.5000000000000009 10.500000000000002 18.500000000000004 18.500000000000004 20.500000000000004 28.500000000000004 1.0000000180025095e-35 14.500000000000002 11.500000000000002 8.5000000000000018 9.5000000000000018 3.5000000000000004 25.500000000000004 28.500000000000004 9.5000000000000018 1.0000000180025095e-35 1.5000000000000002 27.500000000000004
decision_type=2 2 2 2 2 2 2 2 2 2 2 2 2 2 2 2 2 2 2 2 2 2 2 2 2 2 2 2 2 2
left_child=2 5 -1 4 8 -2 21 9 10 12 14 22 13 17 19 -16 -13 26 -17 -4 27 -7 -12 -18 -25 29 -8 -14 -29 -20
right_child=1 -3 3 -5 -6 6 7 -9 -10 -11 11 16 20 -15 15 18 23 -19 25 -21 -22 -23 -24 24 -26 -27 -28 28 -30 -31
leaf_value=-0.0086929912554283804 0.00081716766580939302 0.0096879569445981802 -0.00020527737245121149 -0.0012922676280140877 0.00083069289103150374 0.00034765531308948998 1.0112830204889179e-05 -0.00083806542679667475 -0.00074186604470014581 -0.00060906009748578076 0.00011614778324858184 -5.4242298938333994e-05 -6.3396168116014454e-06 -0.00045198644511401653 0.00045150352848900691 0.00022304260637611152 -0.00029400940984487535 -0.0002423904137685895 1.1027755681425334e-05 3.2947142608463763e-05 0.00019350587390363217 0.00056983348913490777 1.5769087551190041e-06 -0.00041965059936046603 -0.00038913253229111433 2.8714069048874081e-05 -7.6798360169050286e-07 1.1437170542194508e-06 -3.4733282518573108e-06 7.7758981205988679e-06
leaf_weight=71 61 76 68 62 61 61 62 62 61 62 63 62 61 61 63 62 62 61 61 61 62 61 123 61 61 62 62 62 61 61
leaf_count=71 61 76 68 62 61 61 62 62 61 62 63 62 61 61 63 62 62 61 61 61 62 61 123 61 61 62 62 62 61 61
internal_value=-4.7612e-13 0.000825222 -0.000641839 -9.9494e-05 -2.49457e-05 -1.77918e-05 -8.68061e-05 -0.000194853 -8.10079e-05 -0.000122869 -3.46719e-05 -0.000146797 -6.16015e-05 -0.000169828 7.59168e-05 0.00014628 -0.000288323 -7.67915e-05 6.81136e-05 -9.26286e-05 4.66247e-05 0.000458744 4.03832e-05 -0.000367198 -0.000404392 1.59092e-05 4.67242e-06 -2.86782e-06 -1.14604e-06 9.40183e-06
internal_weight=2000 875 1125 1054 992 799 738 616 931 554 870 432 492 246 438 309 246 185 246 129 246 122 186 184 122 184 124 184 123 122
internal_count=2000 875 1125 1054 992 799 738 616 931 554 870 432 492 246 438 309 246 185 246 129 246 122 186 184 122 184 124 184 123 122
is_linear=0
shrinkage=0.1


Tree=96
num_leaves=31
num_cat=0
split_feature=9 1 8 1 0 5 4 1 7 4 0 3 10 6 0 6 0 0 4 0 0 0 0 0 1 0 0 0 1 0
split_gain=0.120493 0.556922 0.28722 0.0169897 0.0105107 0.00757065 0.0042758 0.00260782 0.0021559 0.001583 0.0015047 0.0010833 0.00114558 0.000833893 0.000601007 0.000539719 0.000742018 0.000507078 0.000285766 0.000370992 7.72662e-05 2.25358e-05 1.15535e-05 2.58926e-06 3.38032e-06 6.97853e-07 3.23788e-07 1.70123e-07 8.94005e-08 1.88621e-09
threshold=22.500000000000004 14.500000000000002 9.5000000000000018 9.5000000000000018 15.500000000000002 1.0000000180025095e-35 1.0000000180025095e-35 29.500000000000004 30.500000000000004 30.500000000000004 9.5000000000000018 29.500000000000004 1.5000000000000002 30.500000000000004 11.500000000000002 17.500000000000004 19.500000000000004 10.500000000000002 17.500000000000004 5.5000000000000009 13.500000000000002 25.500000000000004 30.500000000000004 28.500000000000004 13.500000000000002 14.500000000000002 27.500000000000004 1.0000000180025095e-35 24.500000000000004 23.500000000000004
decision_type=2 2 2 2 2 2 2 2 2 2 2 2 2 2 2 2 2 2 2 2 2 2 2 2 2 2 2 2 2 2
left_child=2 4 -1 -4 5 -2 -5 8 9 11 -7 12 -8 15 17 18 -17 -12 19 -14 -16 -13 23 24 -20 -22 27 -26 29 -29
right_child=1 -3 3 6 -6 10 7 -9 -10 -11 14 21 13 -15 20 16 -18 -19 22 -21 25 -23 -24 -25 26 -27 -28 28 -30 -31
leaf_value=-0.0066865418099758909 0.0012616987340152265 0.0095872796785884673 -0.0016921988519691469 0.00073545086197555074 -0.0011630408465862275 0.00051285014487802984 0.00042045273862424356 -0.00075425892136991033 -0.00066767940297722821 -0.00054815411567687988 -6.9118518695177047e-07 -0.00026460848748683931 9.1015477664768692e-06 -0.00037768555339425804 0.00017415528418496251 0.000438481593693492 -4.8818069626577201e-05 -0.00040678777731955056 2.5584129616618156e-05 -0.00033412545235478319 4.4717593118548395e-05 -0.00035021929070353511 -3.9069310878403486e-05 2.584266185294837e-05 -5.7056553487200293e-06 2.9652428929693999e-05 6.9983085268177097e-06 1.0618575628526504e-06 -3.125995499431156e-06 1.7383021258865484e-06
leaf_weight=71 61 70 69 61 62 61 63 62 61 62 62 62 62 61 62 63 62 61 62 64 62 61 62 62 61 61 61 123 61 62
leaf_count=71 61 70 69 61 62 61 63 62 61 62 62 62 62 61 62 63 62 61 62 64 62 61 62 62 61 61 61 123 61 62
internal_value=-1.13223e-12 0.00124158 -0.000485237 -0.00016315 5.41889e-05 0.000229696 -8.18678e-05 -0.000122172 -8.88194e-05 -5.71224e-05 5.90945e-05 -2.81833e-05 8.74091e-06 -2.12104e-05 -3.07727e-05 5.80199e-06 0.000196781 -0.000202089 -2.93044e-05 -0.000165236 8.31293e-05 -0.000307066 1.6114e-06 6.73783e-06 3.98318e-06 3.72463e-05 3.43884e-07 -9.78331e-07 1.93892e-07 1.28856e-06
internal_weight=2000 562 1438 1367 492 430 1298 1237 1175 1114 369 1052 929 866 308 805 125 123 680 126 185 123 554 492 430 123 368 307 246 185
internal_count=2000 562 1438 1367 492 430 1298 1237 1175 1114 369 1052 929 866 308 805 125 123 680 126 185 123 554 492 430 123 368 307 246 185
is_linear=0
shrinkage=0.1


Tree=97
num_leaves=31
num_cat=0
split_feature=6 8 8 2 5 2 4 1 7 7 8 0 4 3 2 4 0 1 3 0 0 0 0 0 0 0 0 0 1 0
split_gain=0.121039 0.5441 0.52086 0.0106436 0.00808358 0.00655952 0.00370254 0.00191683 0.00159399 0.0013642 0.00176187 0.00146234 0.00117223 0.000778427 0.000709807 0.000579442 0.000505484 0.000192231 0.00014089 0.000125922 3.23189e-05 1.8254e-05 8.14945e-06 2.79444e-06 5.65261e-07 3.08285e-07 2.62268e-07 1.378e-07 7.24144e-08 1.52783e-09
threshold=18.500000000000004 13.500000000000002 12.500000000000002 30.500000000000004 1.0000000180025095e-35 29.500000000000004 1.0000000180025095e-35 29.500000000000004 30.500000000000004 10.500000000000002 3.5000000000000004 10.500000000000002 30.500000000000004 29.500000000000004 1.0000000180025095e-35 15.500000000000002 5.5000000000000009 13.500000000000002 1.0000000180025095e-35 13.500000000000002 18.500000000000004 25.500000000000004 30.500000000000004 28.500000000000004 14.500000000000002 19.500000000000004 27.500000000000004 1.0000000180025095e-35 24.500000000000004 23.500000000000004
decision_type=2 2 2 2 2 2 2 2 2 2 2 2 2 2 2 2 2 2 2 2 2 2 2 2 2 2 2 2 2 2
left_child=1 -1 3 4 -2 9 -3 8 12 -6 11 -11 13 15 -12 16 -8 -17 -19 -16 24 -15 23 26 -21 -22 27 -20 29 -29
right_child=2 6 -4 -5 5 -7 7 -9 -10 10 14 -13 -14 21 19 17 -18 18 22 20 25 -23 -24 -25 -26 -27 -28 28 -30 -31
leaf_value=-0.0090070267711855386 0.0011355288326740265 0.00066190576180815699 0.009060524503648696 0.0014162777923047544 0.00047983104182827864 -0.0010467368178069592 8.1913924077525745e-06 -0.00067883301526308062 -0.00060091149061918263 -6.2206668189901397e-07 0.00040022679604589939 -0.0006874424848525274 -0.00049333870410919192 -0.0002381476340815425 0.00015673974994570019 0.00020097726882095375 -0.0003880095190312992 0.00015869307098910214 -5.1350896683288745e-06 4.0245836134999995e-05 -3.3923180308192971e-05 -0.00031519734766334296 -3.5162377753295007e-05 2.325839741388336e-05 2.6687185163609686e-05 -4.3936262954957783e-05 6.2984778196550911e-06 9.5567178268390662e-07 -2.8133958039688881e-06 1.5644720406271519e-06
leaf_weight=73 61 61 72 61 62 62 62 62 61 62 62 62 62 62 62 63 67 62 61 62 61 61 62 62 61 62 61 123 61 62
leaf_count=73 61 61 72 61 62 62 62 62 61 62 62 62 62 62 62 63 67 62 61 62 61 61 62 62 61 62 61 123 61 62
internal_value=2.21448e-12 -0.000643158 0.000940975 0.000150965 3.72913e-05 -7.11107e-05 -9.55682e-05 -0.000139407 -0.000105693 3.76821e-05 -1.78103e-05 -0.000344032 -7.32455e-05 -4.32734e-05 9.15182e-05 -4.84234e-06 -0.000197587 3.54561e-05 1.66332e-05 2.93755e-05 -2.7244e-06 -0.000276359 -1.2686e-06 3.61841e-06 3.35216e-05 -3.89704e-05 3.09496e-07 -8.80497e-07 1.74503e-07 1.1597e-06
internal_weight=2000 1188 812 740 679 618 1115 1054 992 556 494 124 931 869 370 746 129 617 554 308 246 123 492 430 123 123 368 307 246 185
internal_count=2000 1188 812 740 679 618 1115 1054 992 556 494 124 931 869 370 746 129 617 554 308 246 123 492 430 123 123 368 307 246 185
is_linear=0
shrinkage=0.1


Tree=98
num_leaves=31
num_cat=0
split_feature=9 1 8 1 6 0 5 4 6 6 7 6 0 4 3 0 0 4 0 3 0 0 0 1 0 0 0 0 1 0
split_gain=0.1125 0.524258 0.231628 0.0127657 0.00827187 0.00694876 0.00491614 0.00270114 0.0018579 0.00175816 0.00127717 0.00121593 0.000950847 0.000937373 0.000616063 0.000341797 0.000270869 0.000213393 0.000223117 0.000109129 5.06943e-05 1.47858e-05 8.34878e-06 5.4708e-06 2.2635e-06 4.57862e-07 2.12437e-07 1.11618e-07 5.86557e-08 1.23754e-09
threshold=22.500000000000004 14.500000000000002 9.5000000000000018 9.5000000000000018 30.500000000000004 15.500000000000002 1.0000000180025095e-35 1.0000000180025095e-35 17.500000000000004 16.500000000000004 30.500000000000004 29.500000000000004 9.5000000000000018 30.500000000000004 29.500000000000004 11.500000000000002 10.500000000000002 13.500000000000002 5.5000000000000009 1.0000000180025095e-35 13.500000000000002 25.500000000000004 30.500000000000004 13.500000000000002 28.500000000000004 14.500000000000002 27.500000000000004 1.0000000180025095e-35 24.500000000000004 23.500000000000004
decision_type=2 2 2 2 2 2 2 2 2 2 2 2 2 2 2 2 2 2 2 2 2 2 2 2 2 2 2 2 2 2
left_child=2 5 -1 -4 7 6 -2 -5 9 10 13 -10 -8 14 17 16 -14 18 -9 -19 -17 -16 23 -21 26 -22 27 -25 29 -29
right_child=1 -3 3 4 -6 -7 12 8 11 -11 -12 -13 15 -15 21 20 -18 19 -20 22 25 -23 -24 24 -26 -27 -28 28 -30 -31
leaf_value=-0.0060377878071346753 0.0010219759307801724 0.0092969571902150553 -0.0015050397126301043 0.00059571517631411557 -0.0012459694407880306 -0.00094206314533948907 0.00041358200833201413 7.372253458015621e-06 0.0005818333416755195 -0.00064248501485775385 -0.00054082032293081286 -3.9542638114653533e-05 -5.5986001825658602e-07 -0.000444004824385047 -0.00021433287765830757 0.00014106577727943659 -0.00029736475553363565 0.00014282376505434514 -0.00026090608368958194 3.4809829738815245e-05 3.6221250775270163e-05 -0.00028367761988192799 -3.1646140269003811e-05 -4.6215805923566227e-06 2.0932557526975872e-05 2.4018467229325324e-05 5.6686298194108534e-06 8.6010462600677232e-07 -2.5320563509012576e-06 1.4080247638048605e-06
leaf_weight=71 61 70 69 61 61 62 61 62 64 63 61 62 62 62 62 62 61 62 62 63 62 61 62 61 62 61 61 123 61 62
leaf_count=71 61 70 69 61 61 62 61 62 64 63 61 62 62 62 62 62 61 62 62 63 62 61 62 61 62 61 61 123 61 62
internal_value=-1.03936e-11 0.0011997 -0.000468867 -0.000179626 -0.000109168 4.76506e-05 0.000190353 -5.31094e-05 -8.67644e-05 -0.000130305 -9.7613e-05 0.000276077 5.28766e-05 -6.84169e-05 -4.14649e-05 -1.85618e-05 -0.000147756 -7.06173e-06 -0.000126767 1.69957e-05 6.73347e-05 -0.000248723 2.93925e-06 7.28873e-06 3.25657e-06 3.01695e-05 2.78546e-07 -7.92448e-07 1.57053e-07 1.04373e-06
internal_weight=2000 562 1438 1367 1298 492 430 1237 1176 1050 987 126 369 926 864 308 123 741 124 617 185 123 555 493 430 123 368 307 246 185
internal_count=2000 562 1438 1367 1298 492 430 1237 1176 1050 987 126 369 926 864 308 123 741 124 617 185 123 555 493 430 123 368 307 246 185
is_linear=0
shrinkage=0.1


Tree=99
num_leaves=31
num_cat=0
split_feature=6 8 8 2 2 5 4 2 1 7 7 8 0 4 3 4 0 1 0 3 0 0 0 0 0 0 0 0 1 0
split_gain=0.110032 0.522422 0.414704 0.0189017 0.00538778 0.00422169 0.00242319 0.00152375 0.00124417 0.00122768 0.00104927 0.000805081 0.00103996 0.000772287 0.000514817 0.000392471 0.000338152 0.000150399 0.000110932 9.24377e-05 4.10624e-05 1.19765e-05 8.67816e-06 5.34685e-06 1.83343e-06 3.70868e-07 1.72074e-07 9.04105e-08 4.75111e-08 1.00241e-09
threshold=18.500000000000004 13.500000000000002 12.500000000000002 30.500000000000004 29.500000000000004 1.0000000180025095e-35 1.0000000180025095e-35 1.0000000180025095e-35 29.500000000000004 10.500000000000002 30.500000000000004 3.5000000000000004 10.500000000000002 30.500000000000004 29.500000000000004 15.500000000000002 5.5000000000000009 13.500000000000002 18.500000000000004 1.0000000180025095e-35 13.500000000000002 25.500000000000004 19.500000000000004 30.500000000000004 28.500000000000004 14.500000000000002 27.500000000000004 1.0000000180025095e-35 24.500000000000004 23.500000000000004
decision_type=2 2 2 2 2 2 2 2 2 2 2 2 2 2 2 2 2 2 2 2 2 2 2 2 2 2 2 2 2 2
left_child=1 -1 3 4 5 -2 -3 -7 10 -9 13 12 -11 14 15 16 -8 -17 20 -19 -13 -16 -20 24 26 -22 27 -21 29 -29
right_child=2 6 -4 -5 -6 7 8 9 -10 11 -12 18 -14 -15 21 17 -18 19 22 23 25 -23 -24 -25 -26 -27 -28 28 -30 -31
leaf_value=-0.0088087787073462803 0.00091977836564183235 0.00053614368662238123 0.0081422048957190581 0.0018784288316965104 -0.00084785679355263714 0.00051070805639028547 6.6350279666949067e-06 0.00040089514729897344 -0.00054670125246047974 -5.0387402552587444e-07 -0.00048673828132450581 0.00012695919722318649 -0.00057970300099001297 -0.00039960434660315516 -0.00019289958290755749 0.00017653026831924632 -0.00031741905380596423 0.00012854138622060419 -8.8714197045192125e-05 -4.1594226786401128e-06 3.2599124824628238e-05 -0.00025530986022204161 -3.558837343007326e-05 -2.8481526533141734e-05 1.8839300901163371e-05 2.1616621233988555e-05 5.1017668738495559e-06 7.7409416680745739e-07 -2.2788506612414497e-06 1.2672222510445864e-06
leaf_weight=73 61 61 72 61 62 62 62 62 62 62 61 62 62 62 62 63 67 62 61 61 62 61 62 62 62 61 61 123 61 62
leaf_count=73 61 61 72 61 62 62 62 62 62 62 61 62 62 62 62 63 67 62 61 61 62 61 62 62 62 61 61 123 61 62
internal_value=-3.40747e-12 -0.000613217 0.00089717 0.000192248 4.07645e-05 0.000130059 -7.66468e-05 4.34168e-05 -0.000112112 -1.52311e-05 -8.49501e-05 -7.49529e-05 -0.000290103 -5.86245e-05 -3.42969e-05 -3.04329e-06 -0.000161672 3.01222e-05 1.16662e-05 1.34729e-05 6.06012e-05 -0.000223851 -6.19353e-05 -1.02757e-06 2.93091e-06 2.71525e-05 2.50691e-07 -7.13203e-07 1.41347e-07 9.39359e-07
internal_weight=2000 1188 812 740 679 617 1115 556 1054 494 992 432 124 931 869 746 129 617 308 554 185 123 123 492 430 123 368 307 246 185
internal_count=2000 1188 812 740 679 617 1115 556 1054 494 992 432 124 931 869 746 129 617 308 554 185 123 123 492 430 123 368 307 246 185
is_linear=0
shrinkage=0.1


end of trees

feature_importances:
Column_0=1238
Column_1=336
Column_3=231
Column_6=190
Column_2=182
Column_4=177
Column_9=150
Column_5=136
Column_8=127
Column_7=103
Column_10=65
Column_11=65

parameters:
[boosting: gbdt]
[objective: regression]
[metric: l2]
[tree_learner: serial]
[device_type: cpu]
[data_sample_strategy: bagging]
[data: small.csv]
[valid: ]
[num_iterations: 100]
[learning_rate: 0.1]
[num_leaves: 31]
[num_threads: 1]
[seed: 0]
[deterministic: 1]
[force_col_wise: 0]
[force_row_wise: 1]
[histogram_pool_size: -1]
[max_depth: -1]
[min_data_in_leaf: 20]
[min_sum_hessian_in_leaf: 0]
[bagging_fraction: 1]
[pos_bagging_fraction: 1]
[neg_bagging_fraction: 1]
[bagging_freq: 0]
[bagging_seed: 3]
[bagging_by_query: 0]
[feature_fraction: 1]
[feature_fraction_bynode: 1]
[feature_fraction_seed: 2]
[extra_trees: 0]
[extra_seed: 6]
[early_stopping_round: 0]
[early_stopping_min_delta: 0]
[first_metric_only: 0]
[max_delta_step: 0]
[lambda_l1: 0]
[lambda_l2: 0]
[linear_lambda: 0]
[min_gain_to_split: 0]
[drop_rate: 0.1]
[max_drop: 50]
[skip_drop: 0.5]
[xgboost_dart_mode: 0]
[uniform_drop: 0]
[drop_seed: 4]
[top_rate: 0.2]
[other_rate: 0.1]
[min_data_per_group: 100]
[max_cat_threshold: 32]
[cat_l2: 10]
[cat_smooth: 10]
[max_cat_to_onehot: 4]
[top_k: 20]
[monotone_constraints: ]
[monotone_constraints_method: basic]
[monotone_penalty: 0]
[feature_contri: ]
[forcedsplits_filename: ]
[refit_decay_rate: 0.9]
[cegb_tradeoff: 1]
[cegb_penalty_split: 0]
[cegb_penalty_feature_lazy: ]
[cegb_penalty_feature_coupled: ]
[path_smooth: 0]
[interaction_constraints: ]
[verbosity: 1]
[saved_feature_importance_type: 0]
[use_quantized_grad: 0]
[num_grad_quant_bins: 4]
[quant_train_renew_leaf: 0]
[stochastic_rounding: 1]
[linear_tree: 0]
[max_bin: 255]
[max_bin_by_feature: ]
[min_data_in_bin: 1]
[bin_construct_sample_cnt: 200000]
[data_random_seed: 1]
[is_enable_sparse: 1]
[enable_bundle: 1]
[use_missing: 1]
[zero_as_missing: 0]
[feature_pre_filter: 1]
[pre_partition: 0]
[two_round: 0]
[header: 0]
[label_column: 0]
[weight_column: ]
[group_column: ]
[ignore_column: ]
[categorical_feature: ]
[forcedbins_filename: ]
[precise_float_parser: 0]
[parser_config_file: ]
[objective_seed: 5]
[num_class: 1]
[is_unbalance: 0]
[scale_pos_weight: 1]
[sigmoid: 1]
[boost_from_average: 1]
[reg_sqrt: 0]
[alpha: 0.9]
[fair_c: 1]
[poisson_max_delta_step: 0.7]
[tweedie_variance_power: 1.5]
[lambdarank_truncation_level: 30]
[lambdarank_norm: 1]
[label_gain: ]
[lambdarank_position_bias_regularization: 0]
[eval_at: ]
[multi_error_top_k: 1]
[auc_mu_weights: ]
[num_machines: 1]
[local_listen_port: 12400]
[time_out: 120]
[machine_list_filename: ]
[machines: ]
[gpu_platform_id: -1]
[gpu_device_id: -1]
[gpu_use_dp: 0]
[num_gpu: 1]

end of parameters
